{
"type": "FeatureCollection",
"name": "gymnasia_points",
"crs": { "type": "name", "properties": { "name": "urn:ogc:def:crs:OGC:1.3:CRS84" } },
"features": [
{ "type": "Feature", "properties": { "fid": 1, "mm_id": 1014874, "name": "1ο ΗΜΕΡΗΣΙΟ ΓΥΜΝΑΣΙΟ ΓΡΕΒΕΝΩΝ" }, "geometry": { "type": "Point", "coordinates": [ 21.425098, 40.080635 ] } },
{ "type": "Feature", "properties": { "fid": 2, "mm_id": 1014875, "name": "2ο ΗΜΕΡΗΣΙΟ ΓΥΜΝΑΣΙΟ ΓΡΕΒΕΝΩΝ" }, "geometry": { "type": "Point", "coordinates": [ 21.435431, 40.084594 ] } },
{ "type": "Feature", "properties": { "fid": 3, "mm_id": 1014877, "name": "ΓΥΜΝΑΣΙΟ ΔΕΣΚΑΤΗΣ" }, "geometry": { "type": "Point", "coordinates": [ 21.811506, 39.921968 ] } },
{ "type": "Feature", "properties": { "fid": 4, "mm_id": 1025479, "name": "ΕΣΠΕΡΙΝΟ ΓΥΜΝΑΣΙΟ ΓΡΕΒΕΝΩΝ" }, "geometry": { "type": "Point", "coordinates": [ 21.43549, 40.084668 ] } },
{ "type": "Feature", "properties": { "fid": 5, "mm_id": 1014878, "name": "ΗΜΕΡΗΣΙΟ ΓΥΜΝΑΣΙΟ ΚΑΡΠΕΡΟΥ ΓΡΕΒΕΝΩΝ" }, "geometry": { "type": "Point", "coordinates": [ 21.61859, 39.94827 ] } },
{ "type": "Feature", "properties": { "fid": 6, "mm_id": 1001057, "name": "ΓΥΜΝΑΣΙΟ ΙΘΑΚΗΣ" }, "geometry": { "type": "Point", "coordinates": [ 20.721512, 38.36263 ] } },
{ "type": "Feature", "properties": { "fid": 7, "mm_id": 1013035, "name": "ΗΜΕΡΗΣΙΟ ΓΥΜΝΑΣΙΟ ΑΓΙΟΥ ΚΗΡΥΚΟΥ ΙΚΑΡΙΑΣ ΣΑΜΟΥ" }, "geometry": { "type": "Point", "coordinates": [ 26.287138, 37.612129 ] } },
{ "type": "Feature", "properties": { "fid": 8, "mm_id": 1014293, "name": "ΗΜΕΡΗΣΙΟ ΓΥΜΝΑΣΙΟ ΕΥΔΗΛΟΥ ΙΚΑΡΙΑΣ" }, "geometry": { "type": "Point", "coordinates": [ 26.178978, 37.62894 ] } },
{ "type": "Feature", "properties": { "fid": 9, "mm_id": 1001242, "name": "ΗΜΕΡΗΣΙΟ ΓΥΜΝΑΣΙΟ ΚΑΙ ΛΥΚΕΙΑΚΕΣ ΤΑΞΕΙΣ ΡΑΧΩΝ ΙΚΑΡΙΑΣ" }, "geometry": { "type": "Point", "coordinates": [ 26.076385, 37.599083 ] } },
{ "type": "Feature", "properties": { "fid": 10, "mm_id": 1001240, "name": "ΗΜΕΡΗΣΙΟ ΓΥΜΝΑΣΙΟ ΜΕ ΛΥΚΕΙΑΚΕΣ ΤΑΞΕΙΣ ΦΟΥΡΝΩΝ" }, "geometry": { "type": "Point", "coordinates": [ 26.482243, 37.576579 ] } },
{ "type": "Feature", "properties": { "fid": 11, "mm_id": 1001122, "name": "ΓΥΜΝΑΣΙΟ με Λ.Τ. ΣΕΡΙΦΟΥ" }, "geometry": { "type": "Point", "coordinates": [ 24.514538, 37.141507 ] } },
{ "type": "Feature", "properties": { "fid": 12, "mm_id": 1001094, "name": "ΓΥΜΝΑΣΙΟ ΜΕ ΛΥΚΕΙΑΚΕΣ ΤΑΞΕΙΣ ΚΙΜΩΛΟΥ" }, "geometry": { "type": "Point", "coordinates": [ 24.573895, 36.791196 ] } },
{ "type": "Feature", "properties": { "fid": 13, "mm_id": 1018907, "name": "ΓΥΜΝΑΣΙΟ ΜΕ ΛΥΚΕΙΑΚΕΣ ΤΑΞΕΙΣ ΣΙΦΝΟΥ - \"ΝΙΚΟΛΑΟΣ Γ. ΠΡΟΜΠΟΝΑΣ\"" }, "geometry": { "type": "Point", "coordinates": [ 24.723982, 36.970013 ] } },
{ "type": "Feature", "properties": { "fid": 14, "mm_id": 1001090, "name": "ΓΥΜΝΑΣΙΟ ΜΗΛΟΥ" }, "geometry": { "type": "Point", "coordinates": [ 24.425926, 36.743335 ] } },
{ "type": "Feature", "properties": { "fid": 15, "mm_id": 1014516, "name": "1ο ΓΥΜΝΑΣΙΟ ΑΡΓΟΥΣ - ΜΠΟΥΣΟΥΛΟΠΟΥΛΕΙΟ" }, "geometry": { "type": "Point", "coordinates": [ 22.727034, 37.632516 ] } },
{ "type": "Feature", "properties": { "fid": 16, "mm_id": 1014512, "name": "1ο ΗΜΕΡΗΣΙΟ ΓΥΜΝΑΣΙΟ ΝΑΥΠΛΙΟΥ ΑΡΓΟΛΙΔΑΣ" }, "geometry": { "type": "Point", "coordinates": [ 22.803683, 37.570089 ] } },
{ "type": "Feature", "properties": { "fid": 17, "mm_id": 1014518, "name": "2ο ΗΜΕΡΗΣΙΟ ΓΥΜΝΑΣΙΟ ΑΡΓΟΥΣ ΑΡΓΟΛΙΔΑΣ" }, "geometry": { "type": "Point", "coordinates": [ 22.73073, 37.642435 ] } },
{ "type": "Feature", "properties": { "fid": 18, "mm_id": 1014513, "name": "2ο ΗΜΕΡΗΣΙΟ ΓΥΜΝΑΣΙΟ ΝΑΥΠΛΙΟΥ ΑΡΓΟΛΙΔΑΣ" }, "geometry": { "type": "Point", "coordinates": [ 22.80405, 37.570736 ] } },
{ "type": "Feature", "properties": { "fid": 19, "mm_id": 1014519, "name": "3ο ΗΜΕΡΗΣΙΟ ΓΥΜΝΑΣΙΟ ΑΡΓΟΥΣ ΑΡΓΟΛΙΔΑΣ" }, "geometry": { "type": "Point", "coordinates": [ 22.731417, 37.642129 ] } },
{ "type": "Feature", "properties": { "fid": 20, "mm_id": 1014520, "name": "4ο ΗΜΕΡΗΣΙΟ ΓΥΜΝΑΣΙΟ ΑΡΓΟΥΣ ΑΡΓΟΛΙΔΑΣ - ΠΟΛΥΚΛΕΙΤΕΙΟ ΓΥΜΝΑΣΙΟ ΑΡΓΟΥΣ" }, "geometry": { "type": "Point", "coordinates": [ 22.723833, 37.635678 ] } },
{ "type": "Feature", "properties": { "fid": 21, "mm_id": 1014522, "name": "ΓΥΜΝΑΣΙΟ ΑΓΙΑΣ ΤΡΙΑΔΑΣ ΑΡΓΟΛΙΔΑΣ" }, "geometry": { "type": "Point", "coordinates": [ 22.81289, 37.640719 ] } },
{ "type": "Feature", "properties": { "fid": 22, "mm_id": 1014525, "name": "ΓΥΜΝΑΣΙΟ ΕΡΜΙΟΝΗΣ" }, "geometry": { "type": "Point", "coordinates": [ 23.239098, 37.390155 ] } },
{ "type": "Feature", "properties": { "fid": 23, "mm_id": 1014530, "name": "ΕΝΙΑΙΟ ΕΙΔΙΚΟ ΕΠΑΓΓΕΛΜΑΤΙΚΟ ΓΥΜΝΑΣΙΟ - ΛΥΚΕΙΟ ΑΡΓΟΛΙΔΑΣ" }, "geometry": { "type": "Point", "coordinates": [ 22.862686, 37.556242 ] } },
{ "type": "Feature", "properties": { "fid": 24, "mm_id": 1014514, "name": "ΗΜΕΡΗΣΙΟ ΓΥΜΝΑΣΙΟ ΔΡΕΠΑΝΟ ΑΡΓΟΛΙΔΑΣ" }, "geometry": { "type": "Point", "coordinates": [ 22.895118, 37.536692 ] } },
{ "type": "Feature", "properties": { "fid": 25, "mm_id": 1018567, "name": "ΗΜΕΡΗΣΙΟ ΓΥΜΝΑΣΙΟ ΚΟΥΤΣΟΠΟΔΙ ΑΡΓΟΛΙΔΑΣ" }, "geometry": { "type": "Point", "coordinates": [ 22.698781, 37.692691 ] } },
{ "type": "Feature", "properties": { "fid": 26, "mm_id": 1014524, "name": "ΗΜΕΡΗΣΙΟ ΓΥΜΝΑΣΙΟ ΚΡΑΝΙΔΙΟΥ ΑΡΓΟΛΙΔΑΣ" }, "geometry": { "type": "Point", "coordinates": [ 23.161819, 37.373873 ] } },
{ "type": "Feature", "properties": { "fid": 27, "mm_id": 1018782, "name": "ΗΜΕΡΗΣΙΟ ΓΥΜΝΑΣΙΟ ΛΥΓΟΥΡΙΟΥ" }, "geometry": { "type": "Point", "coordinates": [ 23.045809, 37.613275 ] } },
{ "type": "Feature", "properties": { "fid": 28, "mm_id": 1014529, "name": "ΗΜΕΡΗΣΙΟ ΓΥΜΝΑΣΙΟ ΝΕΑΣ ΚΙΟΥ ΑΡΓΟΛΙΔΑΣ" }, "geometry": { "type": "Point", "coordinates": [ 22.743658, 37.591108 ] } },
{ "type": "Feature", "properties": { "fid": 29, "mm_id": 1021000, "name": "ΙΔΙΩΤΙΚΟ ΓΥΜΝΑΣΙΟ ΑΥΤΕΝΕΡΓΩ" }, "geometry": { "type": "Point", "coordinates": [ 22.724061, 37.615098 ] } },
{ "type": "Feature", "properties": { "fid": 30, "mm_id": 1020999, "name": "ΙΔΙΩΤΙΚΟ ΗΜΕΡΗΣΙΟ ΓΥΜΝΑΣΙΟ \" ΝΕΟ ΣΧΟΛΕΙΟ\"" }, "geometry": { "type": "Point", "coordinates": [ 22.758199, 37.618697 ] } },
{ "type": "Feature", "properties": { "fid": 31, "mm_id": 1026822, "name": "ΚΑΛΛΙΤΕΧΝΙΚΟ ΓΥΜΝΑΣΙΟ ΑΡΓΟΛΙΔΑΣ" }, "geometry": { "type": "Point", "coordinates": [ 22.836996, 37.711342 ] } },
{ "type": "Feature", "properties": { "fid": 32, "mm_id": 1014517, "name": "ΜΟΥΣΙΚΟ ΓΥΜΝΑΣΙΟ ΠΡΟΣΥΜΝΗ - ΜΟΥΣΙΚΟ ΣΧΟΛΕΙΟ ΑΡΓΟΛΙΔΑΣ" }, "geometry": { "type": "Point", "coordinates": [ 22.833284, 37.712208 ] } },
{ "type": "Feature", "properties": { "fid": 33, "mm_id": 1000768, "name": "1ο ΗΜΕΡΗΣΙΟ ΓΥΜΝΑΣΙΟ ΚΑΛΥΜΝΟΥ -  ΝΙΚΗΦΟΡΕΙΟ" }, "geometry": { "type": "Point", "coordinates": [ 26.970926, 36.957184 ] } },
{ "type": "Feature", "properties": { "fid": 34, "mm_id": 1000780, "name": "1ο ΗΜΕΡΗΣΙΟ ΓΥΜΝΑΣΙΟ ΛΕΡΟΥ - ΜΠΕΛΛΕΝΕΙΟ" }, "geometry": { "type": "Point", "coordinates": [ 26.85518, 37.154032 ] } },
{ "type": "Feature", "properties": { "fid": 35, "mm_id": 1000782, "name": "2ο ΓΥΜΝΑΣΙΟ ΛΕΡΟΥ - «ΑΠΟΣΤΟΛΟΣ ΚΑΙ ΕΛΕΥΘΕΡΙΟΣ ΕΥΑΓΓΕΛΟΥ»" }, "geometry": { "type": "Point", "coordinates": [ 26.852943, 37.132171 ] } },
{ "type": "Feature", "properties": { "fid": 36, "mm_id": 1012027, "name": "2ο ΗΜΕΡΗΣΙΟ ΓΥΜΝΑΣΙΟ ΚΑΛΥΜΝΟΥ" }, "geometry": { "type": "Point", "coordinates": [ 26.978247, 36.956781 ] } },
{ "type": "Feature", "properties": { "fid": 37, "mm_id": 1011975, "name": "3ο ΗΜΕΡΗΣΙΟ ΓΥΜΝΑΣΙΟ ΚΑΛΥΜΝΟΣ" }, "geometry": { "type": "Point", "coordinates": [ 26.961696, 36.964168 ] } },
{ "type": "Feature", "properties": { "fid": 38, "mm_id": 1000792, "name": "ΕΣΠΕΡΙΝΟ ΓΥΜΝΑΣΙΟ - ΛΥΚΕΙΑΚΕΣ ΤΑΞΕΙΣ ΚΑΛΥΜΝΟΥ" }, "geometry": { "type": "Point", "coordinates": [ 26.977172, 36.95458 ] } },
{ "type": "Feature", "properties": { "fid": 39, "mm_id": 1014374, "name": "ΕΣΠΕΡΙΝΟ ΓΥΜΝΑΣΙΟ ΛΥΚΕΙΑΚΕΣ ΤΑΞΕΙΣ ΛΕΡΟΥ" }, "geometry": { "type": "Point", "coordinates": [ 26.855255, 37.154049 ] } },
{ "type": "Feature", "properties": { "fid": 40, "mm_id": 1027048, "name": "ΕΣΠΕΡΙΝΟ ΓΥΜΝΑΣΙΟ ΜΕ ΛΥΚΕΙΑΚΕΣ ΤΑΞΕΙΣ ΑΣΤΥΠΑΛΑΙΑΣ" }, "geometry": { "type": "Point", "coordinates": [ 26.354107, 36.550219 ] } },
{ "type": "Feature", "properties": { "fid": 41, "mm_id": 1012029, "name": "ΗΜΕΡΗΣΙΟ ΓΥΜΝΑΣΙΟ Λ.Τ. ΑΓΑΘΟΝΗΣΙΟΥ" }, "geometry": { "type": "Point", "coordinates": [ 26.971393, 37.458903 ] } },
{ "type": "Feature", "properties": { "fid": 42, "mm_id": 1000770, "name": "ΗΜΕΡΗΣΙΟ ΓΥΜΝΑΣΙΟ ΛΕΙΨΩΝ - ΓΥΜΝΑΣΙΟ Λ.Τ ΛΕΙΨΩΝ" }, "geometry": { "type": "Point", "coordinates": [ 26.773128, 37.297405 ] } },
{ "type": "Feature", "properties": { "fid": 43, "mm_id": 1000788, "name": "ΗΜΕΡΗΣΙΟ ΓΥΜΝΑΣΙΟ ΛΥΚΕΙΑΚΕΣ ΤΑΞΕΙΣ ΑΣΤΥΠΑΛΑΙΑΣ" }, "geometry": { "type": "Point", "coordinates": [ 26.35397, 36.550182 ] } },
{ "type": "Feature", "properties": { "fid": 44, "mm_id": 1012030, "name": "ΗΜΕΡΗΣΙΟ ΓΥΜΝΑΣΙΟ ΠΑΤΜΟY - ΓΕΝΝΕΙΟ" }, "geometry": { "type": "Point", "coordinates": [ 26.540422, 37.315626 ] } },
{ "type": "Feature", "properties": { "fid": 45, "mm_id": 1024702, "name": "ΠΡΟΤΥΠΟ ΕΚΚΛΗΣΙΑΣΤΙΚΟ ΓΥΜΝΑΣΙΟ-ΠΡΟΤΥΠΟ ΕΚΚΛΗΣΙΑΣΤΙΚΟ ΛΥΚΕΙΟ \nΤΗΣ ΠΑΤΜΙΑΔΟΣ ΕΚΚΛΗΣΙΑΣΤΙΚΗΣ ΣΧΟΛΗΣ" }, "geometry": { "type": "Point", "coordinates": [ 26.544331, 37.313568 ] } },
{ "type": "Feature", "properties": { "fid": 46, "mm_id": 1011723, "name": "ΓΥΜΝΑΣΙΟ ΜΕ Λ.Τ. ΓΑΥΡΙΟΥ" }, "geometry": { "type": "Point", "coordinates": [ 24.813691, 37.873896 ] } },
{ "type": "Feature", "properties": { "fid": 47, "mm_id": 1001084, "name": "ΓΥΜΝΑΣΙΟ με Λ.Τ. ΚΟΡΘΙΟΥ" }, "geometry": { "type": "Point", "coordinates": [ 24.948901, 37.764189 ] } },
{ "type": "Feature", "properties": { "fid": 48, "mm_id": 1001083, "name": "ΕΜΠΕΙΡΙΚΕΙΟ ΓΥΜΝΑΣΙΟ ΑΝΔΡΟΥ" }, "geometry": { "type": "Point", "coordinates": [ 24.935215, 37.836382 ] } },
{ "type": "Feature", "properties": { "fid": 49, "mm_id": 1018229, "name": "1ο ΗΜΕΡΗΣΙΟ ΓΥΜΝΑΣΙΟ ΓΥΘΕΙΟΥ ΛΑΚΩΝΙΑΣ" }, "geometry": { "type": "Point", "coordinates": [ 22.55792, 36.761638 ] } },
{ "type": "Feature", "properties": { "fid": 50, "mm_id": 1015758, "name": "1ο ΗΜΕΡΗΣΙΟ ΓΥΜΝΑΣΙΟ ΜΟΛΑΩΝ ΛΑΚΩΝΙΑΣ" }, "geometry": { "type": "Point", "coordinates": [ 22.858504, 36.801938 ] } },
{ "type": "Feature", "properties": { "fid": 51, "mm_id": 1015759, "name": "1ο ΗΜΕΡΗΣΙΟ ΓΥΜΝΑΣΙΟ ΝΕΑΠΟΛΗΣ ΛΑΚΩΝΙΑΣ" }, "geometry": { "type": "Point", "coordinates": [ 23.054428, 36.520458 ] } },
{ "type": "Feature", "properties": { "fid": 52, "mm_id": 1015741, "name": "1ο ΗΜΕΡΗΣΙΟ ΓΥΜΝΑΣΙΟ ΣΠΑΡΤΗΣ" }, "geometry": { "type": "Point", "coordinates": [ 22.432949, 37.070724 ] } },
{ "type": "Feature", "properties": { "fid": 53, "mm_id": 1015742, "name": "2ο ΗΜΕΡΗΣΙΟ ΓΥΜΝΑΣΙΟ ΣΠΑΡΤΗΣ" }, "geometry": { "type": "Point", "coordinates": [ 22.431591, 37.070157 ] } },
{ "type": "Feature", "properties": { "fid": 54, "mm_id": 1015743, "name": "3ο ΗΜΕΡΗΣΙΟ ΓΥΜΝΑΣΙΟ ΣΠΑΡΤΗΣ \"ΤΥΡΤΑΙΟΣ\"" }, "geometry": { "type": "Point", "coordinates": [ 22.430613, 37.06992 ] } },
{ "type": "Feature", "properties": { "fid": 55, "mm_id": 1015746, "name": "4ο ΓΥΜΝΑΣΙΟ ΣΠΑΡΤΗΣ - ΓΙΑΝΝΗΣ ΡΙΤΣΟΣ" }, "geometry": { "type": "Point", "coordinates": [ 22.421191, 37.079225 ] } },
{ "type": "Feature", "properties": { "fid": 56, "mm_id": 1015760, "name": "ΓΥΜΝΑΣΙΟ- ΜΕ ΛΥΚΕΙΑΚΕΣ ΤΑΞΕΙΣ ΞΗΡΟΚΑΜΠΙΟΥ -ΛΑΚΩΝΙΑΣ" }, "geometry": { "type": "Point", "coordinates": [ 22.44907, 36.956894 ] } },
{ "type": "Feature", "properties": { "fid": 57, "mm_id": 1027076, "name": "Ενιαίο Ειδικό Επαγγελματικό Γυμνάσιο - Λύκειο (ΕΝ.Ε.Ε.ΓΥ.-Λ.) Ανατολικής Μάνης" }, "geometry": { "type": "Point", "coordinates": [ 22.494268, 36.843069 ] } },
{ "type": "Feature", "properties": { "fid": 58, "mm_id": 1015748, "name": "ΗΜΕΡΗΣΙΟ ΓΥΜΝΑΣΙΟ ΑΡΕΟΠΟΛΗΣ ΛΑΚΩΝΙΑΣ" }, "geometry": { "type": "Point", "coordinates": [ 22.381887, 36.668613 ] } },
{ "type": "Feature", "properties": { "fid": 59, "mm_id": 1015750, "name": "ΗΜΕΡΗΣΙΟ ΓΥΜΝΑΣΙΟ ΒΛΑΧΙΩΤΗ" }, "geometry": { "type": "Point", "coordinates": [ 22.709461, 36.858897 ] } },
{ "type": "Feature", "properties": { "fid": 60, "mm_id": 1015761, "name": "ΗΜΕΡΗΣΙΟ ΓΥΜΝΑΣΙΟ ΓΕΡΑΚΙΟΥ - ΠΟΥΛΗΜΕΝΑΚΕΙΟΝ ΓΥΜΝΑΣΙΟ ΓΕΡΑΚΙΟΥ" }, "geometry": { "type": "Point", "coordinates": [ 22.697631, 36.995895 ] } },
{ "type": "Feature", "properties": { "fid": 61, "mm_id": 1015764, "name": "ΗΜΕΡΗΣΙΟ ΓΥΜΝΑΣΙΟ ΕΛΑΦΟΝΗΣΟΥ ΛΑΚΩΝΙΑΣ ΜΕ ΠΡΟΣΑΡΤΗΜΕΝΗ Α΄ ΛΥΚΕΙΑΚΗ ΤΑΞΗ" }, "geometry": { "type": "Point", "coordinates": [ 22.97952, 36.508737 ] } },
{ "type": "Feature", "properties": { "fid": 62, "mm_id": 1015753, "name": "ΗΜΕΡΗΣΙΟ ΓΥΜΝΑΣΙΟ ΚΑΣΤΟΡΕΙΟΥ" }, "geometry": { "type": "Point", "coordinates": [ 22.306367, 37.170757 ] } },
{ "type": "Feature", "properties": { "fid": 63, "mm_id": 1015754, "name": "ΗΜΕΡΗΣΙΟ ΓΥΜΝΑΣΙΟ ΚΡΟΚΕΩΝ ΛΑΚΩΝΙΑΣ" }, "geometry": { "type": "Point", "coordinates": [ 22.5462, 36.879503 ] } },
{ "type": "Feature", "properties": { "fid": 64, "mm_id": 1015762, "name": "ΗΜΕΡΗΣΙΟ ΓΥΜΝΑΣΙΟ ΜΟΝΕΜΒΑΣΙΑΣ ΛΑΚΩΝΙΑΣ \"Γιάννης Ρίτσος\"" }, "geometry": { "type": "Point", "coordinates": [ 23.056032, 36.687602 ] } },
{ "type": "Feature", "properties": { "fid": 65, "mm_id": 1018037, "name": "ΗΜΕΡΗΣΙΟ ΓΥΜΝΑΣΙΟ ΠΑΠΑΔΙΑΝΙΚΩΝ ΛΑΚΩΝΙΑΣ" }, "geometry": { "type": "Point", "coordinates": [ 22.856588, 36.720328 ] } },
{ "type": "Feature", "properties": { "fid": 66, "mm_id": 1015755, "name": "ΗΜΕΡΗΣΙΟ ΓΥΜΝΑΣΙΟ ΣΚΑΛΑΣ ΛΑΚΩΝΙΑΣ" }, "geometry": { "type": "Point", "coordinates": [ 22.660516, 36.847253 ] } },
{ "type": "Feature", "properties": { "fid": 67, "mm_id": 1015745, "name": "ΜΟΥΣΙΚΟ ΓΥΜΝΑΣΙΟ ΣΠΑΡΤΗΣ με Λυκειακές Τάξεις Α', Β' και Γ'" }, "geometry": { "type": "Point", "coordinates": [ 22.430614, 37.118982 ] } },
{ "type": "Feature", "properties": { "fid": 68, "mm_id": 1015615, "name": "1ο ΗΜΕΡΗΣΙΟ ΓΥΜΝΑΣΙΟ ΚΟΖΑΝΗΣ - ΒΑΛΤΑΔΩΡΕΙΟ" }, "geometry": { "type": "Point", "coordinates": [ 21.78626, 40.300956 ] } },
{ "type": "Feature", "properties": { "fid": 69, "mm_id": 1015655, "name": "1ο ΗΜΕΡΗΣΙΟ ΓΥΜΝΑΣΙΟ ΠΕΡΔΙΚΚΑ" }, "geometry": { "type": "Point", "coordinates": [ 21.700601, 40.556657 ] } },
{ "type": "Feature", "properties": { "fid": 70, "mm_id": 1015628, "name": "1ο ΗΜΕΡΗΣΙΟ ΓΥΜΝΑΣΙΟ ΠΤΟΛΕΜΑΪΔΑΣ - ΙΩΝ ΔΡΑΓΟΥΜΗΣ" }, "geometry": { "type": "Point", "coordinates": [ 21.681371, 40.509683 ] } },
{ "type": "Feature", "properties": { "fid": 71, "mm_id": 1015616, "name": "2ο ΗΜΕΡΗΣΙΟ ΓΥΜΝΑΣΙΟ ΚΟΖΑΝΗΣ" }, "geometry": { "type": "Point", "coordinates": [ 21.798334, 40.302979 ] } },
{ "type": "Feature", "properties": { "fid": 72, "mm_id": 1015629, "name": "2ο ΗΜΕΡΗΣΙΟ ΓΥΜΝΑΣΙΟ ΠΤΟΛΕΜΑΪΔΑΣ" }, "geometry": { "type": "Point", "coordinates": [ 21.679213, 40.52021 ] } },
{ "type": "Feature", "properties": { "fid": 73, "mm_id": 1015630, "name": "3ο ΗΜΕΡΗΣΙΟ ΓΥΜΝΑΣΙΟ ΠΤΟΛΕΜΑΪΔΑΣ" }, "geometry": { "type": "Point", "coordinates": [ 21.665286, 40.510178 ] } },
{ "type": "Feature", "properties": { "fid": 74, "mm_id": 1015618, "name": "4ο ΗΜΕΡΗΣΙΟ ΓΥΜΝΑΣΙΟ ΚΟΖΑΝΗΣ" }, "geometry": { "type": "Point", "coordinates": [ 21.790308, 40.292234 ] } },
{ "type": "Feature", "properties": { "fid": 75, "mm_id": 1015631, "name": "4ο ΗΜΕΡΗΣΙΟ ΓΥΜΝΑΣΙΟ ΠΤΟΛΕΜΑΪΔΑΣ" }, "geometry": { "type": "Point", "coordinates": [ 21.684306, 40.520562 ] } },
{ "type": "Feature", "properties": { "fid": 76, "mm_id": 1015619, "name": "5ο ΗΜΕΡΗΣΙΟ ΓΥΜΝΑΣΙΟ ΚΟΖΑΝΗΣ" }, "geometry": { "type": "Point", "coordinates": [ 21.798244, 40.30273 ] } },
{ "type": "Feature", "properties": { "fid": 77, "mm_id": 1015632, "name": "5ο ΗΜΕΡΗΣΙΟ ΓΥΜΝΑΣΙΟ ΠΤΟΛΕΜΑΪΔΑΣ \"ΕΥΑΓΟΡΑΣ ΠΑΛΛΗΚΑΡΙΔΗΣ\"" }, "geometry": { "type": "Point", "coordinates": [ 21.673901, 40.50291 ] } },
{ "type": "Feature", "properties": { "fid": 78, "mm_id": 1015620, "name": "6ο ΗΜΕΡΗΣΙΟ ΓΥΜΝΑΣΙΟ ΚΟΖΑΝΗΣ" }, "geometry": { "type": "Point", "coordinates": [ 21.779721, 40.302576 ] } },
{ "type": "Feature", "properties": { "fid": 79, "mm_id": 1015622, "name": "8ο ΗΜΕΡΗΣΙΟ ΓΥΜΝΑΣΙΟ ΚΟΖΑΝΗΣ" }, "geometry": { "type": "Point", "coordinates": [ 21.789836, 40.292075 ] } },
{ "type": "Feature", "properties": { "fid": 80, "mm_id": 1015617, "name": "ΔΗΜΟΣΙΟ ΩΝΑΣΕΙΟ ΣΧΟΛΕΙΟ-ΗΜΕΡΗΣΙΟ ΓΥΜΝΑΣΙΟ ΚΟΖΑΝΗΣ" }, "geometry": { "type": "Point", "coordinates": [ 21.800092, 40.297057 ] } },
{ "type": "Feature", "properties": { "fid": 81, "mm_id": 1015646, "name": "ΕΝΙΑΙΟ ΕΙΔΙΚΟ ΕΠΑΓΓΕΛΜΑΤΙΚΟ ΓΥΜΝΑΣΙΟ  ΛΥΚΕΙΟ ΑΝΩ ΚΩΜΗΣ ΚΟΖΑΝΗΣ" }, "geometry": { "type": "Point", "coordinates": [ 21.831408, 40.225977 ] } },
{ "type": "Feature", "properties": { "fid": 82, "mm_id": 1025353, "name": "ΕΝΙΑΙΟ ΕΙΔΙΚΟ ΕΠΑΓΓΕΛΜΑΤΙΚΟ ΓΥΜΝΑΣΙΟ-ΛΥΚΕΙΟ ΠΤΟΛΕΜΑΪΔΑΣ" }, "geometry": { "type": "Point", "coordinates": [ 21.661107, 40.51517 ] } },
{ "type": "Feature", "properties": { "fid": 83, "mm_id": 1015621, "name": "ΕΣΠΕΡΙΝΟ ΓΥΜΝΑΣΙΟ ΚΟΖΑΝΗΣ ΜΕ ΛΥΚΕΙΑΚΕΣ ΤΑΞΕΙΣ" }, "geometry": { "type": "Point", "coordinates": [ 21.798177, 40.296157 ] } },
{ "type": "Feature", "properties": { "fid": 84, "mm_id": 1015648, "name": "ΗΜΕΡΗΣΙΟ ΓΥΜΝΑΣΙΟ ΑΙΑΝΗΣ ΚΟΖΑΝΗΣ - ΧΡΗΣΤΟΥ ΜΑΝΩΛΗ" }, "geometry": { "type": "Point", "coordinates": [ 21.819526, 40.163769 ] } },
{ "type": "Feature", "properties": { "fid": 85, "mm_id": 1015642, "name": "ΗΜΕΡΗΣΙΟ ΓΥΜΝΑΣΙΟ ΑΝΑΡΡΑΧΗΣ - ΕΜΠΟΡΙΟΥ" }, "geometry": { "type": "Point", "coordinates": [ 21.563158, 40.492746 ] } },
{ "type": "Feature", "properties": { "fid": 86, "mm_id": 1015643, "name": "ΗΜΕΡΗΣΙΟ ΓΥΜΝΑΣΙΟ ΑΝΑΤΟΛΙΚΟΥ - ΓΥΜΝΑΣΙΟ ΑΝΑΤΟΛΙΚΟΥ" }, "geometry": { "type": "Point", "coordinates": [ 21.754614, 40.546754 ] } },
{ "type": "Feature", "properties": { "fid": 87, "mm_id": 1015640, "name": "ΗΜΕΡΗΣΙΟ ΓΥΜΝΑΣΙΟ ΒΕΛΒΕΝΤΟΥ ΚΟΖΑΝΗΣ - ΖΗΝΩΝ ΠΑΠΑΝΑΣΤΑΣΙΟΥ" }, "geometry": { "type": "Point", "coordinates": [ 22.074834, 40.253045 ] } },
{ "type": "Feature", "properties": { "fid": 88, "mm_id": 1015639, "name": "ΗΜΕΡΗΣΙΟ ΓΥΜΝΑΣΙΟ ΓΑΛΑΤΙΝΗΣ ΚΟΖΑΝΗΣ" }, "geometry": { "type": "Point", "coordinates": [ 21.555423, 40.319337 ] } },
{ "type": "Feature", "properties": { "fid": 89, "mm_id": 1026831, "name": "ΗΜΕΡΗΣΙΟ ΓΥΜΝΑΣΙΟ ΕΡΑΤΥΡΑΣ" }, "geometry": { "type": "Point", "coordinates": [ 21.509702, 40.344394 ] } },
{ "type": "Feature", "properties": { "fid": 90, "mm_id": 1015649, "name": "ΗΜΕΡΗΣΙΟ ΓΥΜΝΑΣΙΟ ΚΑΠΝΟΧΩΡΙΟΥ ΚΟΖΑΝΗΣ" }, "geometry": { "type": "Point", "coordinates": [ 21.980719, 40.360081 ] } },
{ "type": "Feature", "properties": { "fid": 91, "mm_id": 1015653, "name": "ΗΜΕΡΗΣΙΟ ΓΥΜΝΑΣΙΟ ΚΡΟΚΟΣ ΚΟΖΑΝΗΣ - ΓΥΜΝΑΣΙΟ ΚΡΟΚΟΥ" }, "geometry": { "type": "Point", "coordinates": [ 21.814623, 40.265797 ] } },
{ "type": "Feature", "properties": { "fid": 92, "mm_id": 1015654, "name": "ΗΜΕΡΗΣΙΟ ΓΥΜΝΑΣΙΟ ΛΕΥΚΟΠΗΓΗΣ ΚΟΖΑΝΗΣ" }, "geometry": { "type": "Point", "coordinates": [ 21.752388, 40.234621 ] } },
{ "type": "Feature", "properties": { "fid": 93, "mm_id": 1015650, "name": "ΗΜΕΡΗΣΙΟ ΓΥΜΝΑΣΙΟ ΛΙΒΑΔΕΡΟΥ ΚΟΖΑΝΗΣ" }, "geometry": { "type": "Point", "coordinates": [ 21.937863, 40.031928 ] } },
{ "type": "Feature", "properties": { "fid": 94, "mm_id": 1015626, "name": "ΗΜΕΡΗΣΙΟ ΓΥΜΝΑΣΙΟ ΝΕΑΠΟΛΗΣ ΚΟΖΑΝΗΣ" }, "geometry": { "type": "Point", "coordinates": [ 21.393996, 40.312341 ] } },
{ "type": "Feature", "properties": { "fid": 95, "mm_id": 1015623, "name": "ΗΜΕΡΗΣΙΟ ΓΥΜΝΑΣΙΟ ΞΗΡΟΛΙΜΝΗΣ ΚΟΖΑΝΗΣ" }, "geometry": { "type": "Point", "coordinates": [ 21.661687, 40.297691 ] } },
{ "type": "Feature", "properties": { "fid": 96, "mm_id": 1015635, "name": "ΗΜΕΡΗΣΙΟ ΓΥΜΝΑΣΙΟ ΣΕΡΒΙΩΝ ΚΟΖΑΝΗΣ" }, "geometry": { "type": "Point", "coordinates": [ 22.002019, 40.188259 ] } },
{ "type": "Feature", "properties": { "fid": 97, "mm_id": 1015637, "name": "ΗΜΕΡΗΣΙΟ ΓΥΜΝΑΣΙΟ ΣΙΑΤΙΣΤΑΣ ΚΟΖΑΝΗΣ - ΤΡΑΜΠΑΝΤΖΕΙΟ" }, "geometry": { "type": "Point", "coordinates": [ 21.551593, 40.261701 ] } },
{ "type": "Feature", "properties": { "fid": 98, "mm_id": 1015636, "name": "ΗΜΕΡΗΣΙΟ ΓΥΜΝΑΣΙΟ ΤΡΑΝΟΒΑΛΤΟΥ ΚΟΖΑΝΗΣ" }, "geometry": { "type": "Point", "coordinates": [ 21.865638, 40.059182 ] } },
{ "type": "Feature", "properties": { "fid": 99, "mm_id": 1018036, "name": "ΗΜΕΡΗΣΙΟ ΓΥΜΝΑΣΙΟ ΤΣΟΤΥΛΙΟΥ-Α' Β' Γ' ΛΥΚΕΙΑΚΕΣ ΤΑΞΕΙΣ" }, "geometry": { "type": "Point", "coordinates": [ 21.326755, 40.260819 ] } },
{ "type": "Feature", "properties": { "fid": 100, "mm_id": 1025539, "name": "ΚΑΛΛΙΤΕΧΝΙΚΟ ΓΥΜΝΑΣΙΟ ΜΕ Λ.Τ. ΚΟΖΑΝΗΣ" }, "geometry": { "type": "Point", "coordinates": [ 21.738358, 40.256437 ] } },
{ "type": "Feature", "properties": { "fid": 101, "mm_id": 1015641, "name": "ΚΑΡΟΥΤΕΙΟ ΔΙΑΠ/ΚΟ Γ/ΣΙΟ ΠΕΝΤΑΛΟΦΟΥ ΜΕ ΛΥΚΕΙΑΚΕΣ ΤΑΞΕΙΣ" }, "geometry": { "type": "Point", "coordinates": [ 21.143783, 40.192437 ] } },
{ "type": "Feature", "properties": { "fid": 102, "mm_id": 1015633, "name": "ΜΟΥΣΙΚΟ ΓΥΜΝΑΣΙΟ ΜΕ Λ.Τ ΠΤΟΛΕΜΑΪΔΑΣ \"ΝΙΚΟΛΑΟΣ ΔΟΥΜΠΑΣ\"" }, "geometry": { "type": "Point", "coordinates": [ 21.686738, 40.508355 ] } },
{ "type": "Feature", "properties": { "fid": 103, "mm_id": 1015638, "name": "Μουσικό Γυμνάσιο με Λυκειακές Τάξεις Σιάτιστας - \"Κωνσταντίνος και Ελένη Παπανικολάου\"" }, "geometry": { "type": "Point", "coordinates": [ 21.555091, 40.252425 ] } },
{ "type": "Feature", "properties": { "fid": 104, "mm_id": 1026659, "name": "Ενιαίο Ειδικό Επαγγελματικό Γυμνάσιο-Λύκειο (ΕΝ.Ε.Ε.ΓΥ.-Λ.) Άμφισσας" }, "geometry": { "type": "Point", "coordinates": [ 22.382727, 38.523763 ] } },
{ "type": "Feature", "properties": { "fid": 105, "mm_id": 1016493, "name": "ΕΣΠΕΡΙΝΟ ΓΥΜΝΑΣΙΟ ΑΜΦΙΣΣΑΣ Λ.Τ." }, "geometry": { "type": "Point", "coordinates": [ 22.379475, 38.52731 ] } },
{ "type": "Feature", "properties": { "fid": 106, "mm_id": 1016490, "name": "ΗΜΕΡΗΣΙΟ ΓΥΜΝΑΣΙΟ ΑΜΦΙΣΣΑΣ ΦΩΚΙΔΑΣ" }, "geometry": { "type": "Point", "coordinates": [ 22.379766, 38.527241 ] } },
{ "type": "Feature", "properties": { "fid": 107, "mm_id": 1016495, "name": "ΗΜΕΡΗΣΙΟ ΓΥΜΝΑΣΙΟ ΓΑΛΑΞΙΔΙΟΥ ΦΩΚΙΔΑΣ" }, "geometry": { "type": "Point", "coordinates": [ 22.3749, 38.370213 ] } },
{ "type": "Feature", "properties": { "fid": 108, "mm_id": 1016501, "name": "ΗΜΕΡΗΣΙΟ ΓΥΜΝΑΣΙΟ ΓΡΑΒΙΑΣ ΦΩΚΙΔΑΣ" }, "geometry": { "type": "Point", "coordinates": [ 22.430494, 38.677526 ] } },
{ "type": "Feature", "properties": { "fid": 109, "mm_id": 1016496, "name": "ΗΜΕΡΗΣΙΟ ΓΥΜΝΑΣΙΟ ΔΕΛΦΩΝ ΦΩΚΙΔΑΣ" }, "geometry": { "type": "Point", "coordinates": [ 22.495924, 38.479264 ] } },
{ "type": "Feature", "properties": { "fid": 110, "mm_id": 1016503, "name": "ΗΜΕΡΗΣΙΟ ΓΥΜΝΑΣΙΟ ΕΡΑΤΕΙΝΗΣ ΜΕ ΛΥΚΕΙΑΚΕΣ ΤΑΞΕΙΣ" }, "geometry": { "type": "Point", "coordinates": [ 22.236231, 38.358251 ] } },
{ "type": "Feature", "properties": { "fid": 111, "mm_id": 1016498, "name": "ΗΜΕΡΗΣΙΟ ΓΥΜΝΑΣΙΟ ΕΥΠΑΛΙΟΥ ΦΩΚΙΔΑΣ" }, "geometry": { "type": "Point", "coordinates": [ 21.92859, 38.418344 ] } },
{ "type": "Feature", "properties": { "fid": 112, "mm_id": 1016494, "name": "ΗΜΕΡΗΣΙΟ ΓΥΜΝΑΣΙΟ ΙΤΕΑΣ ΦΩΚΙΔΑΣ" }, "geometry": { "type": "Point", "coordinates": [ 22.428161, 38.436783 ] } },
{ "type": "Feature", "properties": { "fid": 113, "mm_id": 1016499, "name": "ΗΜΕΡΗΣΙΟ ΓΥΜΝΑΣΙΟ ΛΙΔΩΡΙΚΙΟΥ ΦΩΚΙΔΑΣ" }, "geometry": { "type": "Point", "coordinates": [ 22.200531, 38.528471 ] } },
{ "type": "Feature", "properties": { "fid": 114, "mm_id": 1016502, "name": "ΜΕΛΕΤΕΙΟ ΓΥΜΝΑΣΙΟ ΚΑΙ ΛΥΚΕΙΑΚΕΣ ΤΑΞΕΙΣ ΔΕΣΦΙΝΑΣ" }, "geometry": { "type": "Point", "coordinates": [ 22.52783, 38.418911 ] } },
{ "type": "Feature", "properties": { "fid": 115, "mm_id": 1016492, "name": "ΜΟΥΣΙΚΟ ΣΧΟΛΕΙΟ ΑΜΦΙΣΣΑΣ - \"ΕΛΕΝΗ ΚΑΡΑΪΝΔΡΟΥ\"" }, "geometry": { "type": "Point", "coordinates": [ 22.383053, 38.525257 ] } },
{ "type": "Feature", "properties": { "fid": 116, "mm_id": 1015460, "name": "1ο ΗΜΕΡΗΣΙΟ ΓΥΜΝΑΣΙΟ ΜΟΥΖΑΚΙΟΥ ΚΑΡΔΙΤΣΑΣ" }, "geometry": { "type": "Point", "coordinates": [ 21.668826, 39.43686 ] } },
{ "type": "Feature", "properties": { "fid": 117, "mm_id": 1015457, "name": "1ο ΗΜΕΡΗΣΙΟ ΓΥΜΝΑΣΙΟ ΠΑΛΑΜΑ ΚΑΡΔΙΤΣΑΣ" }, "geometry": { "type": "Point", "coordinates": [ 22.086142, 39.463106 ] } },
{ "type": "Feature", "properties": { "fid": 118, "mm_id": 1015463, "name": "1ο ΗΜΕΡΗΣΙΟ ΓΥΜΝΑΣΙΟ ΣΟΦΑΔΩΝ ΚΑΡΔΙΤΣΑΣ" }, "geometry": { "type": "Point", "coordinates": [ 22.099722, 39.334435 ] } },
{ "type": "Feature", "properties": { "fid": 119, "mm_id": 1015447, "name": "1ο ΠΕΙΡΑΜΑΤΙΚΟ ΓΥΜΝΑΣΙΟ ΚΑΡΔΙΤΣΑΣ" }, "geometry": { "type": "Point", "coordinates": [ 21.935379, 39.360156 ] } },
{ "type": "Feature", "properties": { "fid": 120, "mm_id": 1015448, "name": "2ο ΗΜΕΡΗΣΙΟ ΓΥΜΝΑΣΙΟ ΚΑΡΔΙΤΣΑΣ" }, "geometry": { "type": "Point", "coordinates": [ 21.909641, 39.376485 ] } },
{ "type": "Feature", "properties": { "fid": 121, "mm_id": 1015449, "name": "3ο ΗΜΕΡΗΣΙΟ ΓΥΜΝΑΣΙΟ ΚΑΡΔΙΤΣΑΣ" }, "geometry": { "type": "Point", "coordinates": [ 21.906058, 39.359677 ] } },
{ "type": "Feature", "properties": { "fid": 122, "mm_id": 1015450, "name": "4ο ΗΜΕΡΗΣΙΟ ΓΥΜΝΑΣΙΟ ΚΑΡΔΙΤΣΑΣ" }, "geometry": { "type": "Point", "coordinates": [ 21.936206, 39.359834 ] } },
{ "type": "Feature", "properties": { "fid": 123, "mm_id": 1015451, "name": "5ο ΗΜΕΡΗΣΙΟ ΓΥΜΝΑΣΙΟ ΚΑΡΔΙΤΣΑΣ" }, "geometry": { "type": "Point", "coordinates": [ 21.909617, 39.376285 ] } },
{ "type": "Feature", "properties": { "fid": 124, "mm_id": 1015452, "name": "6ο ΗΜΕΡΗΣΙΟ ΓΥΜΝΑΣΙΟ ΚΑΡΔΙΤΣΑΣ" }, "geometry": { "type": "Point", "coordinates": [ 21.93479, 39.360755 ] } },
{ "type": "Feature", "properties": { "fid": 125, "mm_id": 1015453, "name": "7ο ΗΜΕΡΗΣΙΟ ΓΥΜΝΑΣΙΟ ΚΑΡΔΙΤΣΑΣ" }, "geometry": { "type": "Point", "coordinates": [ 21.93715, 39.374706 ] } },
{ "type": "Feature", "properties": { "fid": 126, "mm_id": 1015477, "name": "ΕΝΙΑΙΟ ΕΙΔΙΚΟ ΕΠΑΓΓΕΛΜΑΤΙΚΟ ΓΥΜΝΑΣΙΟ - ΛΥΚΕΙΟ ΣΟΦΑΔΩΝ" }, "geometry": { "type": "Point", "coordinates": [ 22.1064, 39.324855 ] } },
{ "type": "Feature", "properties": { "fid": 127, "mm_id": 1015454, "name": "ΕΣΠΕΡΙΝΟ ΓΥΜΝΑΣΙΟ-ΛΥΚΕΙΑΚΕΣ ΤΑΞΕΙΣ ΚΑΡΔΙΤΣΑΣ" }, "geometry": { "type": "Point", "coordinates": [ 21.918771, 39.366553 ] } },
{ "type": "Feature", "properties": { "fid": 128, "mm_id": 1015475, "name": "ΗΜΕΡΗΣΙΟ ΓΥΜΝΑΣΙΟ - ΛΥΚΕΙΑΚΕΣ ΤΑΞΕΙΣ ΙΤΕΑΣ ΚΑΡΔΙΤΣΑΣ" }, "geometry": { "type": "Point", "coordinates": [ 22.16756, 39.451218 ] } },
{ "type": "Feature", "properties": { "fid": 129, "mm_id": 1015471, "name": "ΗΜΕΡΗΣΙΟ ΓΥΜΝΑΣΙΟ - ΛΥΚΕΙΑΚΕΣ ΤΑΞΕΙΣ ΜΗΤΡΟΠΟΛΗΣ ΚΑΡΔΙΤΣΑΣ" }, "geometry": { "type": "Point", "coordinates": [ 21.834584, 39.337184 ] } },
{ "type": "Feature", "properties": { "fid": 130, "mm_id": 1015474, "name": "ΗΜΕΡΗΣΙΟ ΓΥΜΝΑΣΙΟ ΚΕΔΡΟΥ ΚΑΡΔΙΤΣΑΣ" }, "geometry": { "type": "Point", "coordinates": [ 22.042526, 39.207427 ] } },
{ "type": "Feature", "properties": { "fid": 131, "mm_id": 1015468, "name": "ΗΜΕΡΗΣΙΟ ΓΥΜΝΑΣΙΟ ΛΕΟΝΤΑΡΙΟΥ ΚΑΡΔΙΤΣΑΣ" }, "geometry": { "type": "Point", "coordinates": [ 22.124629, 39.183958 ] } },
{ "type": "Feature", "properties": { "fid": 132, "mm_id": 1015465, "name": "ΗΜΕΡΗΣΙΟ ΓΥΜΝΑΣΙΟ ΜΑΤΑΡΑΓΚΑΣ" }, "geometry": { "type": "Point", "coordinates": [ 22.073922, 39.394402 ] } },
{ "type": "Feature", "properties": { "fid": 133, "mm_id": 1015467, "name": "ΗΜΕΡΗΣΙΟ ΓΥΜΝΑΣΙΟ ΜΕ ΛΥΚΕΙΑΚΕΣ ΤΑΞΕΙΣ ΜΑΓΟΥΛΑΣ ΚΑΡΔΙΤΣΑΣ" }, "geometry": { "type": "Point", "coordinates": [ 21.801804, 39.45887 ] } },
{ "type": "Feature", "properties": { "fid": 134, "mm_id": 1015472, "name": "ΗΜΕΡΗΣΙΟ ΓΥΜΝΑΣΙΟ ΠΡΟΑΣΤΙΟΥ ΚΑΡΔΙΤΣΑΣ" }, "geometry": { "type": "Point", "coordinates": [ 21.900681, 39.481899 ] } },
{ "type": "Feature", "properties": { "fid": 135, "mm_id": 1015455, "name": "ΜΟΥΣΙΚΟ ΓΥΜΝΑΣΙΟ ΚΑΡΔΙΤΣΑΣ - ΛΥΚΕΙΑΚΕΣ ΤΑΞΕΙΣ" }, "geometry": { "type": "Point", "coordinates": [ 21.918312, 39.381331 ] } },
{ "type": "Feature", "properties": { "fid": 136, "mm_id": 1013949, "name": "1ο ΗΜΕΡΗΣΙΟ ΓΥΜΝΑΣΙΟ ΛΙΒΑΔΟΧΩΡΙΟΥ ΛΗΜΝΟΥ" }, "geometry": { "type": "Point", "coordinates": [ 25.201058, 39.909683 ] } },
{ "type": "Feature", "properties": { "fid": 137, "mm_id": 1001180, "name": "ΕΣΠΕΡΙΝΟ ΓΥΜΝΑΣΙΟ ΜΕ  ΛΥΚΕΙΑΚΕΣ ΤΑΞΕΙΣ ΜΥΡΙΝΑΣ" }, "geometry": { "type": "Point", "coordinates": [ 25.064247, 39.878055 ] } },
{ "type": "Feature", "properties": { "fid": 138, "mm_id": 1013964, "name": "ΗΜΕΡΗΣΙΟ ΓΥΜΝΑΣΙΟ ΑΓΙΟΥ ΕΥΣΤΡΑΤΙΟΥ ΛΕΣΒΟΥ - ΓΥΜΝΑΣΙΟ - ΛΤ ΑΓΙΟΥ ΕΥΣΤΡΑΤΙΟΥ" }, "geometry": { "type": "Point", "coordinates": [ 24.99062, 39.539074 ] } },
{ "type": "Feature", "properties": { "fid": 139, "mm_id": 1013960, "name": "ΗΜΕΡΗΣΙΟ ΓΥΜΝΑΣΙΟ ΜΟΥΔΡΟΥ - ΑΡΓΥΡΙΟΣ ΜΟΣΧΙΔΗΣ" }, "geometry": { "type": "Point", "coordinates": [ 25.272132, 39.877039 ] } },
{ "type": "Feature", "properties": { "fid": 140, "mm_id": 1001178, "name": "ΗΜΕΡΗΣΙΟ ΓΥΜΝΑΣΙΟ ΜΥΡΙΝΑΣ ΛΗΜΝΟΥ" }, "geometry": { "type": "Point", "coordinates": [ 25.062836, 39.88018 ] } },
{ "type": "Feature", "properties": { "fid": 141, "mm_id": 1016114, "name": "1ο ΗΜΕΡΗΣΙΟ ΓΥΜΝΑΣΙΟ ΚΑΤΕΡΙΝΗΣ ΠΙΕΡΙΑΣ" }, "geometry": { "type": "Point", "coordinates": [ 22.513498, 40.264805 ] } },
{ "type": "Feature", "properties": { "fid": 142, "mm_id": 1016115, "name": "2ο ΗΜΕΡΗΣΙΟ ΓΥΜΝΑΣΙΟ ΚΑΤΕΡΙΝΗΣ ΠΙΕΡΙΑΣ" }, "geometry": { "type": "Point", "coordinates": [ 22.512781, 40.265357 ] } },
{ "type": "Feature", "properties": { "fid": 143, "mm_id": 1016116, "name": "3ο ΗΜΕΡΗΣΙΟ ΓΥΜΝΑΣΙΟ ΚΑΤΕΡΙΝΗΣ ΠΙΕΡΙΑΣ" }, "geometry": { "type": "Point", "coordinates": [ 22.501298, 40.28476 ] } },
{ "type": "Feature", "properties": { "fid": 144, "mm_id": 1016118, "name": "5ο ΗΜΕΡΗΣΙΟ ΓΥΜΝΑΣΙΟ ΚΑΤΕΡΙΝΗΣ ΠΙΕΡΙΑΣ" }, "geometry": { "type": "Point", "coordinates": [ 22.513243, 40.269572 ] } },
{ "type": "Feature", "properties": { "fid": 145, "mm_id": 1016119, "name": "6ο ΗΜΕΡΗΣΙΟ ΓΥΜΝΑΣΙΟ ΚΑΤΕΡΙΝΗΣ ΠΙΕΡΙΑΣ - 3901026" }, "geometry": { "type": "Point", "coordinates": [ 22.494883, 40.265497 ] } },
{ "type": "Feature", "properties": { "fid": 146, "mm_id": 1016121, "name": "7ο ΗΜΕΡΗΣΙΟ ΓΥΜΝΑΣΙΟ ΚΑΤΕΡΙΝΗΣ ΠΙΕΡΙΑΣ" }, "geometry": { "type": "Point", "coordinates": [ 22.518612, 40.271363 ] } },
{ "type": "Feature", "properties": { "fid": 147, "mm_id": 1016139, "name": "ΕΝΙΑΙΟ ΕΙΔΙΚΟ ΕΠΑΓΓΕΛΜΑΤΙΚΟ ΓΥΜΝΑΣΙΟ & ΛΥΚΕΙΟ ΚΑΤΕΡΙΝΗΣ (ΕΝ.Ε.Ε.ΓΥ-Λ)" }, "geometry": { "type": "Point", "coordinates": [ 22.506937, 40.260199 ] } },
{ "type": "Feature", "properties": { "fid": 148, "mm_id": 1016120, "name": "ΕΣΠΕΡΙΝΟ ΓΥΜΝΑΣΙΟ ΚΑΤΕΡΙΝΗΣ" }, "geometry": { "type": "Point", "coordinates": [ 22.513232, 40.269924 ] } },
{ "type": "Feature", "properties": { "fid": 149, "mm_id": 1016123, "name": "ΗΜΕΡΗΣΙΟ ΓΥΜΝΑΣΙΟ ΑΙΓΙΝΙΟΥ ΠΙΕΡΙΑΣ" }, "geometry": { "type": "Point", "coordinates": [ 22.538611, 40.499777 ] } },
{ "type": "Feature", "properties": { "fid": 150, "mm_id": 1016127, "name": "ΗΜΕΡΗΣΙΟ ΓΥΜΝΑΣΙΟ ΑΛΩΝΙΑ ΠΙΕΡΙΑΣ" }, "geometry": { "type": "Point", "coordinates": [ 22.550145, 40.389609 ] } },
{ "type": "Feature", "properties": { "fid": 151, "mm_id": 1016133, "name": "ΗΜΕΡΗΣΙΟ ΓΥΜΝΑΣΙΟ ΚΑΤΩ ΜΗΛΙΑΣ ΠΙΕΡΙΑΣ" }, "geometry": { "type": "Point", "coordinates": [ 22.349876, 40.24997 ] } },
{ "type": "Feature", "properties": { "fid": 152, "mm_id": 1016124, "name": "ΗΜΕΡΗΣΙΟ ΓΥΜΝΑΣΙΟ ΚΟΛΙΝΔΡΟΥ ΠΙΕΡΙΑΣ" }, "geometry": { "type": "Point", "coordinates": [ 22.492146, 40.479976 ] } },
{ "type": "Feature", "properties": { "fid": 153, "mm_id": 1016132, "name": "ΗΜΕΡΗΣΙΟ ΓΥΜΝΑΣΙΟ ΚΟΝΤΑΡΙΩΤΙΣΣΑΣ ΠΙΕΡΙΑΣ" }, "geometry": { "type": "Point", "coordinates": [ 22.467808, 40.227935 ] } },
{ "type": "Feature", "properties": { "fid": 154, "mm_id": 1016134, "name": "ΗΜΕΡΗΣΙΟ ΓΥΜΝΑΣΙΟ ΚΟΡΙΝΟΥ ΠΙΕΡΙΑΣ - ΓΥΜΝΑΣΙΟ ΚΟΡΙΝΟΥ" }, "geometry": { "type": "Point", "coordinates": [ 22.592955, 40.319338 ] } },
{ "type": "Feature", "properties": { "fid": 155, "mm_id": 1016128, "name": "ΗΜΕΡΗΣΙΟ ΓΥΜΝΑΣΙΟ ΛΕΠΤΟΚΑΡΥΑΣ ΠΙΕΡΙΑΣ" }, "geometry": { "type": "Point", "coordinates": [ 22.563466, 40.061285 ] } },
{ "type": "Feature", "properties": { "fid": 156, "mm_id": 1016126, "name": "ΗΜΕΡΗΣΙΟ ΓΥΜΝΑΣΙΟ ΛΙΤΟΧΩΡΟΥ ΠΙΕΡΙΑΣ" }, "geometry": { "type": "Point", "coordinates": [ 22.506416, 40.099441 ] } },
{ "type": "Feature", "properties": { "fid": 157, "mm_id": 1016130, "name": "ΗΜΕΡΗΣΙΟ ΓΥΜΝΑΣΙΟ ΜΑΚΡΥΓΙΑΛΟΥ ΠΙΕΡΙΑΣ" }, "geometry": { "type": "Point", "coordinates": [ 22.608262, 40.41757 ] } },
{ "type": "Feature", "properties": { "fid": 158, "mm_id": 1018238, "name": "ΗΜΕΡΗΣΙΟ ΓΥΜΝΑΣΙΟ ΠΕΡΙΣΤΑΣΗΣ ΠΙΕΡΙΑΣ" }, "geometry": { "type": "Point", "coordinates": [ 22.536379, 40.273847 ] } },
{ "type": "Feature", "properties": { "fid": 159, "mm_id": 1016129, "name": "ΗΜΕΡΗΣΙΟ ΓΥΜΝΑΣΙΟ ΠΛΑΤΑΜΩΝΑ ΠΙΕΡΙΑΣ" }, "geometry": { "type": "Point", "coordinates": [ 22.626416, 39.987985 ] } },
{ "type": "Feature", "properties": { "fid": 160, "mm_id": 1016131, "name": "ΗΜΕΡΗΣΙΟ ΓΥΜΝΑΣΙΟ ΡΗΤΙΝΗΣ ΠΙΕΡΙΑΣ" }, "geometry": { "type": "Point", "coordinates": [ 22.283243, 40.286322 ] } },
{ "type": "Feature", "properties": { "fid": 161, "mm_id": 1001233, "name": "ΙΔΙΩΤΙΚΟ ΓΥΜΝΑΣΙΟ ΚΑΤΕΡΙΝΗ - ΓΥΜΝΑΣΙΟ ΠΛΑΤΩΝ" }, "geometry": { "type": "Point", "coordinates": [ 22.501028, 40.302361 ] } },
{ "type": "Feature", "properties": { "fid": 162, "mm_id": 1016113, "name": "ΜΟΥΣΙΚΟ ΣΧΟΛΕΙΟ ΚΑΤΕΡΙΝΗΣ" }, "geometry": { "type": "Point", "coordinates": [ 22.509472, 40.262754 ] } },
{ "type": "Feature", "properties": { "fid": 163, "mm_id": 1014841, "name": "1ο ΗΜΕΡΗΣΙΟ ΓΥΜΝΑΣΙΟ ΑΛΙΑΡΤΟΥ - ΕΛΙΚΩΝΙΔΕΣ ΜΟΥΣΕΣ" }, "geometry": { "type": "Point", "coordinates": [ 23.106416, 38.374584 ] } },
{ "type": "Feature", "properties": { "fid": 164, "mm_id": 1014823, "name": "1ο ΗΜΕΡΗΣΙΟ ΓΥΜΝΑΣΙΟ ΘΗΒΑΣ- ΙΣΜΗΝΙΟ" }, "geometry": { "type": "Point", "coordinates": [ 23.310014, 38.321506 ] } },
{ "type": "Feature", "properties": { "fid": 165, "mm_id": 1014838, "name": "1ο ΗΜΕΡΗΣΙΟ ΓΥΜΝΑΣΙΟ ΚΑΠΑΡΕΛΛΙΟΥ ΒΟΙΩΤΙΑΣ - ΧΡΗΣΤΟΣ ΠΑΠΑΘΑΝΑΣΙΟΥ" }, "geometry": { "type": "Point", "coordinates": [ 23.213257, 38.231502 ] } },
{ "type": "Feature", "properties": { "fid": 166, "mm_id": 1018919, "name": "1ο ΗΜΕΡΗΣΙΟ ΓΥΜΝΑΣΙΟ ΛΙΒΑΔΕΙΑΣ" }, "geometry": { "type": "Point", "coordinates": [ 22.871581, 38.438725 ] } },
{ "type": "Feature", "properties": { "fid": 167, "mm_id": 1016117, "name": "4ο ΗΜΕΡΗΣΙΟ ΓΥΜΝΑΣΙΟ ΚΑΤΕΡΙΝΗΣ ΠΙΕΡΙΑΣ" }, "geometry": { "type": "Point", "coordinates": [ 22.500444, 40.269717 ] } },
{ "type": "Feature", "properties": { "fid": 168, "mm_id": 1014819, "name": "1ο ΗΜΕΡΗΣΙΟ ΓΥΜΝΑΣΙΟ ΟΡΧΟΜΕΝΟΥ ΒΟΙΩΤΙΑΣ" }, "geometry": { "type": "Point", "coordinates": [ 22.977843, 38.500781 ] } },
{ "type": "Feature", "properties": { "fid": 169, "mm_id": 1014824, "name": "2ο ΗΜΕΡΗΣΙΟ ΓΥΜΝΑΣΙΟ ΘΗΒΑΣ - ΠΙΝΔΑΡΕΙΟ ΓΥΜΝΑΣΙΟ ΘΗΒΑΣ" }, "geometry": { "type": "Point", "coordinates": [ 23.321218, 38.322265 ] } },
{ "type": "Feature", "properties": { "fid": 170, "mm_id": 1018584, "name": "2ο ΗΜΕΡΗΣΙΟ ΓΥΜΝΑΣΙΟ ΛΙΒΑΔΕΙΑΣ" }, "geometry": { "type": "Point", "coordinates": [ 22.882477, 38.444037 ] } },
{ "type": "Feature", "properties": { "fid": 171, "mm_id": 1014820, "name": "2ο ΗΜΕΡΗΣΙΟ ΓΥΜΝΑΣΙΟ ΟΡΧΟΜΕΝΟΥ ΒΟΙΩΤΙΑΣ" }, "geometry": { "type": "Point", "coordinates": [ 22.978026, 38.500369 ] } },
{ "type": "Feature", "properties": { "fid": 172, "mm_id": 1014825, "name": "3ο ΗΜΕΡΗΣΙΟ ΓΥΜΝΑΣΙΟ ΘΗΒΩΝ" }, "geometry": { "type": "Point", "coordinates": [ 23.311205, 38.328627 ] } },
{ "type": "Feature", "properties": { "fid": 173, "mm_id": 1014815, "name": "3ο ΗΜΕΡΗΣΙΟ ΓΥΜΝΑΣΙΟ ΛΙΒΑΔΕΙΑΣ" }, "geometry": { "type": "Point", "coordinates": [ 22.870324, 38.442659 ] } },
{ "type": "Feature", "properties": { "fid": 174, "mm_id": 1014826, "name": "4ο ΗΜΕΡΗΣΙΟ ΓΥΜΝΑΣΙΟ ΘΗΒΑΣ \"ΗΡΑΚΛΕΙΟ\"" }, "geometry": { "type": "Point", "coordinates": [ 23.320293, 38.309771 ] } },
{ "type": "Feature", "properties": { "fid": 175, "mm_id": 1014816, "name": "4ο ΗΜΕΡΗΣΙΟ ΓΥΜΝΑΣΙΟ ΛΙΒΑΔΕΙΑΣ - ΠΛΟΥΤΑΡΧΕΙΟ" }, "geometry": { "type": "Point", "coordinates": [ 22.881513, 38.43626 ] } },
{ "type": "Feature", "properties": { "fid": 176, "mm_id": 1014827, "name": "5ο ΗΜΕΡΗΣΙΟ ΓΥΜΝΑΣΙΟ ΘΗΒΑΣ - ΠΕΛΟΠΙΔΕΙΟ" }, "geometry": { "type": "Point", "coordinates": [ 23.323722, 38.327852 ] } },
{ "type": "Feature", "properties": { "fid": 177, "mm_id": 1014846, "name": "ΓΥΜΝΑΣΙΟ ΑΝΤΙΚΥΡΑΣ" }, "geometry": { "type": "Point", "coordinates": [ 22.626739, 38.368696 ] } },
{ "type": "Feature", "properties": { "fid": 178, "mm_id": 1014828, "name": "ΓΥΜΝΑΣΙΟ ΚΑΙ ΛΥΚΕΙΑΚΕΣ ΤΑΞΕΙΣ ΔΟΜΒΡΑΙΝΑΣ" }, "geometry": { "type": "Point", "coordinates": [ 22.982675, 38.25133 ] } },
{ "type": "Feature", "properties": { "fid": 179, "mm_id": 1014849, "name": "ΓΥΜΝΑΣΙΟ ΜΕ ΛΥΚΕΙΑΚΕΣ ΤΑΞΕΙΣ ΑΚΡΑΙΦΝΙΟΥ" }, "geometry": { "type": "Point", "coordinates": [ 23.214473, 38.454526 ] } },
{ "type": "Feature", "properties": { "fid": 180, "mm_id": 1014839, "name": "ΓΥΜΝΑΣΙΟ ΣΧΗΜΑΤΑΡΙΟΥ" }, "geometry": { "type": "Point", "coordinates": [ 23.574275, 38.352072 ] } },
{ "type": "Feature", "properties": { "fid": 181, "mm_id": 1027282, "name": "ΕΝΙΑΙΟ ΕΙΔΙΚΟ ΕΠΑΓΓΕΛΜΑΤΙΚΟ ΓΥΜΝΑΣΙΟ (ΕΝ.Ε.Ε.ΓΥ.-Λ.) ΒΟΙΩΤΙΑΣ" }, "geometry": { "type": "Point", "coordinates": [ 23.057416, 38.371516 ] } },
{ "type": "Feature", "properties": { "fid": 182, "mm_id": 1014829, "name": "ΕΣΠΕΡΙΝΟ ΓΥΜΝΑΣΙΟ ΜΕ Λ.Τ. ΘΗΒΑΣ" }, "geometry": { "type": "Point", "coordinates": [ 23.321587, 38.322371 ] } },
{ "type": "Feature", "properties": { "fid": 183, "mm_id": 1014817, "name": "ΕΣΠΕΡΙΝΟ ΓΥΜΝΑΣΙΟ ΜΕ ΛΥΚΕΙΑΚΕΣ ΤΑΞΕΙΣ ΛΙΒΑΔΕΙΑΣ" }, "geometry": { "type": "Point", "coordinates": [ 22.871747, 38.438615 ] } },
{ "type": "Feature", "properties": { "fid": 184, "mm_id": 1014847, "name": "ΗΜΕΡΗΣΙΟ ΓΥΜΝΑΣΙΟ - Λ.Τ. ΚΥΡΙΑΚΙΟΥ" }, "geometry": { "type": "Point", "coordinates": [ 22.786999, 38.354152 ] } },
{ "type": "Feature", "properties": { "fid": 185, "mm_id": 1014844, "name": "ΗΜΕΡΗΣΙΟ ΓΥΜΝΑΣΙΟ ΑΓΙΟΥ ΓΕΩΡΓΙΟΥ ΒΟΙΩΤΙΑΣ" }, "geometry": { "type": "Point", "coordinates": [ 22.930336, 38.397063 ] } },
{ "type": "Feature", "properties": { "fid": 186, "mm_id": 1014831, "name": "ΗΜΕΡΗΣΙΟ ΓΥΜΝΑΣΙΟ ΑΡΑΧΟΒΑΣ ΒΟΙΩΤΙΑΣ - ΚΑΡΑΪΣΚΑΚΕΙΟ" }, "geometry": { "type": "Point", "coordinates": [ 22.581234, 38.480353 ] } },
{ "type": "Feature", "properties": { "fid": 187, "mm_id": 1014832, "name": "ΗΜΕΡΗΣΙΟ ΓΥΜΝΑΣΙΟ ΒΑΓΙΩΝ ΒΟΙΩΤΙΑΣ - ΜΗΤΡΟΣ ΜΠΙΝΙΑΡΗΣ" }, "geometry": { "type": "Point", "coordinates": [ 23.171177, 38.315368 ] } },
{ "type": "Feature", "properties": { "fid": 188, "mm_id": 1014837, "name": "ΗΜΕΡΗΣΙΟ ΓΥΜΝΑΣΙΟ ΔΙΣΤΟΜΟΥ ΒΟΙΩΤΙΑΣ" }, "geometry": { "type": "Point", "coordinates": [ 22.670555, 38.428786 ] } },
{ "type": "Feature", "properties": { "fid": 189, "mm_id": 1014834, "name": "ΗΜΕΡΗΣΙΟ ΓΥΜΝΑΣΙΟ ΘΕΣΠΙΩΝ" }, "geometry": { "type": "Point", "coordinates": [ 23.150477, 38.307191 ] } },
{ "type": "Feature", "properties": { "fid": 190, "mm_id": 1014843, "name": "ΗΜΕΡΗΣΙΟ ΓΥΜΝΑΣΙΟ ΚΑΙ ΛΥΚΕΙΑΚΕΣ ΤΑΞΕΙΣ ΔΑΥΛΕΙΑΣ ΒΟΙΩΤΙΑΣ" }, "geometry": { "type": "Point", "coordinates": [ 22.728983, 38.516462 ] } },
{ "type": "Feature", "properties": { "fid": 191, "mm_id": 1014842, "name": "ΗΜΕΡΗΣΙΟ ΓΥΜΝΑΣΙΟ ΜΕ Λ.Τ. ΑΣΩΠΙΑΣ ΒΟΙΩΤΙΑΣ" }, "geometry": { "type": "Point", "coordinates": [ 23.497633, 38.301663 ] } },
{ "type": "Feature", "properties": { "fid": 192, "mm_id": 1014840, "name": "ΗΜΕΡΗΣΙΟ ΓΥΜΝΑΣΙΟ ΟΙΝΟΦΥΤΩΝ ΒΟΙΩΤΙΑΣ" }, "geometry": { "type": "Point", "coordinates": [ 23.641381, 38.305514 ] } },
{ "type": "Feature", "properties": { "fid": 193, "mm_id": 1014836, "name": "ΗΜΕΡΗΣΙΟ ΓΥΜΝΑΣΙΟ ΠΥΛΗΣ ΒΟΙΩΤΙΑΣ - ΓΥΜΝΑΣΙΟ ΠΥΛΗΣ ΜΕ ΛΥΚΕΙΑΚΕΣ ΤΑΞΕΙΣ" }, "geometry": { "type": "Point", "coordinates": [ 23.496276, 38.212701 ] } },
{ "type": "Feature", "properties": { "fid": 194, "mm_id": 1025332, "name": "ΜΟΥΣΙΚΟ ΓΥΜΝΑΣΙΟ ΛΙΒΑΔΕΙΑΣ" }, "geometry": { "type": "Point", "coordinates": [ 22.93045, 38.3945 ] } },
{ "type": "Feature", "properties": { "fid": 195, "mm_id": 1016233, "name": "1ο ΗΜΕΡΗΣΙΟ ΓΥΜΝΑΣΙΟ ΚΟΜΟΤΗΝΗΣ ΡΟΔΟΠΗΣ - ΠΡΩΤΟ ΓΥΜΝΑΣΙΟ ΚΟΜΟΤΗΝΗΣ" }, "geometry": { "type": "Point", "coordinates": [ 25.398995, 41.114865 ] } },
{ "type": "Feature", "properties": { "fid": 196, "mm_id": 1016234, "name": "2ο ΗΜΕΡΗΣΙΟ ΓΥΜΝΑΣΙΟ ΚΟΜΟΤΗΝΗΣ" }, "geometry": { "type": "Point", "coordinates": [ 25.406614, 41.108846 ] } },
{ "type": "Feature", "properties": { "fid": 197, "mm_id": 1016235, "name": "3ο ΗΜΕΡΗΣΙΟ ΓΥΜΝΑΣΙΟ ΚΟΜΟΤΗΝΗΣ ΡΟΔΟΠΗΣ" }, "geometry": { "type": "Point", "coordinates": [ 25.394614, 41.120683 ] } },
{ "type": "Feature", "properties": { "fid": 198, "mm_id": 1016236, "name": "4ο ΗΜΕΡΗΣΙΟ ΓΥΜΝΑΣΙΟ ΚΟΜΟΤΗΝΗΣ" }, "geometry": { "type": "Point", "coordinates": [ 25.407332, 41.129533 ] } },
{ "type": "Feature", "properties": { "fid": 199, "mm_id": 1026690, "name": "5ο ΠΕΙΡΑΜΑΤΙΚΟ ΓΥΜΝΑΣΙΟ ΚΟΜΟΤΗΝΗΣ" }, "geometry": { "type": "Point", "coordinates": [ 25.405735, 41.115166 ] } },
{ "type": "Feature", "properties": { "fid": 200, "mm_id": 1016240, "name": "ΓΥΜΝΑΣΙΟ ΔΙΑΠΟΛΙΤΙΣΜΙΚΗΣ ΕΚΠΑΙΔΕΥΣΗΣ ΣΑΠΩΝ" }, "geometry": { "type": "Point", "coordinates": [ 25.702823, 41.022125 ] } },
{ "type": "Feature", "properties": { "fid": 201, "mm_id": 1016243, "name": "ΓΥΜΝΑΣΙΟ ΜΕ Λ.Τ. ΞΥΛΑΓΑΝΗΣ" }, "geometry": { "type": "Point", "coordinates": [ 25.427669, 40.971827 ] } },
{ "type": "Feature", "properties": { "fid": 202, "mm_id": 1025355, "name": "ΕΝΙΑΙΟ ΕΙΔΙΚΟ ΕΠΑΓΓΕΛΜΑΤΙΚΟ ΓΥΜΝΑΣΙΟ-ΛΥΚΕΙΟ ΚΟΜΟΤΗΝΗΣ" }, "geometry": { "type": "Point", "coordinates": [ 25.300101, 41.112345 ] } },
{ "type": "Feature", "properties": { "fid": 203, "mm_id": 1016237, "name": "ΕΣΠΕΡΙΝΟ ΓΥΜΝΑΣΙΟ ΜΕ ΛΥΚΕΙΑΚΕΣ ΤΑΞΕΙΣ ΚΟΜΟΤΗΝΗΣ" }, "geometry": { "type": "Point", "coordinates": [ 25.397155, 41.122072 ] } },
{ "type": "Feature", "properties": { "fid": 204, "mm_id": 1016242, "name": "ΗΜΕΡΗΣΙΟ ΓΥΜΝΑΣΙΟ ΙΑΣΜΟΥ ΡΟΔΟΠΗΣ- ΓΥΜΝΑΣΙΟ" }, "geometry": { "type": "Point", "coordinates": [ 25.178018, 41.124953 ] } },
{ "type": "Feature", "properties": { "fid": 205, "mm_id": 1016244, "name": "ΗΜΕΡΗΣΙΟ ΓΥΜΝΑΣΙΟ ΝΕΑΣ ΚΑΛΛΙΣΤΗΣ ΡΟΔΟΠΗΣ" }, "geometry": { "type": "Point", "coordinates": [ 25.214695, 41.031879 ] } },
{ "type": "Feature", "properties": { "fid": 206, "mm_id": 1016246, "name": "ΗΜΕΡΗΣΙΟ ΓΥΜΝΑΣΙΟ ΟΡΓΑΝΗΣ ΡΟΔΟΠΗΣ" }, "geometry": { "type": "Point", "coordinates": [ 25.684797, 41.253327 ] } },
{ "type": "Feature", "properties": { "fid": 207, "mm_id": 1027116, "name": "ΚΑΛΛΙΤΕΧΝΙΚΟ ΓΥΜΝΑΣΙΟ ΚΟΜΟΤΗΝΗΣ" }, "geometry": { "type": "Point", "coordinates": [ 25.354921, 41.022611 ] } },
{ "type": "Feature", "properties": { "fid": 208, "mm_id": 1020676, "name": "ΜΕΙΟΝΟΤΙΚΟ ΓΥΜΝΑΣΙΟ-ΛΥΚΕΙΟ ΚΟΜΟΤΗΝΗΣ" }, "geometry": { "type": "Point", "coordinates": [ 25.410542, 41.122713 ] } },
{ "type": "Feature", "properties": { "fid": 209, "mm_id": 1018798, "name": "ΜΟΥΣΙΚΟ ΓΥΜΝΑΣΙΟ-ΛΥΚΕΙΟ ΚΟΜΟΤΗΝΗΣ ΡΟΔΟΠΗΣ" }, "geometry": { "type": "Point", "coordinates": [ 25.393116, 41.122688 ] } },
{ "type": "Feature", "properties": { "fid": 210, "mm_id": 1015896, "name": "1ο ΗΜΕΡΗΣΙΟ ΓΥΜΝΑΣΙΟ ΑΓΙΟΥ ΝΙΚΟΛΑΟΥ ΛΑΣΙΘΙΟΥ" }, "geometry": { "type": "Point", "coordinates": [ 25.716165, 35.189749 ] } },
{ "type": "Feature", "properties": { "fid": 211, "mm_id": 1015900, "name": "1ο ΗΜΕΡΗΣΙΟ ΓΥΜΝΑΣΙΟ ΙΕΡΑΠΕΤΡΑΣ ΛΑΣΙΘΙΟΥ" }, "geometry": { "type": "Point", "coordinates": [ 25.743167, 35.012211 ] } },
{ "type": "Feature", "properties": { "fid": 212, "mm_id": 1015905, "name": "1ο ΗΜΕΡΗΣΙΟ ΓΥΜΝΑΣΙΟ ΣΗΤΕΙΑΣ ΛΑΣΙΘΙΟΥ" }, "geometry": { "type": "Point", "coordinates": [ 26.100412, 35.20785 ] } },
{ "type": "Feature", "properties": { "fid": 213, "mm_id": 1015897, "name": "2ο ΗΜΕΡΗΣΙΟ ΓΥΜΝΑΣΙΟ ΑΓΙΟΥ ΝΙΚΟΛΑΟΥ ΛΑΣΙΘΙΟΥ" }, "geometry": { "type": "Point", "coordinates": [ 25.708262, 35.200305 ] } },
{ "type": "Feature", "properties": { "fid": 214, "mm_id": 1015901, "name": "2ο ΗΜΕΡΗΣΙΟ ΓΥΜΝΑΣΙΟ ΙΕΡΑΠΕΤΡΑΣ ΛΑΣΙΘΙΟΥ" }, "geometry": { "type": "Point", "coordinates": [ 25.802074, 35.023236 ] } },
{ "type": "Feature", "properties": { "fid": 215, "mm_id": 1015906, "name": "2ο ΗΜΕΡΗΣΙΟ ΓΥΜΝΑΣΙΟ ΣΗΤΕΙΑΣ ΛΑΣΙΘΙΟΥ" }, "geometry": { "type": "Point", "coordinates": [ 26.100439, 35.208325 ] } },
{ "type": "Feature", "properties": { "fid": 216, "mm_id": 1015898, "name": "3ο ΗΜΕΡΗΣΙΟ ΓΥΜΝΑΣΙΟ ΑΓΙΟΥ ΝΙΚΟΛΑΟΥ" }, "geometry": { "type": "Point", "coordinates": [ 25.707771, 35.200255 ] } },
{ "type": "Feature", "properties": { "fid": 217, "mm_id": 1015902, "name": "3ο ΠΕΙΡΑΜΑΤΙΚΟ ΓΥΜΝΑΣΙΟ ΙΕΡΑΠΕΤΡΑΣ ΛΑΣΙΘΙΟΥ" }, "geometry": { "type": "Point", "coordinates": [ 25.744943, 35.01075 ] } },
{ "type": "Feature", "properties": { "fid": 218, "mm_id": 1015913, "name": "ΓΥΜΝΑΣΙΟ ΚΟΥΤΣΟΥΡΑ" }, "geometry": { "type": "Point", "coordinates": [ 25.929784, 35.034159 ] } },
{ "type": "Feature", "properties": { "fid": 219, "mm_id": 1027166, "name": "Ενιαίο Ειδικό Επαγγελματικό Γυμνάσιο – Λύκειο (ΕΝ.Ε.Ε.ΓΥ.-Λ.) Ιεράπετρας" }, "geometry": { "type": "Point", "coordinates": [ 25.732618, 35.014439 ] } },
{ "type": "Feature", "properties": { "fid": 220, "mm_id": 1015910, "name": "ΗΜΕΡΗΣΙΟ ΓΥΜΝΑΣΙΟ ΚΡΙΤΣΑΣ ΛΑΣΙΘΙΟΥ" }, "geometry": { "type": "Point", "coordinates": [ 25.646192, 35.156425 ] } },
{ "type": "Feature", "properties": { "fid": 221, "mm_id": 1015903, "name": "ΗΜΕΡΗΣΙΟ ΓΥΜΝΑΣΙΟ ΝΕΑΠΟΛΕΩΣ ΛΑΣΙΘΙΟΥ" }, "geometry": { "type": "Point", "coordinates": [ 25.596834, 35.2595 ] } },
{ "type": "Feature", "properties": { "fid": 222, "mm_id": 1015912, "name": "ΗΜΕΡΗΣΙΟ ΓΥΜΝΑΣΙΟ ΠΑΛΑΙΚΑΣΤΡΟΥ ΛΑΣΙΘΙΟΥ - ΓΥΜΝΑΣΙΟ ΠΑΛΑΙΚΑΣΤΡΟΥ" }, "geometry": { "type": "Point", "coordinates": [ 26.249312, 35.201232 ] } },
{ "type": "Feature", "properties": { "fid": 223, "mm_id": 1015908, "name": "ΗΜΕΡΗΣΙΟ ΓΥΜΝΑΣΙΟ ΤΖΕΡΜΙΑΔΩΝ ΛΑΣΙΘΙΟΥ - ΓΥΜΝΑΣΙΟ ΤΖΕΡΜΙΑΔΩΝ" }, "geometry": { "type": "Point", "coordinates": [ 25.490212, 35.197577 ] } },
{ "type": "Feature", "properties": { "fid": 224, "mm_id": 1015911, "name": "ΗΜΕΡΗΣΙΟ ΓΥΜΝΑΣΙΟ ΤΟΥΡΛΩΤΗΣ ΛΑΣΙΘΙΟΥ" }, "geometry": { "type": "Point", "coordinates": [ 25.937408, 35.160855 ] } },
{ "type": "Feature", "properties": { "fid": 225, "mm_id": 1015909, "name": "ΗΜΕΡΗΣΙΟ ΓΥΜΝΑΣΙΟ ΧΑΝΔΡΑ ΛΑΣΙΘΙΟΥ" }, "geometry": { "type": "Point", "coordinates": [ 26.097032, 35.080237 ] } },
{ "type": "Feature", "properties": { "fid": 226, "mm_id": 1026313, "name": "ΜΟΥΣΙΚΟ ΓΥΜΝΑΣΙΟ ΛΑΣΙΘΙΟΥ" }, "geometry": { "type": "Point", "coordinates": [ 25.85839, 35.12253 ] } },
{ "type": "Feature", "properties": { "fid": 227, "mm_id": 1011776, "name": "1ο ΠΕΙΡΑΜΑΤΙΚΟ  ΓΥΜΝΑΣΙΟ ΣΑΜΟΥ ΜΕ ΛΥΚΕΙΑΚΕΣ ΤΑΞΕΙΣ" }, "geometry": { "type": "Point", "coordinates": [ 26.978674, 37.752324 ] } },
{ "type": "Feature", "properties": { "fid": 228, "mm_id": 1001235, "name": "2ο ΗΜΕΡΗΣΙΟ ΓΥΜΝΑΣΙΟ ΣΑΜΟΥ" }, "geometry": { "type": "Point", "coordinates": [ 26.979344, 37.752085 ] } },
{ "type": "Feature", "properties": { "fid": 229, "mm_id": 1001238, "name": "ΗΜΕΡΗΣΙΟ ΓΥΜΝΑΣΙΟ ΚΑΡΛΟΒΑΣΙΟΥ - 4303010" }, "geometry": { "type": "Point", "coordinates": [ 26.706815, 37.795759 ] } },
{ "type": "Feature", "properties": { "fid": 230, "mm_id": 1001243, "name": "ΗΜΕΡΗΣΙΟ ΓΥΜΝΑΣΙΟ ΜΑΡΑΘΟΚΑΜΠΟΥ ΣΑΜΟΥ" }, "geometry": { "type": "Point", "coordinates": [ 26.687981, 37.726067 ] } },
{ "type": "Feature", "properties": { "fid": 231, "mm_id": 1001236, "name": "ΗΜΕΡΗΣΙΟ ΓΥΜΝΑΣΙΟ ΠΥΘΑΓΟΡΕΙΟΥ ΣΑΜΟΥ" }, "geometry": { "type": "Point", "coordinates": [ 26.941777, 37.693331 ] } },
{ "type": "Feature", "properties": { "fid": 232, "mm_id": 1001237, "name": "ΗΜΕΡΗΣΙΟ ΓΥΜΝΑΣΙΟ ΠΥΡΓΟΥ ΣΑΜΟΥ" }, "geometry": { "type": "Point", "coordinates": [ 26.808568, 37.71646 ] } },
{ "type": "Feature", "properties": { "fid": 233, "mm_id": 1025540, "name": "ΜΟΥΣΙΚΟ ΓΥΜΝΑΣΙΟ ΚΑΙ ΛΥΚΕΙΟ ΣΑΜΟΥ" }, "geometry": { "type": "Point", "coordinates": [ 26.973114, 37.745274 ] } },
{ "type": "Feature", "properties": { "fid": 234, "mm_id": 1001118, "name": "ΓΥΜΝΑΣΙΟ ΕΜΠΟΡΕΙΟΥ" }, "geometry": { "type": "Point", "coordinates": [ 25.445104, 36.355392 ] } },
{ "type": "Feature", "properties": { "fid": 235, "mm_id": 1001086, "name": "ΓΥΜΝΑΣΙΟ ΘΗΡΑΣ" }, "geometry": { "type": "Point", "coordinates": [ 25.433759, 36.416222 ] } },
{ "type": "Feature", "properties": { "fid": 236, "mm_id": 1001088, "name": "ΓΥΜΝΆΣΙΟ ΜΕ Λ.Τ. ΑΝΑΦΗΣ - \"Μανώλης Γλέζος\"" }, "geometry": { "type": "Point", "coordinates": [ 25.76803, 36.351447 ] } },
{ "type": "Feature", "properties": { "fid": 237, "mm_id": 1001120, "name": "ΓΥΜΝΑΣΙΟ με Λ.Τ. ΘΗΡΑΣΙΑΣ" }, "geometry": { "type": "Point", "coordinates": [ 25.384497, 36.466359 ] } },
{ "type": "Feature", "properties": { "fid": 238, "mm_id": 1001113, "name": "ΓΥΜΝΑΣΙΟ με Λ.Τ. ΣΙΚΙΝΟΥ" }, "geometry": { "type": "Point", "coordinates": [ 25.117995, 36.695343 ] } },
{ "type": "Feature", "properties": { "fid": 239, "mm_id": 1001092, "name": "ΓΥΜΝΑΣΙΟ με Λ.Τ. ΦΟΛΕΓΑΝΔΡΟΥ" }, "geometry": { "type": "Point", "coordinates": [ 24.921897, 36.627721 ] } },
{ "type": "Feature", "properties": { "fid": 240, "mm_id": 1001119, "name": "ΓΥΜΝΑΣΙΟ ΜΕΣΑΡΙΑΣ" }, "geometry": { "type": "Point", "coordinates": [ 25.450292, 36.398256 ] } },
{ "type": "Feature", "properties": { "fid": 241, "mm_id": 1027285, "name": "ΕΝΙΑΙΟ ΕΙΔΙΚΟ ΕΠΑΓΓΕΛΜΑΤΙΚΟ ΓΥΜΝΑΣΙΟ (ΕΝ.Ε.Ε.ΓΥ.-Λ.) ΘΗΡΑΣ" }, "geometry": { "type": "Point", "coordinates": [ 25.449891, 36.398343 ] } },
{ "type": "Feature", "properties": { "fid": 242, "mm_id": 1018227, "name": "ΗΜΕΡΗΣΙΟ ΓΥΜΝΑΣΙΟ ΜΕ Λ.Τ. ΙΟΥ- ΒΑΛΕΤΕΙΟ" }, "geometry": { "type": "Point", "coordinates": [ 25.278341, 36.724094 ] } },
{ "type": "Feature", "properties": { "fid": 243, "mm_id": 1015935, "name": "1ο ΗΜΕΡΗΣΙΟ ΓΥΜΝΑΣΙΟ ΛΕΥΚΑΔΑΣ" }, "geometry": { "type": "Point", "coordinates": [ 20.708395, 38.828728 ] } },
{ "type": "Feature", "properties": { "fid": 244, "mm_id": 1015936, "name": "2ο ΗΜΕΡΗΣΙΟ ΓΥΜΝΑΣΙΟ ΛΕΥΚΑΔΑΣ" }, "geometry": { "type": "Point", "coordinates": [ 20.698508, 38.835548 ] } },
{ "type": "Feature", "properties": { "fid": 245, "mm_id": 1015939, "name": "ΓΥΜΝΑΣΙΟ ΚΑΙ ΓΕΝΙΚΕΣ ΛΥΚΕΙΑΚΕΣ ΤΑΞΕΙΣ ΒΑΣΙΛΙΚΗΣ" }, "geometry": { "type": "Point", "coordinates": [ 20.607571, 38.627413 ] } },
{ "type": "Feature", "properties": { "fid": 246, "mm_id": 1015938, "name": "ΗΜΕΡΗΣΙΟ ΓΥΜΝΑΣΙΟ & ΛΥΚΕΙΑΚΕΣ ΤΑΞΕΙΣ ΚΑΡΥΑΣ ΛΕΥΚΑΔΑΣ" }, "geometry": { "type": "Point", "coordinates": [ 20.650844, 38.761737 ] } },
{ "type": "Feature", "properties": { "fid": 247, "mm_id": 1015942, "name": "ΗΜΕΡΗΣΙΟ ΓΥΜΝΑΣΙΟ ΜΕ ΛΥΚΕΙΑΚΕΣ ΤΑΞΕΙΣ ΜΕΓΑΝΗΣΙΟΥ ΛΕΥΚΑΔΑΣ - ΤΑΦΙΟ ΓΥΜΝΑΣΙΟ ΜΕΓΑΝΗΣΙΟΥ" }, "geometry": { "type": "Point", "coordinates": [ 20.757443, 38.657905 ] } },
{ "type": "Feature", "properties": { "fid": 248, "mm_id": 1015940, "name": "ΗΜΕΡΗΣΙΟ ΓΥΜΝΑΣΙΟ ΝΥΔΡΙΟΥ ΛΕΥΚΑΔΑΣ" }, "geometry": { "type": "Point", "coordinates": [ 20.706576, 38.709649 ] } },
{ "type": "Feature", "properties": { "fid": 249, "mm_id": 1015937, "name": "ΜΟΥΣΙΚΟ ΓΥΜΝΑΣΙΟ ΛΕΥΚΑΔΑΣ ΚΑΙ ΛΥΚΕΙΑΚΕΣ ΤΑΞΕΙΣ" }, "geometry": { "type": "Point", "coordinates": [ 20.710602, 38.824983 ] } },
{ "type": "Feature", "properties": { "fid": 250, "mm_id": 1011978, "name": "10ο ΗΜΕΡΗΣΙΟ ΓΥΜΝΑΣΙΟ ΒΟΛΟΥ" }, "geometry": { "type": "Point", "coordinates": [ 22.91153, 39.36394 ] } },
{ "type": "Feature", "properties": { "fid": 251, "mm_id": 1027187, "name": "12ο ΗΜΕΡΗΣΙΟ ΓΥΜΝΑΣΙΟ & Λ.Τ. ΒΟΛΟΥ" }, "geometry": { "type": "Point", "coordinates": [ 22.953816, 39.373578 ] } },
{ "type": "Feature", "properties": { "fid": 252, "mm_id": 1027218, "name": "13ο ΗΜΕΡΗΣΙΟ ΓΥΜΝΑΣΙΟ ΒΟΛΟΥ" }, "geometry": { "type": "Point", "coordinates": [ 22.938999, 39.375877 ] } },
{ "type": "Feature", "properties": { "fid": 253, "mm_id": 1018040, "name": "1ο ΗΜΕΡΗΣΙΟ ΓΥΜΝΑΣΙΟ ΑΛΜΥΡΟΥ ΜΑΓΝΗΣΙΑΣ" }, "geometry": { "type": "Point", "coordinates": [ 22.76014, 39.177293 ] } },
{ "type": "Feature", "properties": { "fid": 254, "mm_id": 1013243, "name": "1ο ΗΜΕΡΗΣΙΟ ΓΥΜΝΑΣΙΟ ΒΟΛΟΥ - ΠΑΓΚΥΠΡΙΟ" }, "geometry": { "type": "Point", "coordinates": [ 22.957427, 39.367053 ] } },
{ "type": "Feature", "properties": { "fid": 255, "mm_id": 1013991, "name": "1ο ΗΜΕΡΗΣΙΟ ΓΥΜΝΑΣΙΟ ΖΑΓΟΡΑΣ ΜΑΓΝΗΣΙΑΣ - ΠΟΛΥΜΕΡΕΙΟ" }, "geometry": { "type": "Point", "coordinates": [ 23.102798, 39.439733 ] } },
{ "type": "Feature", "properties": { "fid": 256, "mm_id": 1001203, "name": "1ο ΗΜΕΡΗΣΙΟ ΓΥΜΝΑΣΙΟ ΝΕΑΣ ΙΩΝΙΑΣ ΜΑΓΝΗΣΙΑΣ - ΠΕΙΡΑΜΑΤΙΚΟ" }, "geometry": { "type": "Point", "coordinates": [ 22.939155, 39.379598 ] } },
{ "type": "Feature", "properties": { "fid": 257, "mm_id": 1013986, "name": "2ο ΗΜΕΡΗΣΙΟ ΓΥΜΝΑΣΙΟ ΑΛΜΥΡΟΥ ΜΑΓΝΗΣΙΑΣ" }, "geometry": { "type": "Point", "coordinates": [ 22.767962, 39.186258 ] } },
{ "type": "Feature", "properties": { "fid": 258, "mm_id": 1027188, "name": "2ο ΗΜΕΡΗΣΙΟ ΓΥΜΝΑΣΙΟ ΝΕΑΣ ΑΓΧΙΑΛΟΥ ΜΕ ΛΥΚΕΙΑΚΕΣ ΤΑΞΕΙΣ" }, "geometry": { "type": "Point", "coordinates": [ 22.740914, 39.24764 ] } },
{ "type": "Feature", "properties": { "fid": 259, "mm_id": 1001204, "name": "2ο ΗΜΕΡΗΣΙΟ ΓΥΜΝΑΣΙΟ ΝΕΑΣ ΙΩΝΙΑΣ ΜΑΓΝΗΣΙΑΣ" }, "geometry": { "type": "Point", "coordinates": [ 22.928274, 39.384393 ] } },
{ "type": "Feature", "properties": { "fid": 260, "mm_id": 1017920, "name": "2ο ΠΡΟΤΥΠΟ ΗΜΕΡΗΣΙΟ ΓΥΜΝΑΣΙΟ ΒΟΛΟΥ" }, "geometry": { "type": "Point", "coordinates": [ 22.965296, 39.3516 ] } },
{ "type": "Feature", "properties": { "fid": 261, "mm_id": 1001196, "name": "3ο ΗΜΕΡΗΣΙΟ ΓΥΜΝΑΣΙΟ ΒΟΛΟΥ" }, "geometry": { "type": "Point", "coordinates": [ 22.953442, 39.3661 ] } },
{ "type": "Feature", "properties": { "fid": 262, "mm_id": 1001205, "name": "3ο ΗΜΕΡΗΣΙΟ ΓΥΜΝΑΣΙΟ ΝΕΑΣ ΙΩΝΙΑΣ ΒΟΛΟΥ" }, "geometry": { "type": "Point", "coordinates": [ 22.918171, 39.373593 ] } },
{ "type": "Feature", "properties": { "fid": 263, "mm_id": 1001197, "name": "4ο ΗΜΕΡΗΣΙΟ ΓΥΜΝΑΣΙΟ ΒΟΛΟΥ" }, "geometry": { "type": "Point", "coordinates": [ 22.925423, 39.359508 ] } },
{ "type": "Feature", "properties": { "fid": 264, "mm_id": 1011979, "name": "4ο ΗΜΕΡΗΣΙΟ ΓΥΜΝΑΣΙΟ ΝΕΑΣ ΙΩΝΙΑΣ ΒΟΛΟΥ" }, "geometry": { "type": "Point", "coordinates": [ 22.939097, 39.38787 ] } },
{ "type": "Feature", "properties": { "fid": 265, "mm_id": 1001198, "name": "5ο ΗΜΕΡΗΣΙΟ ΓΥΜΝΑΣΙΟ ΒΟΛΟΥ" }, "geometry": { "type": "Point", "coordinates": [ 22.954369, 39.357818 ] } },
{ "type": "Feature", "properties": { "fid": 266, "mm_id": 1014375, "name": "6ο ΗΜΕΡΗΣΙΟ ΓΥΜΝΑΣΙΟ ΒΟΛΟΥ" }, "geometry": { "type": "Point", "coordinates": [ 22.958177, 39.376416 ] } },
{ "type": "Feature", "properties": { "fid": 267, "mm_id": 1001199, "name": "7ο ΗΜΕΡΗΣΙΟ ΓΥΜΝΑΣΙΟ ΒΟΛΟΥ" }, "geometry": { "type": "Point", "coordinates": [ 22.940592, 39.371099 ] } },
{ "type": "Feature", "properties": { "fid": 268, "mm_id": 1001200, "name": "8ο ΗΜΕΡΗΣΙΟ ΓΥΜΝΑΣΙΟ ΒΟΛΟΥ" }, "geometry": { "type": "Point", "coordinates": [ 22.969681, 39.356868 ] } },
{ "type": "Feature", "properties": { "fid": 269, "mm_id": 1001201, "name": "9ο ΗΜΕΡΗΣΙΟ ΓΥΜΝΑΣΙΟ ΒΟΛΟΥ" }, "geometry": { "type": "Point", "coordinates": [ 22.940483, 39.371298 ] } },
{ "type": "Feature", "properties": { "fid": 270, "mm_id": 1013994, "name": "ΓΥΜΝΑΣΙΟ ΑΡΓΑΛΑΣΤΗΣ - \"ΚΩΣΤΑΣ ΒΑΡΝΑΛΗΣ\"" }, "geometry": { "type": "Point", "coordinates": [ 23.222365, 39.226903 ] } },
{ "type": "Feature", "properties": { "fid": 271, "mm_id": 1014008, "name": "ΕΝΙΑΙΟ ΕΙΔΙΚΟ ΕΠΑΓΓΕΛΜΑΤΙΚΟ ΓΥΜΝΑΣΙΟ - ΛΥΚΕΙΟ Ν. ΙΩΝΙΑΣ ΜΑΓΝΗΣΙΑΣ" }, "geometry": { "type": "Point", "coordinates": [ 22.934553, 39.383123 ] } },
{ "type": "Feature", "properties": { "fid": 272, "mm_id": 1027271, "name": "ΕΣΠΕΡΙΝΟ ΓΥΜΝΑΣΙΟ ΑΛΜΥΡΟΥ" }, "geometry": { "type": "Point", "coordinates": [ 22.762308, 39.177778 ] } },
{ "type": "Feature", "properties": { "fid": 273, "mm_id": 1018233, "name": "ΕΣΠΕΡΙΝΟ ΓΥΜΝΑΣΙΟ ΒΟΛΟΥ" }, "geometry": { "type": "Point", "coordinates": [ 22.954268, 39.366199 ] } },
{ "type": "Feature", "properties": { "fid": 274, "mm_id": 1001206, "name": "ΗΜΕΡΗΣΙΟ ΓΥΜΝΑΣΙΟ ΑΓΡΙΑΣ ΜΑΓΝΗΣΙΑΣ - \"ΓΕΩΡΓΙΟΣ ΚΑΡΑΜΑΝΗΣ\"" }, "geometry": { "type": "Point", "coordinates": [ 23.014885, 39.341459 ] } },
{ "type": "Feature", "properties": { "fid": 275, "mm_id": 1013989, "name": "ΗΜΕΡΗΣΙΟ ΓΥΜΝΑΣΙΟ ΒΕΛΕΣΤΙΝΟΥ" }, "geometry": { "type": "Point", "coordinates": [ 22.744573, 39.377758 ] } },
{ "type": "Feature", "properties": { "fid": 276, "mm_id": 1001202, "name": "ΗΜΕΡΗΣΙΟ ΓΥΜΝΑΣΙΟ ΙΩΛΚΟΥ ΜΑΓΝΗΣΙΑΣ" }, "geometry": { "type": "Point", "coordinates": [ 22.970197, 39.383942 ] } },
{ "type": "Feature", "properties": { "fid": 277, "mm_id": 1013987, "name": "ΗΜΕΡΗΣΙΟ ΓΥΜΝΑΣΙΟ ΚΑΙ ΛΥΚΕΙΑΚΕΣ ΤΑΞΕΙΣ ΕΥΞΕΙΝΟΥΠΟΛΗΣ ΜΑΓΝΗΣΙΑΣ" }, "geometry": { "type": "Point", "coordinates": [ 22.737653, 39.18503 ] } },
{ "type": "Feature", "properties": { "fid": 278, "mm_id": 1014003, "name": "ΗΜΕΡΗΣΙΟ ΓΥΜΝΑΣΙΟ ΚΑΙ ΛΥΚΕΙΑΚΕΣ ΤΑΞΕΙΣ ΣΟΥΡΠΗΣ ΜΑΓΝΗΣΙΑΣ" }, "geometry": { "type": "Point", "coordinates": [ 22.892632, 39.108281 ] } },
{ "type": "Feature", "properties": { "fid": 279, "mm_id": 1013999, "name": "ΗΜΕΡΗΣΙΟ ΓΥΜΝΑΣΙΟ ΚΑΝΑΛΙΩΝ ΜΑΓΝΗΣΙΑΣ" }, "geometry": { "type": "Point", "coordinates": [ 22.88592, 39.500172 ] } },
{ "type": "Feature", "properties": { "fid": 280, "mm_id": 1013984, "name": "ΗΜΕΡΗΣΙΟ ΓΥΜΝΑΣΙΟ ΚΑΤΩ ΛΕΧΩΝΙΩΝ ΜΑΓΝΗΣΙΑΣ\n\"ΛΟΥΚΙΑ ΚΑΙ ΣΟΦΙΑ ΤΟΠΑΛΗ\"" }, "geometry": { "type": "Point", "coordinates": [ 23.04349, 39.330395 ] } },
{ "type": "Feature", "properties": { "fid": 281, "mm_id": 1014005, "name": "ΗΜΕΡΗΣΙΟ ΓΥΜΝΑΣΙΟ ΜΕ ΛΥΚΕΙΑΚΕΣ ΤΑΞΕΙΣ ΤΡΙΚΕΡΙΟΥ ΜΑΓΝΗΣΙΑΣ" }, "geometry": { "type": "Point", "coordinates": [ 23.079991, 39.107652 ] } },
{ "type": "Feature", "properties": { "fid": 282, "mm_id": 1014000, "name": "ΗΜΕΡΗΣΙΟ ΓΥΜΝΑΣΙΟ ΜΗΛΕΩΝ ΜΑΓΝΗΣΙΑΣ" }, "geometry": { "type": "Point", "coordinates": [ 23.152057, 39.328668 ] } },
{ "type": "Feature", "properties": { "fid": 283, "mm_id": 1017852, "name": "ΗΜΕΡΗΣΙΟ ΓΥΜΝΑΣΙΟ ΝΕΑΣ ΑΓΧΙΑΛΟΥ ΜΑΓΝΗΣΙΑΣ" }, "geometry": { "type": "Point", "coordinates": [ 22.809958, 39.277468 ] } },
{ "type": "Feature", "properties": { "fid": 284, "mm_id": 1018928, "name": "ΗΜΕΡΗΣΙΟ ΓΥΜΝΑΣΙΟ ΠΤΕΛΕΟΣ - ΓΡΑΜΜΑΤΙΚΕΙΟΝ" }, "geometry": { "type": "Point", "coordinates": [ 22.946772, 39.054015 ] } },
{ "type": "Feature", "properties": { "fid": 285, "mm_id": 1014004, "name": "ΗΜΕΡΗΣΙΟ ΓΥΜΝΑΣΙΟ ΣΤΕΦΑΝΟΒΙΚΕΙΟΥ ΜΑΓΝΗΣΙΑΣ - ΓΥΜΝΑΣΙΟ ΣΤΕΦΑΝΟΒΙΚΕΙΟΥ" }, "geometry": { "type": "Point", "coordinates": [ 22.739531, 39.459034 ] } },
{ "type": "Feature", "properties": { "fid": 286, "mm_id": 1013992, "name": "ΗΜΕΡΗΣΙΟ ΓΥΜΝΑΣΙΟ ΤΣΑΓΚΑΡΑΔΑΣ ΜΑΓΝΗΣΙΑΣ - ΑΧΙΛΛΟΠΟΥΛΕΙΟ" }, "geometry": { "type": "Point", "coordinates": [ 23.179307, 39.379487 ] } },
{ "type": "Feature", "properties": { "fid": 287, "mm_id": 1011724, "name": "ΙΔΙΩΤΙΚΟ ΓΥΜΝΑΣΙΟ ΒΟΛΟΥ - ΠΡΟΜΗΘΕΑΣ" }, "geometry": { "type": "Point", "coordinates": [ 22.922602, 39.382724 ] } },
{ "type": "Feature", "properties": { "fid": 288, "mm_id": 1013983, "name": "ΜΟΥΣΙΚΟ ΣΧΟΛΕΙΟ ΒΟΛΟΥ: ΓΥΜΝΑΣΙΟ ΚΑΙ ΛΥΚΕΙΟ" }, "geometry": { "type": "Point", "coordinates": [ 22.95233, 39.373836 ] } },
{ "type": "Feature", "properties": { "fid": 289, "mm_id": 1027167, "name": "Ενιαίο Ειδικό Επαγγελματικό Γυμνάσιο – Λύκειο (ΕΝ.Ε.Ε.ΓΥ.-Λ.) Σκιάθου" }, "geometry": { "type": "Point", "coordinates": [ 23.489487, 39.164747 ] } },
{ "type": "Feature", "properties": { "fid": 290, "mm_id": 1027115, "name": "ΕΣΠΕΡΙΝΟ ΓΥΜΝΑΣΙΟ ΑΛΟΝΝΗΣΟΥ" }, "geometry": { "type": "Point", "coordinates": [ 23.864195, 39.144238 ] } },
{ "type": "Feature", "properties": { "fid": 291, "mm_id": 1027113, "name": "ΕΣΠΕΡΙΝΟ ΓΥΜΝΑΣΙΟ ΣΚΙΑΘΟΥ" }, "geometry": { "type": "Point", "coordinates": [ 23.486313, 39.164426 ] } },
{ "type": "Feature", "properties": { "fid": 292, "mm_id": 1027114, "name": "ΕΣΠΕΡΙΝΟ ΓΥΜΝΑΣΙΟ ΣΚΟΠΕΛΟΥ" }, "geometry": { "type": "Point", "coordinates": [ 23.726407, 39.117516 ] } },
{ "type": "Feature", "properties": { "fid": 293, "mm_id": 1014002, "name": "ΗΜΕΡΗΣΙΟ ΓΥΜΝΑΣΙΟ - ΛΤ ΑΛΟΝΝΗΣΟΥ ΜΑΓΝΗΣΙΑΣ" }, "geometry": { "type": "Point", "coordinates": [ 23.867746, 39.146867 ] } },
{ "type": "Feature", "properties": { "fid": 294, "mm_id": 1013998, "name": "ΗΜΕΡΗΣΙΟ ΓΥΜΝΑΣΙΟ ΜΕ ΛΥΚΕΙΑΚΕΣ ΤΑΞΕΙΣ ΓΛΩΣΣΑΣ ΣΚΟΠΕΛΟΥ" }, "geometry": { "type": "Point", "coordinates": [ 23.618478, 39.174257 ] } },
{ "type": "Feature", "properties": { "fid": 295, "mm_id": 1013996, "name": "ΗΜΕΡΗΣΙΟ ΓΥΜΝΑΣΙΟ ΣΚΙΑΘΟΥ ΜΑΓΝΗΣΙΑΣ" }, "geometry": { "type": "Point", "coordinates": [ 23.486064, 39.164189 ] } },
{ "type": "Feature", "properties": { "fid": 296, "mm_id": 1018927, "name": "ΗΜΕΡΗΣΙΟ ΓΥΜΝΑΣΙΟ ΣΚΟΠΕΛΟΥ ΜΑΓΝΗΣΙΑΣ - ΚΑΙΣΑΡΙΟΣ ΔΑΠΟΝΤΕΣ" }, "geometry": { "type": "Point", "coordinates": [ 23.727229, 39.118141 ] } },
{ "type": "Feature", "properties": { "fid": 297, "mm_id": 1016567, "name": "1ο Γυμνάσιο Ελ. Βενιζέλου" }, "geometry": { "type": "Point", "coordinates": [ 24.03047, 35.495297 ] } },
{ "type": "Feature", "properties": { "fid": 298, "mm_id": 1016579, "name": "1ο Γυμνάσιο Κισσάμου" }, "geometry": { "type": "Point", "coordinates": [ 23.660055, 35.49276 ] } },
{ "type": "Feature", "properties": { "fid": 299, "mm_id": 1016560, "name": "1ο Πειραματικό Γυμνάσιο Χανίων" }, "geometry": { "type": "Point", "coordinates": [ 24.021587, 35.514861 ] } },
{ "type": "Feature", "properties": { "fid": 300, "mm_id": 1016571, "name": "2ο Γυμνάσιο Ελευθερίου Βενιζέλου" }, "geometry": { "type": "Point", "coordinates": [ 24.016155, 35.483548 ] } },
{ "type": "Feature", "properties": { "fid": 301, "mm_id": 1016580, "name": "2ο Γυμνάσιο Κισάμου" }, "geometry": { "type": "Point", "coordinates": [ 23.65542, 35.489294 ] } },
{ "type": "Feature", "properties": { "fid": 302, "mm_id": 1016562, "name": "2ο Γυμνάσιο Χανίων" }, "geometry": { "type": "Point", "coordinates": [ 24.026291, 35.514224 ] } },
{ "type": "Feature", "properties": { "fid": 303, "mm_id": 1016564, "name": "3ο Γυμνάσιο Χανίων" }, "geometry": { "type": "Point", "coordinates": [ 24.023652, 35.506671 ] } },
{ "type": "Feature", "properties": { "fid": 304, "mm_id": 1016565, "name": "4ο Γυμνάσιο Χανίων" }, "geometry": { "type": "Point", "coordinates": [ 24.023918, 35.506611 ] } },
{ "type": "Feature", "properties": { "fid": 305, "mm_id": 1016566, "name": "5ο ΓΥΜΝΑΣΙΟ ΧΑΝΙΩΝ" }, "geometry": { "type": "Point", "coordinates": [ 24.011495, 35.516822 ] } },
{ "type": "Feature", "properties": { "fid": 306, "mm_id": 1016568, "name": "6ο Γυμνάσιο Χανίων" }, "geometry": { "type": "Point", "coordinates": [ 24.037129, 35.512341 ] } },
{ "type": "Feature", "properties": { "fid": 307, "mm_id": 1016569, "name": "7ο Γυμνάσιο Χανίων" }, "geometry": { "type": "Point", "coordinates": [ 24.051478, 35.533841 ] } },
{ "type": "Feature", "properties": { "fid": 308, "mm_id": 1016586, "name": "Γυμνάσιο Αλικιανού - «Γυμνασιάρχης Γεώργιος Δ. Καψωμένος»" }, "geometry": { "type": "Point", "coordinates": [ 23.916213, 35.452948 ] } },
{ "type": "Feature", "properties": { "fid": 309, "mm_id": 1016575, "name": "Γυμνάσιο Βάμου - \"Λαμπράκειο\"" }, "geometry": { "type": "Point", "coordinates": [ 24.198942, 35.405935 ] } },
{ "type": "Feature", "properties": { "fid": 310, "mm_id": 1016582, "name": "Γυμνάσιο Βουκολιών" }, "geometry": { "type": "Point", "coordinates": [ 23.802057, 35.468607 ] } },
{ "type": "Feature", "properties": { "fid": 311, "mm_id": 1016587, "name": "Γυμνάσιο Βρυσών" }, "geometry": { "type": "Point", "coordinates": [ 24.191717, 35.369261 ] } },
{ "type": "Feature", "properties": { "fid": 312, "mm_id": 1016577, "name": "Γυμνάσιο Καντάνου" }, "geometry": { "type": "Point", "coordinates": [ 23.745364, 35.328239 ] } },
{ "type": "Feature", "properties": { "fid": 313, "mm_id": 1016583, "name": "Γυμνάσιο Κολυμβαρίου" }, "geometry": { "type": "Point", "coordinates": [ 23.782723, 35.537495 ] } },
{ "type": "Feature", "properties": { "fid": 314, "mm_id": 1016570, "name": "Γυμνάσιο Κουνουπιδιανών" }, "geometry": { "type": "Point", "coordinates": [ 24.079804, 35.526867 ] } },
{ "type": "Feature", "properties": { "fid": 315, "mm_id": 1016589, "name": "ΓΥΜΝΑΣΙΟ ΝΕΑΣ ΚΥΔΩΝΙΑΣ" }, "geometry": { "type": "Point", "coordinates": [ 23.974438, 35.499508 ] } },
{ "type": "Feature", "properties": { "fid": 316, "mm_id": 1016581, "name": "Γυμνάσιο Παλαιόχωρας" }, "geometry": { "type": "Point", "coordinates": [ 23.681965, 35.23312 ] } },
{ "type": "Feature", "properties": { "fid": 317, "mm_id": 1016573, "name": "Γυμνάσιο Πλατανιά" }, "geometry": { "type": "Point", "coordinates": [ 23.898545, 35.517898 ] } },
{ "type": "Feature", "properties": { "fid": 318, "mm_id": 1016588, "name": "ΓΥΜΝΑΣΙΟ ΣΟΥΔΑΣ" }, "geometry": { "type": "Point", "coordinates": [ 24.067491, 35.488309 ] } },
{ "type": "Feature", "properties": { "fid": 319, "mm_id": 1016585, "name": "Γυμνάσιο Χώρας Σφακίων" }, "geometry": { "type": "Point", "coordinates": [ 24.13984, 35.202269 ] } },
{ "type": "Feature", "properties": { "fid": 320, "mm_id": 1027287, "name": "ΕΝΙΑΙΟ ΕΙΔΙΚΟ ΕΠΑΓΓΕΛΜΑΤΙΚΟ ΓΥΜΝΑΣΙΟ (ΕΝ.Ε.Ε.ΓΥ.-Λ.) ΚΙΣΣΑΜΟΥ" }, "geometry": { "type": "Point", "coordinates": [ 23.721295, 35.457043 ] } },
{ "type": "Feature", "properties": { "fid": 321, "mm_id": 1025358, "name": "ΕΝΙΑΙΟ ΕΙΔΙΚΟ ΕΠΑΓΓΕΛΜΑΤΙΚΟ ΓΥΜΝΑΣΙΟ-ΛΥΚΕΙΟ ΧΑΝΙΩΝ" }, "geometry": { "type": "Point", "coordinates": [ 24.012293, 35.48103 ] } },
{ "type": "Feature", "properties": { "fid": 322, "mm_id": 1016561, "name": "Εσπερινό Γυμνάσιο Χανίων" }, "geometry": { "type": "Point", "coordinates": [ 24.036861, 35.513293 ] } },
{ "type": "Feature", "properties": { "fid": 323, "mm_id": 1021443, "name": "ΙΔΙΩΤΙΚΟ ΓΥΜΝΑΣΙΟ - ΙΔΙΩΤΙΚΑ ΕΚΠΑΙΔΕΥΤΗΡΙΑ ΘΕΟΔΩΡΟΠΟΥΛΟΥ Α.Ε." }, "geometry": { "type": "Point", "coordinates": [ 24.072343, 35.518961 ] } },
{ "type": "Feature", "properties": { "fid": 324, "mm_id": 1016591, "name": "ΜΟΥΣΙΚΟ ΣΧΟΛΕΙΟ ΧΑΝΙΩΝ" }, "geometry": { "type": "Point", "coordinates": [ 24.052069, 35.523366 ] } },
{ "type": "Feature", "properties": { "fid": 325, "mm_id": 1001106, "name": "ΓΥΜΝΑΣΙΟ ΤΗΝΟΥ" }, "geometry": { "type": "Point", "coordinates": [ 25.162509, 37.540322 ] } },
{ "type": "Feature", "properties": { "fid": 326, "mm_id": 1017846, "name": "1ο ΗΜΕΡΗΣΙΟ ΓΥΜΝΑΣΙΟ ΑΓΡΙΝΙΟΥ - ΠΑΠΑΣΤΡΑΤΕΙΟ" }, "geometry": { "type": "Point", "coordinates": [ 21.409575, 38.631717 ] } },
{ "type": "Feature", "properties": { "fid": 327, "mm_id": 1014436, "name": "1ο ΗΜΕΡΗΣΙΟ ΓΥΜΝΑΣΙΟ ΑΜΦΙΛΟΧΙΑΣ - ΓΥΜΝΑΣΙΟ ΑΜΦΙΛΟΧΙΑΣ" }, "geometry": { "type": "Point", "coordinates": [ 21.164552, 38.858102 ] } },
{ "type": "Feature", "properties": { "fid": 328, "mm_id": 1014440, "name": "1ο ΗΜΕΡΗΣΙΟ ΓΥΜΝΑΣΙΟ ΒΟΝΙΤΣΑΣ ΑΙΤΩΛΟΑΚΑΡΝΑΝΙΑΣ" }, "geometry": { "type": "Point", "coordinates": [ 20.889247, 38.915101 ] } },
{ "type": "Feature", "properties": { "fid": 329, "mm_id": 1014432, "name": "1ο ΗΜΕΡΗΣΙΟ ΓΥΜΝΑΣΙΟ ΜΕΣΟΛΟΓΓΙΟΥ - ΠΑΛΑΜΑΪΚΗ ΣΧΟΛΗ" }, "geometry": { "type": "Point", "coordinates": [ 21.425129, 38.367734 ] } },
{ "type": "Feature", "properties": { "fid": 330, "mm_id": 1018909, "name": "1ο ΗΜΕΡΗΣΙΟ ΓΥΜΝΑΣΙΟ ΜΟΝΑΣΤΗΡΑΚΙΟΥ ΑΙΤΩΛΟΑΚΑΡΝΑΝΙΑΣ" }, "geometry": { "type": "Point", "coordinates": [ 20.946163, 38.847248 ] } },
{ "type": "Feature", "properties": { "fid": 331, "mm_id": 1014448, "name": "1ο ΗΜΕΡΗΣΙΟ ΓΥΜΝΑΣΙΟ ΝΑΥΠΑΚΤΟΥ" }, "geometry": { "type": "Point", "coordinates": [ 21.823506, 38.390869 ] } },
{ "type": "Feature", "properties": { "fid": 332, "mm_id": 1014420, "name": "2ο ΗΜΕΡΗΣΙΟ ΓΥΜΝΑΣΙΟ ΑΓΡΙΝΙΟΥ - ΚΟΣΜΑΣ Ο ΑΙΤΩΛΟΣ" }, "geometry": { "type": "Point", "coordinates": [ 21.405956, 38.621656 ] } },
{ "type": "Feature", "properties": { "fid": 333, "mm_id": 1014433, "name": "2ο ΗΜΕΡΗΣΙΟ ΓΥΜΝΑΣΙΟ ΜΕΣΟΛΟΓΓΙΟΥ" }, "geometry": { "type": "Point", "coordinates": [ 21.426964, 38.383324 ] } },
{ "type": "Feature", "properties": { "fid": 334, "mm_id": 1014449, "name": "2ο ΗΜΕΡΗΣΙΟ ΓΥΜΝΑΣΙΟ ΝΑΥΠΑΚΤΟΥ" }, "geometry": { "type": "Point", "coordinates": [ 21.821968, 38.392283 ] } },
{ "type": "Feature", "properties": { "fid": 335, "mm_id": 1014422, "name": "3ο ΗΜΕΡΗΣΙΟ ΓΥΜΝΑΣΙΟ ΑΓΡΙΝΙΟΥ" }, "geometry": { "type": "Point", "coordinates": [ 21.416428, 38.621133 ] } },
{ "type": "Feature", "properties": { "fid": 336, "mm_id": 1014450, "name": "3ο ΗΜΕΡΗΣΙΟ ΓΥΜΝΑΣΙΟ ΝΑΥΠΑΚΤΟΥ" }, "geometry": { "type": "Point", "coordinates": [ 21.845929, 38.401447 ] } },
{ "type": "Feature", "properties": { "fid": 337, "mm_id": 1014423, "name": "4ο ΗΜΕΡΗΣΙΟ ΓΥΜΝΑΣΙΟ ΑΓΡΙΝΙΟΥ" }, "geometry": { "type": "Point", "coordinates": [ 21.419957, 38.614018 ] } },
{ "type": "Feature", "properties": { "fid": 338, "mm_id": 1014424, "name": "5ο ΗΜΕΡΗΣΙΟ ΓΥΜΝΑΣΙΟ ΑΓΡΙΝΙΟΥ" }, "geometry": { "type": "Point", "coordinates": [ 21.418415, 38.630288 ] } },
{ "type": "Feature", "properties": { "fid": 339, "mm_id": 1014425, "name": "6ο ΗΜΕΡΗΣΙΟ ΓΥΜΝΑΣΙΟ ΑΓΡΙΝΙΟΥ" }, "geometry": { "type": "Point", "coordinates": [ 21.405992, 38.621684 ] } },
{ "type": "Feature", "properties": { "fid": 340, "mm_id": 1014426, "name": "7ο ΗΜΕΡΗΣΙΟ ΓΥΜΝΑΣΙΟ ΑΓΡΙΝΙΟΥ" }, "geometry": { "type": "Point", "coordinates": [ 21.42199, 38.62654 ] } },
{ "type": "Feature", "properties": { "fid": 341, "mm_id": 1014438, "name": "ΓΥΜΝΑΣΙΟ ΑΣΤΑΚΟΥ - ΚΑΡΑΜΟΥΖΕΙΟ" }, "geometry": { "type": "Point", "coordinates": [ 21.081918, 38.536944 ] } },
{ "type": "Feature", "properties": { "fid": 342, "mm_id": 1014459, "name": "ΓΥΜΝΑΣΙΟ ΚΑΝΔΗΛΑΣ ΑΙΤΩΛΟΑΚΑΡΝΑΝΙΑΣ" }, "geometry": { "type": "Point", "coordinates": [ 20.958603, 38.6807 ] } },
{ "type": "Feature", "properties": { "fid": 343, "mm_id": 1014441, "name": "ΓΥΜΝΑΣΙΟΥ ΠΑΛΑΙΡΟΥ ΜΕ ΛΥΚΕΙΑΚΕΣ ΤΑΞΕΙΣ" }, "geometry": { "type": "Point", "coordinates": [ 20.880733, 38.786313 ] } },
{ "type": "Feature", "properties": { "fid": 344, "mm_id": 1014453, "name": "ΕΝΙΑΙΟ ΕΙΔΙΚΟ ΕΠΑΓΓΕΛΜΑΤΙΚΟ ΓΥΜΝΑΣΙΟ - ΛΥΚΕΙΟ ΑΓΡΙΝΙΟΥ" }, "geometry": { "type": "Point", "coordinates": [ 21.373453, 38.664366 ] } },
{ "type": "Feature", "properties": { "fid": 345, "mm_id": 1025258, "name": "ΕΝΙΑΙΟ ΕΙΔΙΚΟ ΕΠΑΓΓΕΛΜΑΤΙΚΟ ΓΥΜΝΑΣΙΟ - ΛΥΚΕΙΟ ΜΕΣΟΛΟΓΓΙΟΥ" }, "geometry": { "type": "Point", "coordinates": [ 21.424735, 38.364582 ] } },
{ "type": "Feature", "properties": { "fid": 346, "mm_id": 1014428, "name": "ΕΣΠΕΡΙΝΟ ΓΥΜΝΑΣΙΟ ΑΓΡΙΝΙΟΥ ΜΕ ΛΥΚΕΙΑΚΕΣ ΤΑΞΕΙΣ" }, "geometry": { "type": "Point", "coordinates": [ 21.407074, 38.621627 ] } },
{ "type": "Feature", "properties": { "fid": 347, "mm_id": 1018013, "name": "ΕΣΠΕΡΙΝΟ ΓΥΜΝΑΣΙΟ ΜΕΣΟΛΟΓΓΙΟΥ με ΛΥΚΕΙΑΚΕΣ ΤΑΞΕΙΣ" }, "geometry": { "type": "Point", "coordinates": [ 21.425038, 38.367697 ] } },
{ "type": "Feature", "properties": { "fid": 348, "mm_id": 1018136, "name": "ΗΜΕΡΗΣΙΟ ΓΥΜΝΑΣΙΟ ΑΓΙΟΥ ΚΩΝΣΤΑΝΤΙΝΟΥ ΑΙΤΩΛΟΑΚΑΡΝΑΝΙΑΣ" }, "geometry": { "type": "Point", "coordinates": [ 21.395414, 38.631546 ] } },
{ "type": "Feature", "properties": { "fid": 349, "mm_id": 1014434, "name": "ΗΜΕΡΗΣΙΟ ΓΥΜΝΑΣΙΟ ΑΙΤΩΛΙΚΟΥ ΑΙΤΩΛΟΑΚΑΡΝΑΝΙΑΣ" }, "geometry": { "type": "Point", "coordinates": [ 21.352489, 38.434438 ] } },
{ "type": "Feature", "properties": { "fid": 350, "mm_id": 1014467, "name": "ΗΜΕΡΗΣΙΟ ΓΥΜΝΑΣΙΟ ΑΝΤΙΡΡΙΟΥ" }, "geometry": { "type": "Point", "coordinates": [ 21.762467, 38.334322 ] } },
{ "type": "Feature", "properties": { "fid": 351, "mm_id": 1014442, "name": "ΗΜΕΡΗΣΙΟ ΓΥΜΝΑΣΙΟ ΓΑΒΑΛΟΥΣ ΑΙΤΩΛΟΑΚΑΡΝΑΝΙΑΣ" }, "geometry": { "type": "Point", "coordinates": [ 21.535725, 38.526717 ] } },
{ "type": "Feature", "properties": { "fid": 352, "mm_id": 1014456, "name": "ΗΜΕΡΗΣΙΟ ΓΥΜΝΑΣΙΟ ΓΟΥΡΙΑΣ ΑΙΤΩΛΟΑΚΑΡΝΑΝΙΑΣ \"Κ.Σ. ΚΩΝΣΤΑΣ\"" }, "geometry": { "type": "Point", "coordinates": [ 21.259838, 38.476213 ] } },
{ "type": "Feature", "properties": { "fid": 353, "mm_id": 1014464, "name": "ΗΜΕΡΗΣΙΟ ΓΥΜΝΑΣΙΟ ΕΜΠΕΣΟΥ ΑΙΤΩΛΟΑΚΑΡΝΑΝΙΑΣ - ΔΩΡΑΣ ΣΤΡΑΤΟΥ" }, "geometry": { "type": "Point", "coordinates": [ 21.320331, 39.024246 ] } },
{ "type": "Feature", "properties": { "fid": 354, "mm_id": 1014461, "name": "ΗΜΕΡΗΣΙΟ ΓΥΜΝΑΣΙΟ ΕΥΗΝΟΧΩΡΙΟΥ ΑΙΤΩΛΟΑΚΑΡΝΑΝΙΑΣ" }, "geometry": { "type": "Point", "coordinates": [ 21.536167, 38.366667 ] } },
{ "type": "Feature", "properties": { "fid": 355, "mm_id": 1014445, "name": "ΗΜΕΡΗΣΙΟ ΓΥΜΝΑΣΙΟ ΘΕΡΜΟΥ ΑΙΤΩΛΟΑΚΑΡΝΑΝΙΑΣ" }, "geometry": { "type": "Point", "coordinates": [ 21.66528, 38.568366 ] } },
{ "type": "Feature", "properties": { "fid": 356, "mm_id": 1014466, "name": "ΗΜΕΡΗΣΙΟ ΓΥΜΝΑΣΙΟ ΚΑΙΝΟΥΡΓΙΟΥ" }, "geometry": { "type": "Point", "coordinates": [ 21.492299, 38.605505 ] } },
{ "type": "Feature", "properties": { "fid": 357, "mm_id": 1014468, "name": "ΗΜΕΡΗΣΙΟ ΓΥΜΝΑΣΙΟ ΚΑΛΥΒΙΩΝ ΑΙΤΩΛΟΑΚΑΡΝΑΝΙΑΣ" }, "geometry": { "type": "Point", "coordinates": [ 21.295693, 38.620275 ] } },
{ "type": "Feature", "properties": { "fid": 358, "mm_id": 1014452, "name": "ΗΜΕΡΗΣΙΟ ΓΥΜΝΑΣΙΟ ΚΑΤΟΥΝΑΣ ΑΙΤΩΛΟΑΚΑΡΝΑΝΙΑΣ" }, "geometry": { "type": "Point", "coordinates": [ 21.117005, 38.788153 ] } },
{ "type": "Feature", "properties": { "fid": 359, "mm_id": 1014455, "name": "ΗΜΕΡΗΣΙΟ ΓΥΜΝΑΣΙΟ ΚΑΤΟΧΗΣ ΑΙΤΩΛΟΑΚΑΡΝΑΝΙΑΣ - (0111020)" }, "geometry": { "type": "Point", "coordinates": [ 21.248748, 38.410116 ] } },
{ "type": "Feature", "properties": { "fid": 360, "mm_id": 1014460, "name": "ΗΜΕΡΗΣΙΟ ΓΥΜΝΑΣΙΟ ΛΕΠΕΝΟΥΣ ΑΙΤΩΛΟΑΚΑΡΝΑΝΙΑΣ" }, "geometry": { "type": "Point", "coordinates": [ 21.292007, 38.698295 ] } },
{ "type": "Feature", "properties": { "fid": 361, "mm_id": 1014471, "name": "ΗΜΕΡΗΣΙΟ ΓΥΜΝΑΣΙΟ ΛΟΥΤΡΟΥ" }, "geometry": { "type": "Point", "coordinates": [ 21.179642, 38.942305 ] } },
{ "type": "Feature", "properties": { "fid": 362, "mm_id": 1014465, "name": "ΗΜΕΡΗΣΙΟ ΓΥΜΝΑΣΙΟ ΜΑΛΕΣΙΑΔΑ ΑΙΤΩΛΟΑΚΑΡΝΑΝΙΑΣ - ΗΜΕΡΗΣΙΟ ΓΥΜΝΑΣΙΟ ΜΑΛΕΣΙΑΔΑΣ" }, "geometry": { "type": "Point", "coordinates": [ 21.3464, 38.891365 ] } },
{ "type": "Feature", "properties": { "fid": 363, "mm_id": 1014462, "name": "ΗΜΕΡΗΣΙΟ ΓΥΜΝΑΣΙΟ ΜΑΤΑΡΑΓΚΑΣ ΑΙΤ/ΝΙΑΣ - 0116010" }, "geometry": { "type": "Point", "coordinates": [ 21.468319, 38.527259 ] } },
{ "type": "Feature", "properties": { "fid": 364, "mm_id": 1014470, "name": "ΗΜΕΡΗΣΙΟ ΓΥΜΝΑΣΙΟ ΝΕΑΠΟΛΗΣ ΑΙΤΩΛΟΑΚΑΡΝΑΝΙΑΣ" }, "geometry": { "type": "Point", "coordinates": [ 21.372833, 38.657197 ] } },
{ "type": "Feature", "properties": { "fid": 365, "mm_id": 1014454, "name": "ΗΜΕΡΗΣΙΟ ΓΥΜΝΑΣΙΟ ΝΕΟΧΩΡΙΟΥ ΑΙΤΩΛΟΑΚΑΡΝΑΝΙΑΣ" }, "geometry": { "type": "Point", "coordinates": [ 21.277672, 38.405217 ] } },
{ "type": "Feature", "properties": { "fid": 366, "mm_id": 1014430, "name": "ΗΜΕΡΗΣΙΟ ΓΥΜΝΑΣΙΟ ΠΑΝΑΙΤΩΛΙΟΥ ΑΙΤΩΛΟΑΚΑΡΝΑΝΙΑΣ" }, "geometry": { "type": "Point", "coordinates": [ 21.441476, 38.586444 ] } },
{ "type": "Feature", "properties": { "fid": 367, "mm_id": 1014429, "name": "ΗΜΕΡΗΣΙΟ ΓΥΜΝΑΣΙΟ ΠΑΡΑΒΟΛΑΣ" }, "geometry": { "type": "Point", "coordinates": [ 21.539986, 38.627006 ] } },
{ "type": "Feature", "properties": { "fid": 368, "mm_id": 1014463, "name": "ΗΜΕΡΗΣΙΟ ΓΥΜΝΑΣΙΟ ΦΥΤΕΙΩΝ ΑΙΤΩΛΟΑΚΑΡΝΑΝΙΑΣ - Λ.Τ. ΓΥΜΝΑΣΙΟΥ ΦΥΤΕΙΩΝ" }, "geometry": { "type": "Point", "coordinates": [ 21.190435, 38.695022 ] } },
{ "type": "Feature", "properties": { "fid": 369, "mm_id": 1000006, "name": "ΙΔΙΩΤΙΚΟ ΓΥΜΝΑΣΙΟ \"ΠΑΝΑΓΙΑ ΠΡΟΥΣΙΩΤΙΣΣΑ\"" }, "geometry": { "type": "Point", "coordinates": [ 21.383246, 38.634742 ] } },
{ "type": "Feature", "properties": { "fid": 370, "mm_id": 1000003, "name": "Ιδιωτικό Γυμνάσιο - ΣΥΓΧΡΟΝΑ ΕΚΠΑΙΔΕΥΤΗΡΙΑ ΚΟΤΡΩΝΗ" }, "geometry": { "type": "Point", "coordinates": [ 21.797984, 38.381376 ] } },
{ "type": "Feature", "properties": { "fid": 371, "mm_id": 1026310, "name": "ΚΑΛΛΙΤΕΧΝΙΚΟ ΓΥΜΝΑΣΙΟ Ι.Π. ΜΕΣΟΛΟΓΓΙΟΥ ΜΕ ΛΥΚΕΙΑΚΕΣ ΤΑΞΕΙΣ" }, "geometry": { "type": "Point", "coordinates": [ 21.421125, 38.384119 ] } },
{ "type": "Feature", "properties": { "fid": 372, "mm_id": 1014421, "name": "ΜΟΥΣΙΚΟ ΓΥΜΝΑΣΙΟ ΑΓΡΙΝΙΟΥ - ΛΥΚΕΙΑΚΕΣ ΤΑΞΕΙΣ" }, "geometry": { "type": "Point", "coordinates": [ 21.41205, 38.607228 ] } },
{ "type": "Feature", "properties": { "fid": 373, "mm_id": 1018242, "name": "1ο ΗΜΕΡΗΣΙΟ ΓΥΜΝΑΣΙΟ ΛΑΜΙΑΣ" }, "geometry": { "type": "Point", "coordinates": [ 22.431386, 38.91366 ] } },
{ "type": "Feature", "properties": { "fid": 374, "mm_id": 1016415, "name": "1ο ΗΜΕΡΗΣΙΟ ΓΥΜΝΑΣΙΟ ΥΠΑΤΗΣ ΦΘΙΩΤΙΔΑΣ" }, "geometry": { "type": "Point", "coordinates": [ 22.237127, 38.871398 ] } },
{ "type": "Feature", "properties": { "fid": 375, "mm_id": 1016396, "name": "2ο ΗΜΕΡΗΣΙΟ ΓΥΜΝΑΣΙΟ ΛΑΜΙΑΣ" }, "geometry": { "type": "Point", "coordinates": [ 22.446615, 38.894679 ] } },
{ "type": "Feature", "properties": { "fid": 376, "mm_id": 1016397, "name": "3ο ΗΜΕΡΗΣΙΟ ΓΥΜΝΑΣΙΟ ΛΑΜΙΑΣ - ΜΟΥΣΤΑΚΕΙΟ" }, "geometry": { "type": "Point", "coordinates": [ 22.44634, 38.902841 ] } },
{ "type": "Feature", "properties": { "fid": 377, "mm_id": 1016398, "name": "4ο ΠΕΙΡΑΜΑΤΙΚΟ ΓΥΜΝΑΣΙΟ ΛΑΜΙΑΣ" }, "geometry": { "type": "Point", "coordinates": [ 22.43112, 38.91305 ] } },
{ "type": "Feature", "properties": { "fid": 378, "mm_id": 1018931, "name": "5ο ΗΜΕΡΗΣΙΟ ΓΥΜΝΑΣΙΟ ΛΑΜΙΑΣ" }, "geometry": { "type": "Point", "coordinates": [ 22.425001, 38.897758 ] } },
{ "type": "Feature", "properties": { "fid": 379, "mm_id": 1016399, "name": "6ο ΗΜΕΡΗΣΙΟ ΓΥΜΝΑΣΙΟ ΛΑΜΙΑΣ" }, "geometry": { "type": "Point", "coordinates": [ 22.431356, 38.903277 ] } },
{ "type": "Feature", "properties": { "fid": 380, "mm_id": 1016400, "name": "7ο ΗΜΕΡΗΣΙΟ ΓΥΜΝΑΣΙΟ ΛΑΜΙΑΣ" }, "geometry": { "type": "Point", "coordinates": [ 22.439796, 38.888146 ] } },
{ "type": "Feature", "properties": { "fid": 381, "mm_id": 1016402, "name": "8ο ΗΜΕΡΗΣΙΟ ΓΥΜΝΑΣΙΟ ΛΑΜΙΑΣ" }, "geometry": { "type": "Point", "coordinates": [ 22.470086, 38.892209 ] } },
{ "type": "Feature", "properties": { "fid": 382, "mm_id": 1016403, "name": "9ο ΗΜΕΡΗΣΙΟ ΓΥΜΝΑΣΙΟ ΛΑΜΙΑΣ" }, "geometry": { "type": "Point", "coordinates": [ 22.43143, 38.890075 ] } },
{ "type": "Feature", "properties": { "fid": 383, "mm_id": 1024663, "name": "ΕΝΙΑΙΟ ΕΙΔΙΚΟ ΕΠΑΓΓΕΛΜΑΤΙΚΟ ΓΥΜΝΑΣΙΟ-ΛΥΚΕΙΟ ΛΑΜΙΑΣ" }, "geometry": { "type": "Point", "coordinates": [ 22.311159, 38.915124 ] } },
{ "type": "Feature", "properties": { "fid": 384, "mm_id": 1018243, "name": "ΕΣΠΕΡΙΝΟ ΓΥΜΝΑΣΙΟ ΛΑΜΙΑΣ - ΕΥΑΓΟΡΑΣ ΠΑΛΛΗΚΑΡΙΔΗΣ" }, "geometry": { "type": "Point", "coordinates": [ 22.43654, 38.900102 ] } },
{ "type": "Feature", "properties": { "fid": 385, "mm_id": 1016408, "name": "ΗΜΕΡΗΣΙΟ ΓΥΜΝΑΣΙΟ - Λ. Τ. ΝΕΟΥ ΜΟΝΑΣΤΗΡΙΟΥ ΦΘΙΩΤΙΔΑΣ" }, "geometry": { "type": "Point", "coordinates": [ 22.230334, 39.085975 ] } },
{ "type": "Feature", "properties": { "fid": 386, "mm_id": 1018932, "name": "ΗΜΕΡΗΣΙΟ ΓΥΜΝΑΣΙΟ ΑΓΙΟΥ ΚΩΝΣΤΑΝΤΙΝΟΥ ΦΘΙΩΤΙΔΑΣ" }, "geometry": { "type": "Point", "coordinates": [ 22.86105, 38.754444 ] } },
{ "type": "Feature", "properties": { "fid": 387, "mm_id": 1016405, "name": "ΗΜΕΡΗΣΙΟ ΓΥΜΝΑΣΙΟ ΑΜΦΙΚΛΕΙΑΣ ΦΘΙΩΤΙΔΑΣ" }, "geometry": { "type": "Point", "coordinates": [ 22.588997, 38.641908 ] } },
{ "type": "Feature", "properties": { "fid": 388, "mm_id": 1018701, "name": "ΗΜΕΡΗΣΙΟ ΓΥΜΝΑΣΙΟ ΑΤΑΛΑΝΤΗΣ ΦΘΙΩΤΙΔΑΣ" }, "geometry": { "type": "Point", "coordinates": [ 23.005515, 38.659015 ] } },
{ "type": "Feature", "properties": { "fid": 389, "mm_id": 1016407, "name": "ΗΜΕΡΗΣΙΟ ΓΥΜΝΑΣΙΟ ΔΟΜΟΚΟΥ ΦΘΙΩΤΙΔΑΣ" }, "geometry": { "type": "Point", "coordinates": [ 22.298448, 39.128832 ] } },
{ "type": "Feature", "properties": { "fid": 390, "mm_id": 1016417, "name": "ΗΜΕΡΗΣΙΟ ΓΥΜΝΑΣΙΟ ΕΛΑΤΕΙΑΣ ΦΘΙΩΤΙΔΑΣ" }, "geometry": { "type": "Point", "coordinates": [ 22.761371, 38.629652 ] } },
{ "type": "Feature", "properties": { "fid": 391, "mm_id": 1018244, "name": "ΗΜΕΡΗΣΙΟ ΓΥΜΝΑΣΙΟ ΚΑΜΕΝΩΝ ΒΟΥΡΛΩΝ ΦΘΙΩΤΙΔΑΣ" }, "geometry": { "type": "Point", "coordinates": [ 22.768531, 38.778578 ] } },
{ "type": "Feature", "properties": { "fid": 392, "mm_id": 1016423, "name": "ΗΜΕΡΗΣΙΟ ΓΥΜΝΑΣΙΟ ΚΑΤΩ ΤΙΘΟΡΕΑΣ ΦΘΙΩΤΙΔΑΣ" }, "geometry": { "type": "Point", "coordinates": [ 22.706845, 38.604645 ] } },
{ "type": "Feature", "properties": { "fid": 393, "mm_id": 1016420, "name": "ΗΜΕΡΗΣΙΟ ΓΥΜΝΑΣΙΟ ΛΑΡΥΜΝΑΣ" }, "geometry": { "type": "Point", "coordinates": [ 23.300485, 38.565381 ] } },
{ "type": "Feature", "properties": { "fid": 394, "mm_id": 1016428, "name": "ΗΜΕΡΗΣΙΟ ΓΥΜΝΑΣΙΟ ΛΙΑΝΟΚΛΑΔΙΟΥ ΦΘΙΩΤΙΔΑΣ" }, "geometry": { "type": "Point", "coordinates": [ 22.311129, 38.914837 ] } },
{ "type": "Feature", "properties": { "fid": 395, "mm_id": 1016425, "name": "ΗΜΕΡΗΣΙΟ ΓΥΜΝΑΣΙΟ ΛΙΒΑΝΑΤΩΝ ΦΘΙΩΤΙΔΑΣ" }, "geometry": { "type": "Point", "coordinates": [ 23.047295, 38.702712 ] } },
{ "type": "Feature", "properties": { "fid": 396, "mm_id": 1016411, "name": "ΗΜΕΡΗΣΙΟ ΓΥΜΝΑΣΙΟ ΜΑΚΡΑΚΩΜΗΣ" }, "geometry": { "type": "Point", "coordinates": [ 22.117034, 38.936919 ] } },
{ "type": "Feature", "properties": { "fid": 397, "mm_id": 1016424, "name": "ΗΜΕΡΗΣΙΟ ΓΥΜΝΑΣΙΟ ΜΑΛΕΣΙΝΑΣ ΦΘΙΩΤΙΔΑΣ" }, "geometry": { "type": "Point", "coordinates": [ 23.235264, 38.622674 ] } },
{ "type": "Feature", "properties": { "fid": 398, "mm_id": 1016419, "name": "ΗΜΕΡΗΣΙΟ ΓΥΜΝΑΣΙΟ ΜΑΡΤΙΝΟΥ" }, "geometry": { "type": "Point", "coordinates": [ 23.211955, 38.566874 ] } },
{ "type": "Feature", "properties": { "fid": 399, "mm_id": 1016427, "name": "ΗΜΕΡΗΣΙΟ ΓΥΜΝΑΣΙΟ ΜΟΣΧΟΧΩΡΙΟΥ ΦΘΙΩΤΙΔΑΣ - ΓΥΜΝΑΣΙΟ ΜΟΣΧΟΧΩΡΙΟΥ ΚΑΙ ΛΥΚΕΙΑΚΕΣ ΤΑΞΕΙΣ" }, "geometry": { "type": "Point", "coordinates": [ 22.449308, 38.830904 ] } },
{ "type": "Feature", "properties": { "fid": 400, "mm_id": 1016413, "name": "ΗΜΕΡΗΣΙΟ ΓΥΜΝΑΣΙΟ ΜΩΛΟΣ ΦΘΙΩΤΙΔΑΣ - ΓΥΜΝΑΣΙΟ ΜΩΛΟΥ" }, "geometry": { "type": "Point", "coordinates": [ 22.641438, 38.810882 ] } },
{ "type": "Feature", "properties": { "fid": 401, "mm_id": 1016409, "name": "ΗΜΕΡΗΣΙΟ ΓΥΜΝΑΣΙΟ ΟΜΒΡΙΑΚΗΣ ΦΘΙΩΤΙΔΑΣ" }, "geometry": { "type": "Point", "coordinates": [ 22.266941, 39.098802 ] } },
{ "type": "Feature", "properties": { "fid": 402, "mm_id": 1016422, "name": "ΗΜΕΡΗΣΙΟ ΓΥΜΝΑΣΙΟ ΠΕΛΑΣΓΙΑΣ ΦΘΙΩΤΙΔΑΣ" }, "geometry": { "type": "Point", "coordinates": [ 22.836573, 38.944686 ] } },
{ "type": "Feature", "properties": { "fid": 403, "mm_id": 1016429, "name": "ΗΜΕΡΗΣΙΟ ΓΥΜΝΑΣΙΟ ΡΑΧΩΝ ΦΘΙΩΤΙΔΑΣ" }, "geometry": { "type": "Point", "coordinates": [ 22.66754, 38.971837 ] } },
{ "type": "Feature", "properties": { "fid": 404, "mm_id": 1016414, "name": "ΗΜΕΡΗΣΙΟ ΓΥΜΝΑΣΙΟ ΣΠΕΡΧΕΙΑΔΑΣ ΦΘΙΩΤΙΔΑΣ" }, "geometry": { "type": "Point", "coordinates": [ 22.119523, 38.908378 ] } },
{ "type": "Feature", "properties": { "fid": 405, "mm_id": 1018700, "name": "ΗΜΕΡΗΣΙΟ ΓΥΜΝΑΣΙΟ ΣΤΥΛΙΔΑΣ" }, "geometry": { "type": "Point", "coordinates": [ 22.607083, 38.916664 ] } },
{ "type": "Feature", "properties": { "fid": 406, "mm_id": 1016401, "name": "ΜΟΥΣΙΚΟ ΓΥΜΝΑΣΙΟ ΛΑΜΙΑΣ ΜΕ ΛΥΚΕΙΑΚΕΣ ΤΑΞΕΙΣ" }, "geometry": { "type": "Point", "coordinates": [ 22.396083, 38.889743 ] } },
{ "type": "Feature", "properties": { "fid": 407, "mm_id": 1024716, "name": "ΠΡΟΤΥΠΟ ΕΚΚΛΗΣΙΑΣΤΙΚΟ ΓΥΜΝΑΣΙΟ - ΠΡΟΤΥΠΟ ΕΚΚΛΗΣΙΑΣΤΙΚΟ ΛΥΚΕΙΟ ΛΑΜΙΑΣ \n\"ΟΣΙΟΣ ΒΗΣΣΑΡΙΩΝ Ο ΑΓΑΘΩΝΙΤΗΣ\"" }, "geometry": { "type": "Point", "coordinates": [ 22.455454, 38.901529 ] } },
{ "type": "Feature", "properties": { "fid": 408, "mm_id": 1013947, "name": "1ο ΗΜΕΡΗΣΙΟ ΓΥΜΝΑΣΙΟ ΚΑΛΛΟΝΗΣ ΛΕΣΒΟΥ - ΠΑΝΑΡΕΤΕΙΟ" }, "geometry": { "type": "Point", "coordinates": [ 26.208045, 39.235586 ] } },
{ "type": "Feature", "properties": { "fid": 409, "mm_id": 1001173, "name": "1ο ΠΡΟΤΥΠΟ ΓΥΜΝΑΣΙΟ ΜΥΤΙΛΗΝΗΣ «ΒΥΡΩΝ ΣΙΒΟΛΑΠΕΝΚΟ»" }, "geometry": { "type": "Point", "coordinates": [ 26.554184, 39.10485 ] } },
{ "type": "Feature", "properties": { "fid": 410, "mm_id": 1012150, "name": "2ο ΗΜΕΡΗΣΙΟ ΓΥΜΝΑΣΙΟ ΜΥΤΙΛΗΝΗΣ" }, "geometry": { "type": "Point", "coordinates": [ 26.555899, 39.107549 ] } },
{ "type": "Feature", "properties": { "fid": 411, "mm_id": 1001174, "name": "3ο ΗΜΕΡΗΣΙΟ ΓΥΜΝΑΣΙΟ ΜΥΤΙΛΗΝΗΣ" }, "geometry": { "type": "Point", "coordinates": [ 26.547813, 39.097953 ] } },
{ "type": "Feature", "properties": { "fid": 412, "mm_id": 1001175, "name": "4ο ΗΜΕΡΗΣΙΟ ΓΥΜΝΑΣΙΟ ΜΥΤΙΛΗΝΗΣ" }, "geometry": { "type": "Point", "coordinates": [ 26.550085, 39.094015 ] } },
{ "type": "Feature", "properties": { "fid": 413, "mm_id": 1013945, "name": "5ο ΗΜΕΡΗΣΙΟ ΓΥΜΝΑΣΙΟ ΜΥΤΙΛΗΝΗΣ" }, "geometry": { "type": "Point", "coordinates": [ 26.551735, 39.08987 ] } },
{ "type": "Feature", "properties": { "fid": 414, "mm_id": 1001176, "name": "6ο ΗΜΕΡΗΣΙΟ ΓΥΜΝΑΣΙΟ ΜΥΤΙΛΗΝΗΣ - ΓΙΑΝΝΗΣ Κ. ΑΡΙΣΤ.ΔΕΛΗΣ" }, "geometry": { "type": "Point", "coordinates": [ 26.557971, 39.111201 ] } },
{ "type": "Feature", "properties": { "fid": 415, "mm_id": 1025538, "name": "ΕΝΙΑΙΟ ΕΙΔΙΚΟ ΕΠΑΓΓΕΛΜΑΤΙΚΟ ΓΥΜΝΑΣΙΟ - ΛΥΚΕΙΟ Ν. ΛΕΣΒΟΥ" }, "geometry": { "type": "Point", "coordinates": [ 26.561064, 39.087776 ] } },
{ "type": "Feature", "properties": { "fid": 416, "mm_id": 1012033, "name": "ΕΣΠΕΡΙΝΟ ΓΥΜΝΑΣΙΟ ΜΥΤΙΛΗΝΗΣ ΜΕ ΛΥΚΕΙΑΚΕΣ ΤΑΞΕΙΣ" }, "geometry": { "type": "Point", "coordinates": [ 26.554284, 39.1049 ] } },
{ "type": "Feature", "properties": { "fid": 417, "mm_id": 1013948, "name": "ΗΜΕΡΗΣΙΟ ΓΥΜΝΑΣΙΟ ΑΓΙΑΣ ΠΑΡΑΣΚΕΥΗΣ ΛΕΣΒΟΥ" }, "geometry": { "type": "Point", "coordinates": [ 26.271361, 39.248085 ] } },
{ "type": "Feature", "properties": { "fid": 418, "mm_id": 1013959, "name": "ΗΜΕΡΗΣΙΟ ΓΥΜΝΑΣΙΟ ΑΓΙΑΣΟΥ ΛΕΣΒΟΥ" }, "geometry": { "type": "Point", "coordinates": [ 26.37045, 39.084768 ] } },
{ "type": "Feature", "properties": { "fid": 419, "mm_id": 1013961, "name": "ΗΜΕΡΗΣΙΟ ΓΥΜΝΑΣΙΟ ΑΓΡΑΣ ΛΕΣΒΟΥ - ΓΥΜΝΑΣΙΟ ΜΕ ΛΥΚΕΙΑΚΕΣ ΤΑΞΕΙΣ ΑΓΡΑΣ" }, "geometry": { "type": "Point", "coordinates": [ 26.059174, 39.160393 ] } },
{ "type": "Feature", "properties": { "fid": 420, "mm_id": 1013954, "name": "ΗΜΕΡΗΣΙΟ ΓΥΜΝΑΣΙΟ ΑΝΤΙΣΣΑΣ - ΔΟΥΚΑΣ ΧΑΤΖΗΓΕΩΡΓΙΟΥ" }, "geometry": { "type": "Point", "coordinates": [ 25.980129, 39.234005 ] } },
{ "type": "Feature", "properties": { "fid": 421, "mm_id": 1013951, "name": "ΗΜΕΡΗΣΙΟ ΓΥΜΝΑΣΙΟ ΓΕΡΑΣ" }, "geometry": { "type": "Point", "coordinates": [ 26.456774, 39.042666 ] } },
{ "type": "Feature", "properties": { "fid": 422, "mm_id": 1013955, "name": "ΗΜΕΡΗΣΙΟ ΓΥΜΝΑΣΙΟ ΕΡΕΣΟΥ - ΘΕΟΦΡΑΣΤΕΙΟ" }, "geometry": { "type": "Point", "coordinates": [ 25.935431, 39.16943 ] } },
{ "type": "Feature", "properties": { "fid": 423, "mm_id": 1013956, "name": "ΗΜΕΡΗΣΙΟ ΓΥΜΝΑΣΙΟ ΙΠΠΕΙΟΥ ΛΕΣΒΟΥ" }, "geometry": { "type": "Point", "coordinates": [ 26.411794, 39.11815 ] } },
{ "type": "Feature", "properties": { "fid": 424, "mm_id": 1013950, "name": "ΗΜΕΡΗΣΙΟ ΓΥΜΝΑΣΙΟ ΜΑΝΤΑΜΑΔΟΥ ΛΕΣΒΟΥ - ΓΥΜΝΑΣΙΟ ΜΑΝΤΑΜΑΔΟΥ" }, "geometry": { "type": "Point", "coordinates": [ 26.333711, 39.309993 ] } },
{ "type": "Feature", "properties": { "fid": 425, "mm_id": 1018594, "name": "ΗΜΕΡΗΣΙΟ ΓΥΜΝΑΣΙΟ ΜΟΡΙΑΣ ΛΕΣΒΟΥ" }, "geometry": { "type": "Point", "coordinates": [ 26.517277, 39.131321 ] } },
{ "type": "Feature", "properties": { "fid": 426, "mm_id": 1001179, "name": "ΗΜΕΡΗΣΙΟ ΓΥΜΝΑΣΙΟ ΠΑΜΦΙΛΩΝ ΛΕΣΒΟΥ \"ΔΗΜΗΤΡΙΟΣ Γ. ΝΙΑΝΙΑΣ\"" }, "geometry": { "type": "Point", "coordinates": [ 26.521226, 39.154808 ] } },
{ "type": "Feature", "properties": { "fid": 427, "mm_id": 1013957, "name": "ΗΜΕΡΗΣΙΟ ΓΥΜΝΑΣΙΟ ΠΕΤΡΑΣ ΛΕΣΒΟΥ" }, "geometry": { "type": "Point", "coordinates": [ 26.187278, 39.327263 ] } },
{ "type": "Feature", "properties": { "fid": 428, "mm_id": 1013952, "name": "ΗΜΕΡΗΣΙΟ ΓΥΜΝΑΣΙΟ ΠΛΩΜΑΡΙΟΥ ΛΕΣΒΟΥ" }, "geometry": { "type": "Point", "coordinates": [ 26.375798, 38.976275 ] } },
{ "type": "Feature", "properties": { "fid": 429, "mm_id": 1013953, "name": "ΗΜΕΡΗΣΙΟ ΓΥΜΝΑΣΙΟ ΠΟΛΙΧΝΙΤΟΥ ΛΕΣΒΟΥ" }, "geometry": { "type": "Point", "coordinates": [ 26.18638, 39.084261 ] } },
{ "type": "Feature", "properties": { "fid": 430, "mm_id": 1013962, "name": "ΗΜΕΡΗΣΙΟ ΓΥΜΝΑΣΙΟ ΠΥΡΓΟΙ ΘΕΡΜΗΣ - ΓΥΜΝΑΣΙΟ ΘΕΡΜΗΣ ΛΕΣΒΟΥ" }, "geometry": { "type": "Point", "coordinates": [ 26.504479, 39.171872 ] } },
{ "type": "Feature", "properties": { "fid": 431, "mm_id": 1013958, "name": "ΗΜΕΡΗΣΙΟ ΓΥΜΝΑΣΙΟ ΦΙΛΙΑΣ ΛΕΣΒΟΥ - ΚΑΛΦΑΓΙΑΝΝΕΙΟ" }, "geometry": { "type": "Point", "coordinates": [ 26.13949, 39.260849 ] } },
{ "type": "Feature", "properties": { "fid": 432, "mm_id": 1026832, "name": "ΜΟΥΣΙΚΟ ΓΥΜΝΑΣΙΟ & Λ.Τ. ΔΥΤΙΚΗΣ ΛΕΣΒΟΥ" }, "geometry": { "type": "Point", "coordinates": [ 26.207659, 39.233766 ] } },
{ "type": "Feature", "properties": { "fid": 433, "mm_id": 1013946, "name": "ΜΟΥΣΙΚΟ ΣΧΟΛΕΙΟ ΜΥΤΙΛΗΝΗΣ" }, "geometry": { "type": "Point", "coordinates": [ 26.526429, 39.148356 ] } },
{ "type": "Feature", "properties": { "fid": 434, "mm_id": 1001077, "name": "1ο ΓΥΜΝΑΣΙΟ ΣΥΡΟΥ - ΠΕΙΡΑΜΑΤΙΚΟ" }, "geometry": { "type": "Point", "coordinates": [ 24.936459, 37.447701 ] } },
{ "type": "Feature", "properties": { "fid": 435, "mm_id": 1001078, "name": "2ο ΓΥΜΝΑΣΙΟ ΣΥΡΟΥ" }, "geometry": { "type": "Point", "coordinates": [ 24.937553, 37.447709 ] } },
{ "type": "Feature", "properties": { "fid": 436, "mm_id": 1001079, "name": "3ο ΓΥΜΝΑΣΙΟ ΣΥΡΟΥ" }, "geometry": { "type": "Point", "coordinates": [ 24.936683, 37.447627 ] } },
{ "type": "Feature", "properties": { "fid": 437, "mm_id": 1001142, "name": "ΕΝΙΑΙΟ ΕΙΔΙΚΟ ΕΠΑΓΓΕΛΜΑΤΙΚΟ ΓΥΜΝΑΣΙΟ - ΛΥΚΕΙΟ (ΕΝ.Ε.Ε.ΓΥ.-Λ.) ΣΥΡΟΥ" }, "geometry": { "type": "Point", "coordinates": [ 24.937477, 37.424779 ] } },
{ "type": "Feature", "properties": { "fid": 438, "mm_id": 1001081, "name": "ΕΣΠΕΡΙΝΟ ΓΥΜΝΑΣΙΟ με Λ.Τ. ΣΥΡΟΥ" }, "geometry": { "type": "Point", "coordinates": [ 24.936727, 37.447547 ] } },
{ "type": "Feature", "properties": { "fid": 439, "mm_id": 1026351, "name": "Ιδιωτικό Γυμνάσιο-ΒΑΜΒΑΚΑΡΕΙΟ" }, "geometry": { "type": "Point", "coordinates": [ 24.93931, 37.448063 ] } },
{ "type": "Feature", "properties": { "fid": 440, "mm_id": 1015417, "name": "ΗΜΕΡΗΣΙΟ ΓΥΜΝΑΣΙΟ ΛΙΜΕΝΑ ΘΑΣΟΥ ΚΑΒΑΛΑΣ" }, "geometry": { "type": "Point", "coordinates": [ 24.702018, 40.777112 ] } },
{ "type": "Feature", "properties": { "fid": 441, "mm_id": 1015421, "name": "ΗΜΕΡΗΣΙΟ ΓΥΜΝΑΣΙΟ ΛΙΜΕΝΑΡΙΩΝ ΘΑΣΟΥ" }, "geometry": { "type": "Point", "coordinates": [ 24.573223, 40.631155 ] } },
{ "type": "Feature", "properties": { "fid": 442, "mm_id": 1015426, "name": "ΗΜΕΡΗΣΙΟ ΓΥΜΝΑΣΙΟ ΠΡΙΝΟΥ" }, "geometry": { "type": "Point", "coordinates": [ 24.577435, 40.740813 ] } },
{ "type": "Feature", "properties": { "fid": 443, "mm_id": 1015509, "name": "1ο ΗΜΕΡΗΣΙΟ ΓΥΜΝΑΣΙΟ ΑΡΓΟΥΣ ΟΡΕΣΤΙΚΟΥ ΚΑΣΤΟΡΙΑ" }, "geometry": { "type": "Point", "coordinates": [ 21.263038, 40.448327 ] } },
{ "type": "Feature", "properties": { "fid": 444, "mm_id": 1015503, "name": "1ο ΠΡΟΤΥΠΟ ΓΥΜΝΑΣΙΟ ΚΑΣΤΟΡΙΑΣ" }, "geometry": { "type": "Point", "coordinates": [ 21.264124, 40.537127 ] } },
{ "type": "Feature", "properties": { "fid": 445, "mm_id": 1015510, "name": "2ο ΗΜΕΡΗΣΙΟ ΓΥΜΝΑΣΙΟ ΑΡΓΟΥΣ ΟΡΕΣΤΙΚΟΥ ΚΑΣΤΟΡΙΑΣ" }, "geometry": { "type": "Point", "coordinates": [ 21.260019, 40.46012 ] } },
{ "type": "Feature", "properties": { "fid": 446, "mm_id": 1015504, "name": "2ο ΗΜΕΡΗΣΙΟ ΓΥΜΝΑΣΙΟ ΚΑΣΤΟΡΙΑΣ" }, "geometry": { "type": "Point", "coordinates": [ 21.261467, 40.527126 ] } },
{ "type": "Feature", "properties": { "fid": 447, "mm_id": 1015505, "name": "3ο ΗΜΕΡΗΣΙΟ ΓΥΜΝΑΣΙΟ ΚΑΣΤΟΡΙΑΣ - ΓΕΡΜΑΝΟΣ ΚΑΡΑΒΑΓΓΕΛΗΣ" }, "geometry": { "type": "Point", "coordinates": [ 21.270779, 40.520142 ] } },
{ "type": "Feature", "properties": { "fid": 448, "mm_id": 1015506, "name": "4ο ΗΜΕΡΗΣΙΟ ΓΥΜΝΑΣΙΟ ΚΑΣΤΟΡΙΑΣ" }, "geometry": { "type": "Point", "coordinates": [ 21.253012, 40.514702 ] } },
{ "type": "Feature", "properties": { "fid": 449, "mm_id": 1025271, "name": "ΕΝΙΑΙΟ ΕΙΔΙΚΟ ΕΠΑΓΓΕΛΜΑΤΙΚΟ ΓΥΜΝΑΣΙΟ - ΛΥΚΕΙΟ ΚΑΣΤΟΡΙΑΣ" }, "geometry": { "type": "Point", "coordinates": [ 21.27187, 40.519177 ] } },
{ "type": "Feature", "properties": { "fid": 450, "mm_id": 1015507, "name": "ΕΣΠΕΡΙΝΟ ΓΥΜΝΑΣΙΟ ΚΑΣΤΟΡΙΑΣ" }, "geometry": { "type": "Point", "coordinates": [ 21.259704, 40.531941 ] } },
{ "type": "Feature", "properties": { "fid": 451, "mm_id": 1015515, "name": "ΗΜΕΡΗΣΙΟ ΓΥΜΝΑΣΙΟ ΒΟΓΑΤΣΙΚΟΥ ΚΑΣΤΟΡΙΑΣ" }, "geometry": { "type": "Point", "coordinates": [ 21.377397, 40.417561 ] } },
{ "type": "Feature", "properties": { "fid": 452, "mm_id": 1015516, "name": "ΗΜΕΡΗΣΙΟ ΓΥΜΝΑΣΙΟ ΚΟΡΗΣΟΥ ΚΑΣΤΟΡΙΑΣ" }, "geometry": { "type": "Point", "coordinates": [ 21.379252, 40.503568 ] } },
{ "type": "Feature", "properties": { "fid": 453, "mm_id": 1015521, "name": "ΗΜΕΡΗΣΙΟ ΓΥΜΝΑΣΙΟ ΜΑΝΙΑΚΩΝ ΚΑΣΤΟΡΙΑΣ" }, "geometry": { "type": "Point", "coordinates": [ 21.243485, 40.49942 ] } },
{ "type": "Feature", "properties": { "fid": 454, "mm_id": 1015517, "name": "ΗΜΕΡΗΣΙΟ ΓΥΜΝΑΣΙΟ ΜΑΥΡΟΧΩΡΙΟΥ ΚΑΣΤΟΡΙΑΣ" }, "geometry": { "type": "Point", "coordinates": [ 21.317538, 40.516481 ] } },
{ "type": "Feature", "properties": { "fid": 455, "mm_id": 1015519, "name": "ΗΜΕΡΗΣΙΟ ΓΥΜΝΑΣΙΟ ΜΕΣΟΠΟΤΑΜΙΑΣ ΚΑΣΤΟΡΙΑΣ" }, "geometry": { "type": "Point", "coordinates": [ 21.159287, 40.504292 ] } },
{ "type": "Feature", "properties": { "fid": 456, "mm_id": 1015514, "name": "ΗΜΕΡΗΣΙΟ ΓΥΜΝΑΣΙΟ ΝΕΣΤΟΡΙΟΥ ΚΑΣΤΟΡΙΑΣ" }, "geometry": { "type": "Point", "coordinates": [ 21.058834, 40.415449 ] } },
{ "type": "Feature", "properties": { "fid": 457, "mm_id": 1015520, "name": "ΗΜΕΡΗΣΙΟ ΓΥΜΝΑΣΙΟ ΟΙΝΟΗΣ ΚΑΣΤΟΡΙΑΣ" }, "geometry": { "type": "Point", "coordinates": [ 21.083302, 40.520246 ] } },
{ "type": "Feature", "properties": { "fid": 458, "mm_id": 1015522, "name": "ΗΜΕΡΗΣΙΟ ΓΥΜΝΑΣΙΟ ΠΕΝΤΑΒΡΥΣΟΥ ΚΑΣΤΟΡΙΑΣ" }, "geometry": { "type": "Point", "coordinates": [ 21.141981, 40.454283 ] } },
{ "type": "Feature", "properties": { "fid": 459, "mm_id": 1025335, "name": "ΜΟΥΣΙΚΟ ΓΥΜΝΑΣΙΟ ΚΑΣΤΟΡΙΑΣ" }, "geometry": { "type": "Point", "coordinates": [ 21.259203, 40.531689 ] } },
{ "type": "Feature", "properties": { "fid": 460, "mm_id": 1016259, "name": "1ο ΗΜΕΡΗΣΙΟ ΓΥΜΝΑΣΙΟ ΣΕΡΡΩΝ" }, "geometry": { "type": "Point", "coordinates": [ 23.550165, 41.093157 ] } },
{ "type": "Feature", "properties": { "fid": 461, "mm_id": 1016260, "name": "2ο ΓΥΜΝΑΣΙΟ ΣΕΡΡΩΝ" }, "geometry": { "type": "Point", "coordinates": [ 23.539389, 41.08355 ] } },
{ "type": "Feature", "properties": { "fid": 462, "mm_id": 1016261, "name": "3ο ΓΥΜΝΑΣΙΟ ΣΕΡΡΩΝ" }, "geometry": { "type": "Point", "coordinates": [ 23.550947, 41.095362 ] } },
{ "type": "Feature", "properties": { "fid": 463, "mm_id": 1016262, "name": "4ο ΓΥΜΝΑΣΙΟ ΣΕΡΡΩΝ" }, "geometry": { "type": "Point", "coordinates": [ 23.543119, 41.081915 ] } },
{ "type": "Feature", "properties": { "fid": 464, "mm_id": 1016263, "name": "5ο ΓΥΜΝΑΣΙΟ ΣΕΡΡΩΝ" }, "geometry": { "type": "Point", "coordinates": [ 23.541658, 41.089939 ] } },
{ "type": "Feature", "properties": { "fid": 465, "mm_id": 1017853, "name": "6ο ΓΥΜΝΑΣΙΟ ΣΕΡΡΩΝ" }, "geometry": { "type": "Point", "coordinates": [ 23.563584, 41.087166 ] } },
{ "type": "Feature", "properties": { "fid": 466, "mm_id": 1016302, "name": "ΓΥΜΝΑΣΙΟ ΑΓΙΟΥ ΠΝΕΥΜΑΤΟΣ ΣΕΡΡΩΝ" }, "geometry": { "type": "Point", "coordinates": [ 23.67898, 41.097333 ] } },
{ "type": "Feature", "properties": { "fid": 467, "mm_id": 1016286, "name": "ΓΥΜΝΑΣΙΟ ΒΥΡΩΝΕΙΑΣ ΣΕΡΡΩΝ" }, "geometry": { "type": "Point", "coordinates": [ 23.252163, 41.269208 ] } },
{ "type": "Feature", "properties": { "fid": 468, "mm_id": 1016278, "name": "ΓΥΜΝΑΣΙΟ ΔΗΜΗΤΡΙΤΣΙΟΥ ΣΕΡΡΩΝ" }, "geometry": { "type": "Point", "coordinates": [ 23.41342, 40.988856 ] } },
{ "type": "Feature", "properties": { "fid": 469, "mm_id": 1016298, "name": "ΓΥΜΝΑΣΙΟ ΔΡΑΒΗΣΚΟΥ ΣΕΡΡΩΝ" }, "geometry": { "type": "Point", "coordinates": [ 23.87117, 40.917679 ] } },
{ "type": "Feature", "properties": { "fid": 470, "mm_id": 1016269, "name": "ΓΥΜΝΑΣΙΟ ΗΡΑΚΛΕΙΑΣ ΣΕΡΡΩΝ" }, "geometry": { "type": "Point", "coordinates": [ 23.281839, 41.187448 ] } },
{ "type": "Feature", "properties": { "fid": 471, "mm_id": 1016271, "name": "ΓΥΜΝΑΣΙΟ ΚΑΤΩ ΠΟΡΟΙΩΝ ΣΕΡΡΩΝ" }, "geometry": { "type": "Point", "coordinates": [ 23.008404, 41.281285 ] } },
{ "type": "Feature", "properties": { "fid": 472, "mm_id": 1016299, "name": "ΓΥΜΝΑΣΙΟ ΚΟΙΜΗΣΗΣ ΣΕΡΡΩΝ" }, "geometry": { "type": "Point", "coordinates": [ 23.299638, 41.213033 ] } },
{ "type": "Feature", "properties": { "fid": 473, "mm_id": 1016280, "name": "ΓΥΜΝΑΣΙΟ ΛΕΥΚΩΝΑ ΣΕΡΡΩΝ" }, "geometry": { "type": "Point", "coordinates": [ 23.489082, 41.101674 ] } },
{ "type": "Feature", "properties": { "fid": 474, "mm_id": 1016272, "name": "ΓΥΜΝΑΣΙΟ ΛΙΒΑΔΙΑΣ ΣΕΡΡΩΝ" }, "geometry": { "type": "Point", "coordinates": [ 23.072252, 41.256343 ] } },
{ "type": "Feature", "properties": { "fid": 475, "mm_id": 1016289, "name": "ΓΥΜΝΑΣΙΟ ΜΑΥΡΟΘΑΛΑΣΣΑΣ ΣΕΡΡΩΝ" }, "geometry": { "type": "Point", "coordinates": [ 23.748852, 40.888672 ] } },
{ "type": "Feature", "properties": { "fid": 476, "mm_id": 1016273, "name": "ΓΥΜΝΑΣΙΟ ΝΕΑΣ ΖΙΧΝΗΣ ΣΕΡΡΩΝ" }, "geometry": { "type": "Point", "coordinates": [ 23.829408, 41.027959 ] } },
{ "type": "Feature", "properties": { "fid": 477, "mm_id": 1018240, "name": "ΓΥΜΝΑΣΙΟ ΝΕΟΥ ΠΕΤΡΙΤΣΙΟΥ ΣΕΡΡΩΝ" }, "geometry": { "type": "Point", "coordinates": [ 23.294976, 41.272953 ] } },
{ "type": "Feature", "properties": { "fid": 478, "mm_id": 1016301, "name": "ΓΥΜΝΑΣΙΟ ΝΕΟΥ ΣΟΥΛΙΟΥ ΣΕΡΡΩΝ" }, "geometry": { "type": "Point", "coordinates": [ 23.461703, 41.082043 ] } },
{ "type": "Feature", "properties": { "fid": 479, "mm_id": 1016300, "name": "ΓΥΜΝΑΣΙΟ ΠΑΛΑΙΟΚΩΜΗΣ ΣΕΡΡΩΝ" }, "geometry": { "type": "Point", "coordinates": [ 23.903984, 40.876751 ] } },
{ "type": "Feature", "properties": { "fid": 480, "mm_id": 1016282, "name": "ΓΥΜΝΑΣΙΟ ΠΡΩΤΗΣ ΣΕΡΡΩΝ" }, "geometry": { "type": "Point", "coordinates": [ 24.003001, 40.94109 ] } },
{ "type": "Feature", "properties": { "fid": 481, "mm_id": 1018239, "name": "ΓΥΜΝΑΣΙΟ ΣΙΔΗΡΟΚΑΣΤΡΟΥ ΣΕΡΡΩΝ - ΠΑΛΛΑΤΙΔΕΙΟ" }, "geometry": { "type": "Point", "coordinates": [ 23.387287, 41.235692 ] } },
{ "type": "Feature", "properties": { "fid": 482, "mm_id": 1016285, "name": "ΓΥΜΝΑΣΙΟ ΣΚΟΤΟΥΣΣΗΣ ΣΕΡΡΩΝ" }, "geometry": { "type": "Point", "coordinates": [ 23.376204, 41.125793 ] } },
{ "type": "Feature", "properties": { "fid": 483, "mm_id": 1018699, "name": "ΓΥΜΝΑΣΙΟ ΣΚΟΥΤΑΡΕΩΣ ΣΕΡΡΩΝ" }, "geometry": { "type": "Point", "coordinates": [ 23.520406, 41.022118 ] } },
{ "type": "Feature", "properties": { "fid": 484, "mm_id": 1016288, "name": "ΓΥΜΝΑΣΙΟ ΣΤΡΥΜΟΝΙΚΟΥ ΣΕΡΡΩΝ" }, "geometry": { "type": "Point", "coordinates": [ 23.314975, 41.043219 ] } },
{ "type": "Feature", "properties": { "fid": 485, "mm_id": 1016305, "name": "ΕΝΙΑΙΟ ΕΙΔΙΚΟ ΕΠΑΓΓΕΛΜΑΤΙΚΟ ΓΥΜΝΑΣΙΟ-ΛΥΚΕΙΟ ΣΕΡΡΩΝ" }, "geometry": { "type": "Point", "coordinates": [ 23.586029, 41.089838 ] } },
{ "type": "Feature", "properties": { "fid": 486, "mm_id": 1017854, "name": "ΕΣΠΕΡΙΝΟ ΓΥΜΝΑΣΙΟ ΣΕΡΡΩΝ ΜΕ ΛΥΚΕΙΑΚΕΣ ΤΑΞΕΙΣ" }, "geometry": { "type": "Point", "coordinates": [ 23.543578, 41.081257 ] } },
{ "type": "Feature", "properties": { "fid": 487, "mm_id": 1016267, "name": "ΗΜΕΡΗΣΙΟ ΓΥΜΝΑΣΙΟ ΑΛΙΣΤΡΑΤΗΣ ΣΕΡΡΩΝ" }, "geometry": { "type": "Point", "coordinates": [ 23.958972, 41.063548 ] } },
{ "type": "Feature", "properties": { "fid": 488, "mm_id": 1016293, "name": "ΗΜΕΡΗΣΙΟ ΓΥΜΝΑΣΙΟ ΝΕΟΥ ΣΚΟΠΟΥ ΣΕΡΡΩΝ" }, "geometry": { "type": "Point", "coordinates": [ 23.613284, 41.02682 ] } },
{ "type": "Feature", "properties": { "fid": 489, "mm_id": 1016277, "name": "ΗΜΕΡΗΣΙΟ ΓΥΜΝΑΣΙΟ ΝΙΓΡΙΤΑΣ ΣΕΡΡΩΝ" }, "geometry": { "type": "Point", "coordinates": [ 23.500352, 40.912988 ] } },
{ "type": "Feature", "properties": { "fid": 490, "mm_id": 1001256, "name": "ΙΔΙΩΤΙΚΟ ΓΥΜΝΑΣΙΟ ΣΕΡΡΕΣ - ΑΡΙΣΤΟΤΕΛΕΙΟ ΕΚΠΑΙΔΕΥΤΗΡΙΟ" }, "geometry": { "type": "Point", "coordinates": [ 22.795555, 39.214443 ] } },
{ "type": "Feature", "properties": { "fid": 491, "mm_id": 1016265, "name": "ΜΟΥΣΙΚΟ ΓΥΜΝΑΣΙΟ ΣΕΡΡΩΝ-ΛΥΚΕΙΑΚΕΣ ΤΑΞΕΙΣ" }, "geometry": { "type": "Point", "coordinates": [ 23.556251, 41.073276 ] } },
{ "type": "Feature", "properties": { "fid": 492, "mm_id": 1014891, "name": "1ο ΗΜΕΡΗΣΙΟ ΓΥΜΝΑΣΙΟ ΔΡΑΜΑΣ" }, "geometry": { "type": "Point", "coordinates": [ 24.139426, 41.156623 ] } },
{ "type": "Feature", "properties": { "fid": 493, "mm_id": 1018185, "name": "2ο ΗΜΕΡΗΣΙΟ ΓΥΜΝΑΣΙΟ ΔΡΑΜΑΣ" }, "geometry": { "type": "Point", "coordinates": [ 24.134902, 41.152483 ] } },
{ "type": "Feature", "properties": { "fid": 494, "mm_id": 1014892, "name": "3ο ΗΜΕΡΗΣΙΟ ΓΥΜΝΑΣΙΟ ΔΡΑΜΑΣ" }, "geometry": { "type": "Point", "coordinates": [ 24.120228, 41.133954 ] } },
{ "type": "Feature", "properties": { "fid": 495, "mm_id": 1014893, "name": "4ο ΗΜΕΡΗΣΙΟ ΓΥΜΝΑΣΙΟ ΔΡΑΜΑΣ" }, "geometry": { "type": "Point", "coordinates": [ 24.147462, 41.136595 ] } },
{ "type": "Feature", "properties": { "fid": 496, "mm_id": 1014894, "name": "5ο ΗΜΕΡΗΣΙΟ ΓΥΜΝΑΣΙΟ ΔΡΑΜΑΣ" }, "geometry": { "type": "Point", "coordinates": [ 24.164958, 41.150539 ] } },
{ "type": "Feature", "properties": { "fid": 497, "mm_id": 1014895, "name": "6ο ΗΜΕΡΗΣΙΟ ΓΥΜΝΑΣΙΟ ΔΡΑΜΑΣ" }, "geometry": { "type": "Point", "coordinates": [ 24.153077, 41.159738 ] } },
{ "type": "Feature", "properties": { "fid": 498, "mm_id": 1014901, "name": "ΓΥΜΝΑΣΙΟ με Λ.Τ. ΠΑΡΑΝΕΣΤΙΟΥ" }, "geometry": { "type": "Point", "coordinates": [ 24.499322, 41.267008 ] } },
{ "type": "Feature", "properties": { "fid": 499, "mm_id": 1014909, "name": "ΓΥΜΝΑΣΙΟ ΜΕ ΛΥΚΕΙΑΚΕΣ ΤΑΞΕΙΣ ΝΙΚΗΦΟΡΟΥ" }, "geometry": { "type": "Point", "coordinates": [ 24.300105, 41.160997 ] } },
{ "type": "Feature", "properties": { "fid": 500, "mm_id": 1014917, "name": "Ενιαίο Ειδικό Επαγγελματικό Γυμνάσιο-Λύκειο Δράμας" }, "geometry": { "type": "Point", "coordinates": [ 24.134763, 41.152015 ] } },
{ "type": "Feature", "properties": { "fid": 501, "mm_id": 1018585, "name": "ΕΣΠΕΡΙΝΟ ΓΥΜΝΑΣΙΟ ΔΡΑΜΑΣ" }, "geometry": { "type": "Point", "coordinates": [ 24.134729, 41.151818 ] } },
{ "type": "Feature", "properties": { "fid": 502, "mm_id": 1014898, "name": "ΗΜΕΡΗΣΙΟ ΓΥΜΝΑΣΙΟ ΑΓΙΟΥ ΑΘΑΝΑΣΙΟΥ ΔΡΑΜΑΣ" }, "geometry": { "type": "Point", "coordinates": [ 24.23833, 41.073576 ] } },
{ "type": "Feature", "properties": { "fid": 503, "mm_id": 1014897, "name": "ΗΜΕΡΗΣΙΟ ΓΥΜΝΑΣΙΟ ΔΟΞΑΤΟΥ" }, "geometry": { "type": "Point", "coordinates": [ 24.231353, 41.096022 ] } },
{ "type": "Feature", "properties": { "fid": 504, "mm_id": 1014908, "name": "ΗΜΕΡΗΣΙΟ ΓΥΜΝΑΣΙΟ ΚΑΛΑΜΠΑΚΙΟΥ ΔΡΑΜΑΣ" }, "geometry": { "type": "Point", "coordinates": [ 24.157123, 41.019338 ] } },
{ "type": "Feature", "properties": { "fid": 505, "mm_id": 1014903, "name": "ΗΜΕΡΗΣΙΟ ΓΥΜΝΑΣΙΟ ΚΑΤΩ ΝΕΥΡΟΚΟΠΙΟΥ ΔΡΑΜΑΣ" }, "geometry": { "type": "Point", "coordinates": [ 23.867196, 41.340871 ] } },
{ "type": "Feature", "properties": { "fid": 506, "mm_id": 1018186, "name": "ΗΜΕΡΗΣΙΟ ΓΥΜΝΑΣΙΟ ΚΥΡΓΙΩΝ ΔΡΑΜΑΣ" }, "geometry": { "type": "Point", "coordinates": [ 24.28377, 41.09829 ] } },
{ "type": "Feature", "properties": { "fid": 507, "mm_id": 1014906, "name": "ΗΜΕΡΗΣΙΟ ΓΥΜΝΑΣΙΟ ΠΡΟΣΟΤΣΑΝΗΣ ΔΡΑΜΑΣ" }, "geometry": { "type": "Point", "coordinates": [ 23.977375, 41.182699 ] } },
{ "type": "Feature", "properties": { "fid": 508, "mm_id": 1014912, "name": "ΗΜΕΡΗΣΙΟ ΓΥΜΝΑΣΙΟ ΦΩΤΟΛΙΒΟΥΣ ΔΡΑΜΑΣ" }, "geometry": { "type": "Point", "coordinates": [ 24.051482, 41.058525 ] } },
{ "type": "Feature", "properties": { "fid": 509, "mm_id": 1027192, "name": "ΚΑΛΛΙΤΕΧΝΙΚΟ ΓΥΜΝΑΣΙΟ ΔΡΑΜΑΣ" }, "geometry": { "type": "Point", "coordinates": [ 24.017131, 41.195291 ] } },
{ "type": "Feature", "properties": { "fid": 510, "mm_id": 1014899, "name": "ΜΟΥΣΙΚΟ ΣΧΟΛΕΙΟ ΔΡΑΜΑΣ (ΜΟΥΣΙΚΟ ΓΥΜΝΑΣΙΟ-ΜΟΥΣΙΚΟ ΓΕΝΙΚΟ ΛΥΚΕΙΟ)" }, "geometry": { "type": "Point", "coordinates": [ 24.18008, 41.139554 ] } },
{ "type": "Feature", "properties": { "fid": 511, "mm_id": 1017915, "name": "ΗΜΕΡΗΣΙΟ ΓΥΜΝΑΣΙΟ ΑΠΕΡΙΟΥ ΚΑΡΠΑΘΟΥ" }, "geometry": { "type": "Point", "coordinates": [ 27.171904, 35.550198 ] } },
{ "type": "Feature", "properties": { "fid": 512, "mm_id": 1000789, "name": "ΗΜΕΡΗΣΙΟ ΓΥΜΝΑΣΙΟ ΚΑΣΟΥ - ΓΥΜΝΑΣΙΟ ΚΑΙ Λ.Τ. ΚΑΣΟΥ" }, "geometry": { "type": "Point", "coordinates": [ 26.921061, 35.413309 ] } },
{ "type": "Feature", "properties": { "fid": 513, "mm_id": 1000772, "name": "ΗΜΕΡΗΣΙΟ ΓΥΜΝΑΣΙΟ Λ.Τ. ΟΛΥΜΠΟΥ ΚΑΡΠΑΘΟΥ" }, "geometry": { "type": "Point", "coordinates": [ 27.171309, 35.741306 ] } },
{ "type": "Feature", "properties": { "fid": 514, "mm_id": 1000773, "name": "ΗΜΕΡΗΣΙΟ ΓΥΜΝΑΣΙΟ ΠΗΓΑΔΙΩΝ ΚΑΡΠΑΘΟΥ" }, "geometry": { "type": "Point", "coordinates": [ 27.214436, 35.507544 ] } },
{ "type": "Feature", "properties": { "fid": 515, "mm_id": 1018586, "name": "1ο ΗΜΕΡΗΣΙΟ ΓΥΜΝΑΣΙΟ ΚΑΡΠΕΝΗΣΙΟΥ" }, "geometry": { "type": "Point", "coordinates": [ 21.789388, 38.915218 ] } },
{ "type": "Feature", "properties": { "fid": 516, "mm_id": 1014989, "name": "2ο ΗΜΕΡΗΣΙΟ ΓΥΜΝΑΣΙΟ ΚΑΡΠΕΝΗΣΙΟΥ" }, "geometry": { "type": "Point", "coordinates": [ 21.809513, 38.911312 ] } },
{ "type": "Feature", "properties": { "fid": 517, "mm_id": 1014993, "name": "ΑΛΚΙΒΙΑΔΕΙΟ ΓΥΜΝΑΣΙΟ & ΛΥΚΕΙΑΚΕΣ ΤΑΞΕΙΣ ΓΥΜΝΑΣΙΟΥ ΦΟΥΡΝΑ" }, "geometry": { "type": "Point", "coordinates": [ 21.871332, 39.060497 ] } },
{ "type": "Feature", "properties": { "fid": 518, "mm_id": 1014991, "name": "ΓΥΜΝΑΣΙΟ ΔΥΤΙΚΗΣ ΦΡΑΓΚΙΣΤΑΣ" }, "geometry": { "type": "Point", "coordinates": [ 21.603446, 38.959797 ] } },
{ "type": "Feature", "properties": { "fid": 519, "mm_id": 1014995, "name": "ΓΥΜΝΑΣΙΟ-Λ.Τ. ΡΑΠΤΟΠΟΥΛΟΥ ΕΥΡΥΤΑΝΙΑΣ" }, "geometry": { "type": "Point", "coordinates": [ 21.477326, 39.15092 ] } },
{ "type": "Feature", "properties": { "fid": 520, "mm_id": 1027205, "name": "ΕΝΙΑΙΟ ΕΙΔΙΚΟ ΕΠΑΓΓΕΛΜΑΤΙΚΟ ΓΥΜΝΑΣΙΟ ΛΥΚΕΙΟ (ΕΝ.Ε.Ε.ΓΥ.-Λ.) ΚΑΡΠΕΝΗΣΙΟΥ" }, "geometry": { "type": "Point", "coordinates": [ 21.787946, 38.914775 ] } },
{ "type": "Feature", "properties": { "fid": 521, "mm_id": 1014994, "name": "ΗΜΕΡΗΣΙΟ ΓΥΜΝΑΣΙΟ ΛΥΚΕΙΑΚΕΣ ΤΑΞΕΙΣ ΓΡΑΝΙΤΣΑΣ- ΓΥΜΝΑΣΙΟ ΛΥΚΕΙΑΚΕΣ ΤΑΞΕΙΣ ΓΡΑΝΙΤΣΑΣ" }, "geometry": { "type": "Point", "coordinates": [ 21.506835, 39.101554 ] } },
{ "type": "Feature", "properties": { "fid": 522, "mm_id": 1018028, "name": "ΗΜΕΡΗΣΙΟ ΓΥΜΝΑΣΙΟ ΛΥΚΕΙΑΚΕΣ ΤΑΞΕΙΣ ΚΕΡΑΣΟΧΩΡΙΟΥ ΕΥΡΥΤΑΝΙΑΣ" }, "geometry": { "type": "Point", "coordinates": [ 21.638638, 39.005408 ] } },
{ "type": "Feature", "properties": { "fid": 523, "mm_id": 1014934, "name": "1ο ΗΜΕΡΗΣΙΟ ΓΥΜΝΑΣΙΟ ΑΛΕΞΑΝΔΡΟΥΠΟΛΗΣ - ΛΕΟΝΤΑΡΙΔΕΙΟ" }, "geometry": { "type": "Point", "coordinates": [ 25.871767, 40.852184 ] } },
{ "type": "Feature", "properties": { "fid": 524, "mm_id": 1014939, "name": "1ο ΗΜΕΡΗΣΙΟ ΓΥΜΝΑΣΙΟ ΔΙΔΥΜΟΤΕΙΧΟΥ ΕΒΡΟΥ" }, "geometry": { "type": "Point", "coordinates": [ 26.496662, 41.34876 ] } },
{ "type": "Feature", "properties": { "fid": 525, "mm_id": 1014942, "name": "1ο ΗΜΕΡΗΣΙΟ ΓΥΜΝΑΣΙΟ ΔΙΚΑΙΩΝ ΕΒΡΟΥ" }, "geometry": { "type": "Point", "coordinates": [ 26.297412, 41.702817 ] } },
{ "type": "Feature", "properties": { "fid": 526, "mm_id": 1014956, "name": "1ο ΗΜΕΡΗΣΙΟ ΓΥΜΝΑΣΙΟ ΚΥΠΡΙΝΟΥ" }, "geometry": { "type": "Point", "coordinates": [ 26.22038, 41.573309 ] } },
{ "type": "Feature", "properties": { "fid": 527, "mm_id": 1014943, "name": "1ο ΗΜΕΡΗΣΙΟ ΓΥΜΝΑΣΙΟ ΟΡΕΣΤΙΑΔΑΣ «ΜΗΤΡΟΠΟΛΙΤΗΣ ΠΟΛΥΚΑΡΠΟΣ ΒΑΡΒΑΚΗΣ»" }, "geometry": { "type": "Point", "coordinates": [ 26.523789, 41.50453 ] } },
{ "type": "Feature", "properties": { "fid": 528, "mm_id": 1014950, "name": "1ο ΗΜΕΡΗΣΙΟ ΓΥΜΝΑΣΙΟ ΣΟΥΦΛΙΟΥ" }, "geometry": { "type": "Point", "coordinates": [ 26.307417, 41.193652 ] } },
{ "type": "Feature", "properties": { "fid": 529, "mm_id": 1014951, "name": "1ο ΗΜΕΡΗΣΙΟ ΓΥΜΝΑΣΙΟ ΦΕΡΩΝ ΕΒΡΟΥ" }, "geometry": { "type": "Point", "coordinates": [ 26.168643, 40.892897 ] } },
{ "type": "Feature", "properties": { "fid": 530, "mm_id": 1018193, "name": "2ο ΗΜΕΡΗΣΙΟ ΓΥΜΝΑΣΙΟ ΑΛΕΞΑΝΔΡΟΥΠΟΛΗΣ" }, "geometry": { "type": "Point", "coordinates": [ 25.858964, 40.84904 ] } },
{ "type": "Feature", "properties": { "fid": 531, "mm_id": 1014940, "name": "2ο ΗΜΕΡΗΣΙΟ ΓΥΜΝΑΣΙΟ ΔΙΔΥΜΟΤΕΙΧΟΥ" }, "geometry": { "type": "Point", "coordinates": [ 26.4977, 41.348291 ] } },
{ "type": "Feature", "properties": { "fid": 532, "mm_id": 1014944, "name": "2ο ΗΜΕΡΗΣΙΟ ΓΥΜΝΑΣΙΟ ΟΡΕΣΤΙΑΔΑΣ - ΓΕΩΡΓΙΟΣ ΒΙΖΥΗΝΟΣ" }, "geometry": { "type": "Point", "coordinates": [ 26.521523, 41.499826 ] } },
{ "type": "Feature", "properties": { "fid": 533, "mm_id": 1014945, "name": "3ο ΓΥΜΝΑΣΙΟ ΟΡΕΣΤΙΑΔΑΣ ΕΒΡΟΥ" }, "geometry": { "type": "Point", "coordinates": [ 26.534779, 41.49631 ] } },
{ "type": "Feature", "properties": { "fid": 534, "mm_id": 1014935, "name": "3ο ΗΜΕΡΗΣΙΟ ΓΥΜΝΑΣΙΟ ΑΛΕΞΑΝΔΡΟΥΠΟΛΗΣ \"ΔΟΜΝΑ ΒΙΣΒΙΖΗ\"" }, "geometry": { "type": "Point", "coordinates": [ 25.872506, 40.852322 ] } },
{ "type": "Feature", "properties": { "fid": 535, "mm_id": 1014936, "name": "4ο ΗΜΕΡΗΣΙΟ ΓΥΜΝΑΣΙΟ ΑΛΕΞΑΝΔΡΟΥΠΟΛΗΣ-  \"ΘΕΟΔΩΡΟΣ ΚΑΣΤΑΝΟΣ\"" }, "geometry": { "type": "Point", "coordinates": [ 25.896153, 40.852363 ] } },
{ "type": "Feature", "properties": { "fid": 536, "mm_id": 1014937, "name": "5ο ΗΜΕΡΗΣΙΟ ΓΥΜΝΑΣΙΟ ΑΛΕΞΑΝΔΡΟΥΠΟΛΗΣ \n«ΕΛΕΝΗ ΦΙΛΙΠΠΙΔΗ»" }, "geometry": { "type": "Point", "coordinates": [ 25.879867, 40.856266 ] } },
{ "type": "Feature", "properties": { "fid": 537, "mm_id": 1026645, "name": "6ο ΠΕΙΡΑΜΑΤΙΚΟ ΓΥΜΝΑΣΙΟ ΑΛΕΞΑΝΔΡΟΥΠΟΛΗΣ" }, "geometry": { "type": "Point", "coordinates": [ 25.872655, 40.853016 ] } },
{ "type": "Feature", "properties": { "fid": 538, "mm_id": 1014971, "name": "Ενιαίο Ειδικό Επαγγελματικό Γυμνάσιο - Λύκειο  Αλεξανδρούπολης" }, "geometry": { "type": "Point", "coordinates": [ 25.869819, 40.867429 ] } },
{ "type": "Feature", "properties": { "fid": 539, "mm_id": 1025266, "name": "Ενιαίο Ειδικό Επαγγελματικό Γυμνάσιο - Λύκειο Ορεστιάδας" }, "geometry": { "type": "Point", "coordinates": [ 26.534966, 41.498155 ] } },
{ "type": "Feature", "properties": { "fid": 540, "mm_id": 1014933, "name": "ΕΣΠΕΡΙΝΟ ΓΥΜΝΑΣΙΟ ΑΛΕΞΑΝΔΡΟΥΠΟΛΗΣ" }, "geometry": { "type": "Point", "coordinates": [ 25.871753, 40.852275 ] } },
{ "type": "Feature", "properties": { "fid": 541, "mm_id": 1014946, "name": "ΕΣΠΕΡΙΝΟ ΓΥΜΝΑΣΙΟ ΟΡΕΣΤΙΑΔΟΣ" }, "geometry": { "type": "Point", "coordinates": [ 26.53108, 41.501402 ] } },
{ "type": "Feature", "properties": { "fid": 542, "mm_id": 1014955, "name": "ΗΜΕΡΗΣΙΟ ΓΥΜΝΑΣΙΟ ΑΝΘΕΙΑΣ ΕΒΡΟΥ" }, "geometry": { "type": "Point", "coordinates": [ 25.988208, 40.869626 ] } },
{ "type": "Feature", "properties": { "fid": 543, "mm_id": 1014957, "name": "ΗΜΕΡΗΣΙΟ ΓΥΜΝΑΣΙΟ ΛΑΒΑΡΩΝ" }, "geometry": { "type": "Point", "coordinates": [ 26.383096, 41.26987 ] } },
{ "type": "Feature", "properties": { "fid": 544, "mm_id": 1018791, "name": "ΗΜΕΡΗΣΙΟ ΓΥΜΝΑΣΙΟ ΜΕ ΛΥΚΕΙΑΚΕΣ ΤΑΞΕΙΣ ΜΕΤΑΞΑΔΩΝ" }, "geometry": { "type": "Point", "coordinates": [ 26.222331, 41.417116 ] } },
{ "type": "Feature", "properties": { "fid": 545, "mm_id": 1014952, "name": "ΗΜΕΡΗΣΙΟ ΓΥΜΝΑΣΙΟ ΝΕΑΣ ΒΥΣΣΑΣ" }, "geometry": { "type": "Point", "coordinates": [ 26.53013, 41.576193 ] } },
{ "type": "Feature", "properties": { "fid": 546, "mm_id": 1014954, "name": "ΗΜΕΡΗΣΙΟ ΓΥΜΝΑΣΙΟ ΡΙΖΙΩΝ" }, "geometry": { "type": "Point", "coordinates": [ 26.426257, 41.620626 ] } },
{ "type": "Feature", "properties": { "fid": 547, "mm_id": 1014948, "name": "ΗΜΕΡΗΣΙΟ ΓΥΜΝΑΣΙΟ ΣΑΜΟΘΡΑΚΗΣ" }, "geometry": { "type": "Point", "coordinates": [ 25.495841, 40.473742 ] } },
{ "type": "Feature", "properties": { "fid": 548, "mm_id": 1014953, "name": "ΗΜΕΡΗΣΙΟ ΓΥΜΝΑΣΙΟ ΤΥΧΕΡΟΥ" }, "geometry": { "type": "Point", "coordinates": [ 26.288319, 41.027293 ] } },
{ "type": "Feature", "properties": { "fid": 549, "mm_id": 1025083, "name": "ΜΟΥΣΙΚΟ ΓΥΜΝΑΣΙΟ ΜΕ Λ.Τ. ΑΛΕΞΑΝΔΡΟΥΠΟΛΗΣ" }, "geometry": { "type": "Point", "coordinates": [ 25.869782, 40.852861 ] } },
{ "type": "Feature", "properties": { "fid": 550, "mm_id": 1027266, "name": "ΜΟΥΣΙΚΟ ΓΥΜΝΑΣΙΟ ΟΡΕΣΤΙΑΔΑΣ" }, "geometry": { "type": "Point", "coordinates": [ 26.532879, 41.489873 ] } },
{ "type": "Feature", "properties": { "fid": 551, "mm_id": 1014597, "name": "1ο ΗΜΕΡΗΣΙΟ ΓΥΜΝΑΣΙΟ ΑΡΤΑΣ" }, "geometry": { "type": "Point", "coordinates": [ 20.981455, 39.159341 ] } },
{ "type": "Feature", "properties": { "fid": 552, "mm_id": 1014599, "name": "2ο ΗΜΕΡΗΣΙΟ ΓΥΜΝΑΣΙΟ ΑΡΤΑΣ" }, "geometry": { "type": "Point", "coordinates": [ 20.983407, 39.152068 ] } },
{ "type": "Feature", "properties": { "fid": 553, "mm_id": 1018138, "name": "3ο ΓΥΜΝΑΣΙΟ ΑΡΤΑΣ" }, "geometry": { "type": "Point", "coordinates": [ 20.982768, 39.162224 ] } },
{ "type": "Feature", "properties": { "fid": 554, "mm_id": 1014600, "name": "4ο ΗΜΕΡΗΣΙΟ ΓΥΜΝΑΣΙΟ ΑΡΤΑΣ" }, "geometry": { "type": "Point", "coordinates": [ 20.987452, 39.157899 ] } },
{ "type": "Feature", "properties": { "fid": 555, "mm_id": 1014601, "name": "5ο ΗΜΕΡΗΣΙΟ ΓΥΜΝΑΣΙΟ ΑΡΤΑΣ" }, "geometry": { "type": "Point", "coordinates": [ 21.001542, 39.155598 ] } },
{ "type": "Feature", "properties": { "fid": 556, "mm_id": 1014605, "name": "ΓΥΜΝΑΣΙΟ - ΛΥΚΕΙΑΚΕΣ ΤΑΞΕΙΣ ΑΓΝΑΝΤΩΝ" }, "geometry": { "type": "Point", "coordinates": [ 21.080949, 39.473991 ] } },
{ "type": "Feature", "properties": { "fid": 557, "mm_id": 1014609, "name": "ΓΥΜΝΑΣΙΟ ΑΝΩ ΚΑΛΕΝΤΙΝΗΣ" }, "geometry": { "type": "Point", "coordinates": [ 21.161369, 39.253685 ] } },
{ "type": "Feature", "properties": { "fid": 558, "mm_id": 1014606, "name": "ΓΥΜΝΑΣΙΟ ΒΟΥΡΓΑΡΕΛΙΟΥ" }, "geometry": { "type": "Point", "coordinates": [ 21.182095, 39.373553 ] } },
{ "type": "Feature", "properties": { "fid": 559, "mm_id": 1026991, "name": "Ενιαίο Ειδικό Επαγγελματικό Γυμνάσιο - Λύκειο (ΕΝ.Ε.Ε.ΓΥ. - Λ.) Άρτας" }, "geometry": { "type": "Point", "coordinates": [ 20.997576, 39.154324 ] } },
{ "type": "Feature", "properties": { "fid": 560, "mm_id": 1014598, "name": "ΕΣΠΕΡΙΝΟ ΓΥΜΝΑΣΙΟ ΑΡΤΑΣ - ΕΣΠΕΡΙΝΟ ΓΥΜΝΑΣΙΟ ΑΡΤΑΣ" }, "geometry": { "type": "Point", "coordinates": [ 20.983307, 39.152235 ] } },
{ "type": "Feature", "properties": { "fid": 561, "mm_id": 1014614, "name": "ΗΜΕΡΗΣΙΟ ΓΥΜΝΑΣΙΟ ΑΝΕΖΑΣ ΑΡΤΑΣ" }, "geometry": { "type": "Point", "coordinates": [ 20.920793, 39.087709 ] } },
{ "type": "Feature", "properties": { "fid": 562, "mm_id": 1014603, "name": "ΗΜΕΡΗΣΙΟ ΓΥΜΝΑΣΙΟ ΓΡΑΜΜΕΝΙΤΣΑΣ ΑΡΤΑΣ" }, "geometry": { "type": "Point", "coordinates": [ 20.97086, 39.189714 ] } },
{ "type": "Feature", "properties": { "fid": 563, "mm_id": 1014612, "name": "ΗΜΕΡΗΣΙΟ ΓΥΜΝΑΣΙΟ ΚΟΜΠΟΤΙΟΥ" }, "geometry": { "type": "Point", "coordinates": [ 21.076785, 39.104586 ] } },
{ "type": "Feature", "properties": { "fid": 564, "mm_id": 1014619, "name": "ΗΜΕΡΗΣΙΟ ΓΥΜΝΑΣΙΟ ΚΩΣΤΑΚΙΩΝ ΑΡΤΑΣ - ΓΥΜΝΑΣΙΟ ΚΩΣΤΑΚΙΩΝ" }, "geometry": { "type": "Point", "coordinates": [ 20.953051, 39.135445 ] } },
{ "type": "Feature", "properties": { "fid": 565, "mm_id": 1014613, "name": "ΗΜΕΡΗΣΙΟ ΓΥΜΝΑΣΙΟ ΝΕΟΧΩΡΙΟΥ ΑΡΤΑΣ" }, "geometry": { "type": "Point", "coordinates": [ 21.013813, 39.069184 ] } },
{ "type": "Feature", "properties": { "fid": 566, "mm_id": 1014618, "name": "ΗΜΕΡΗΣΙΟ ΓΥΜΝΑΣΙΟ ΠΑΝΑΓΙΑΣ ΔΙΑΣΕΛΛΟΥ ΑΡΤΑΣ" }, "geometry": { "type": "Point", "coordinates": [ 21.130691, 39.195799 ] } },
{ "type": "Feature", "properties": { "fid": 567, "mm_id": 1014617, "name": "ΗΜΕΡΗΣΙΟ ΓΥΜΝΑΣΙΟ ΠΕΤΑ" }, "geometry": { "type": "Point", "coordinates": [ 21.034166, 39.17428 ] } },
{ "type": "Feature", "properties": { "fid": 568, "mm_id": 1014620, "name": "ΗΜΕΡΗΣΙΟ ΓΥΜΝΑΣΙΟ ΦΙΛΟΘΕΗΣ ΑΡΤΑΣ" }, "geometry": { "type": "Point", "coordinates": [ 20.920074, 39.161821 ] } },
{ "type": "Feature", "properties": { "fid": 569, "mm_id": 1014602, "name": "ΜΟΥΣΙΚΟ ΣΧΟΛΕΙΟ ΑΡΤΑΣ" }, "geometry": { "type": "Point", "coordinates": [ 20.919912, 39.162538 ] } },
{ "type": "Feature", "properties": { "fid": 570, "mm_id": 1015005, "name": "1ο ΗΜΕΡΗΣΙΟ ΓΥΜΝΑΣΙΟ ΖΑΚΥΝΘΟΥ" }, "geometry": { "type": "Point", "coordinates": [ 20.896515, 37.789069 ] } },
{ "type": "Feature", "properties": { "fid": 571, "mm_id": 1015006, "name": "2ο ΗΜΕΡΗΣΙΟ ΓΥΜΝΑΣΙΟ ΖΑΚΥΝΘΟΥ" }, "geometry": { "type": "Point", "coordinates": [ 20.895641, 37.776791 ] } },
{ "type": "Feature", "properties": { "fid": 572, "mm_id": 1015007, "name": "3ο ΗΜΕΡΗΣΙΟ ΓΥΜΝΑΣΙΟ ΖΑΚΥΝΘΟΥ" }, "geometry": { "type": "Point", "coordinates": [ 20.895583, 37.777212 ] } },
{ "type": "Feature", "properties": { "fid": 573, "mm_id": 1026341, "name": "ΕΝ.Ε.Ε.ΓΥ.-Λ. ΖΑΚΥΝΘΟΥ" }, "geometry": { "type": "Point", "coordinates": [ 20.810919, 37.767785 ] } },
{ "type": "Feature", "properties": { "fid": 574, "mm_id": 1015009, "name": "ΕΣΠΕΡΙΝΟ ΓΥΜΝΑΣΙΟ ΖΑΚΥΝΘΟΥ\n      (ΜΕ ΛΥΚΕΙΑΚΕΣ ΤΑΞΕΙΣ)" }, "geometry": { "type": "Point", "coordinates": [ 20.896897, 37.788975 ] } },
{ "type": "Feature", "properties": { "fid": 575, "mm_id": 1015011, "name": "ΗΜΕΡΗΣΙΟ ΓΥΜΝΑΣΙΟ ΚΑΤΑΣΤΑΡΙΟΥ ΖΑΚΥΝΘΟΥ" }, "geometry": { "type": "Point", "coordinates": [ 20.762911, 37.827804 ] } },
{ "type": "Feature", "properties": { "fid": 576, "mm_id": 1015012, "name": "ΗΜΕΡΗΣΙΟ ΓΥΜΝΑΣΙΟ Λ.Τ. ΒΟΛΙΜΩΝ ΖΑΚΥΝΘΟΥ" }, "geometry": { "type": "Point", "coordinates": [ 20.661567, 37.874873 ] } },
{ "type": "Feature", "properties": { "fid": 577, "mm_id": 1018194, "name": "ΗΜΕΡΗΣΙΟ ΓΥΜΝΑΣΙΟ ΛΙΘΑΚΙΑΣ ΖΑΚΥΝΘΟΥ" }, "geometry": { "type": "Point", "coordinates": [ 20.834107, 37.722258 ] } },
{ "type": "Feature", "properties": { "fid": 578, "mm_id": 1015013, "name": "ΗΜΕΡΗΣΙΟ ΓΥΜΝΑΣΙΟ ΜΑΧΑΙΡΑΔΟΥ ΖΑΚΥΝΘΟΥ" }, "geometry": { "type": "Point", "coordinates": [ 20.813352, 37.759832 ] } },
{ "type": "Feature", "properties": { "fid": 579, "mm_id": 1015010, "name": "ΗΜΕΡΗΣΙΟ ΓΥΜΝΑΣΙΟ ΜΕ ΛΥΚΕΙΑΚΕΣ ΤΑΞΕΙΣ ΒΑΝΑΤΟΥ ΖΑΚΥΝΘΟΥ" }, "geometry": { "type": "Point", "coordinates": [ 20.860239, 37.792941 ] } },
{ "type": "Feature", "properties": { "fid": 580, "mm_id": 1015008, "name": "ΜΟΥΣΙΚΟ ΣΧΟΛΕΙΟ ΖΑΚΥΝΘΟΥ ¨ΠΑΥΛΟΣ ΚΑΡΡΕΡ¨" }, "geometry": { "type": "Point", "coordinates": [ 20.895575, 37.776228 ] } },
{ "type": "Feature", "properties": { "fid": 581, "mm_id": 1016350, "name": "1ο ΓΥΜΝΑΣΙΟ ΚΑΛΑΜΠΑΚΑΣ" }, "geometry": { "type": "Point", "coordinates": [ 21.627585, 39.703053 ] } },
{ "type": "Feature", "properties": { "fid": 582, "mm_id": 1016355, "name": "1ο ΓΥΜΝΑΣΙΟ ΠΥΛΗΣ" }, "geometry": { "type": "Point", "coordinates": [ 21.621511, 39.461759 ] } },
{ "type": "Feature", "properties": { "fid": 583, "mm_id": 1016339, "name": "1ο ΓΥΜΝΑΣΙΟ ΤΡΙΚΑΛΩΝ" }, "geometry": { "type": "Point", "coordinates": [ 21.771724, 39.565066 ] } },
{ "type": "Feature", "properties": { "fid": 584, "mm_id": 1016351, "name": "2ο ΓΥΜΝΑΣΙΟ ΚΑΛΑΜΠΑΚΑΣ" }, "geometry": { "type": "Point", "coordinates": [ 21.627413, 39.703185 ] } },
{ "type": "Feature", "properties": { "fid": 585, "mm_id": 1016340, "name": "2ο ΓΥΜΝΑΣΙΟ ΤΡΙΚΑΛΩΝ" }, "geometry": { "type": "Point", "coordinates": [ 21.777079, 39.551195 ] } },
{ "type": "Feature", "properties": { "fid": 586, "mm_id": 1016343, "name": "3ο ΓΥΜΝΑΣΙΟ ΤΡΙΚΑΛΩΝ" }, "geometry": { "type": "Point", "coordinates": [ 21.762011, 39.55161 ] } },
{ "type": "Feature", "properties": { "fid": 587, "mm_id": 1016344, "name": "4ο ΓΥΜΝΑΣΙΟ ΤΡΙΚΑΛΩΝ - ΓΙΩΡΓΟΣ ΣΕΦΕΡΗΣ" }, "geometry": { "type": "Point", "coordinates": [ 21.772064, 39.566011 ] } },
{ "type": "Feature", "properties": { "fid": 588, "mm_id": 1016345, "name": "5ο ΓΥΜΝΑΣΙΟ ΤΡΙΚΑΛΩΝ" }, "geometry": { "type": "Point", "coordinates": [ 21.753839, 39.562113 ] } },
{ "type": "Feature", "properties": { "fid": 589, "mm_id": 1016346, "name": "6ο ΓΥΜΝΑΣΙΟ ΤΡΙΚΑΛΩΝ" }, "geometry": { "type": "Point", "coordinates": [ 21.752423, 39.542714 ] } },
{ "type": "Feature", "properties": { "fid": 590, "mm_id": 1016347, "name": "7ο ΠΕΙΡΑΜΑΤΙΚΟ ΓΥΜΝΑΣΙΟ ΤΡΙΚΑΛΩΝ" }, "geometry": { "type": "Point", "coordinates": [ 21.771488, 39.542154 ] } },
{ "type": "Feature", "properties": { "fid": 591, "mm_id": 1018930, "name": "9ο ΓΥΜΝΑΣΙΟ ΤΡΙΚΑΛΩΝ" }, "geometry": { "type": "Point", "coordinates": [ 21.762431, 39.551199 ] } },
{ "type": "Feature", "properties": { "fid": 592, "mm_id": 1016367, "name": "ΓΥΜΝΑΣΙΟ ΑΜΠΕΛΙΩΝ" }, "geometry": { "type": "Point", "coordinates": [ 21.516681, 39.693911 ] } },
{ "type": "Feature", "properties": { "fid": 593, "mm_id": 1016363, "name": "ΓΥΜΝΑΣΙΟ ΒΑΛΤΙΝΟΥ" }, "geometry": { "type": "Point", "coordinates": [ 21.657108, 39.550358 ] } },
{ "type": "Feature", "properties": { "fid": 594, "mm_id": 1016366, "name": "ΓΥΜΝΑΣΙΟ ΜΕΓΑΛΟΧΩΡΙΟΥ ΤΡΙΚΑΛΩΝ" }, "geometry": { "type": "Point", "coordinates": [ 21.847838, 39.559759 ] } },
{ "type": "Feature", "properties": { "fid": 595, "mm_id": 1016370, "name": "ΓΥΜΝΑΣΙΟ ΜΕΓΑΛΩΝ ΚΑΛΥΒΙΩΝ" }, "geometry": { "type": "Point", "coordinates": [ 21.793056, 39.505106 ] } },
{ "type": "Feature", "properties": { "fid": 596, "mm_id": 1016361, "name": "ΓΥΜΝΑΣΙΟ ΟΙΧΑΛΙΑΣ" }, "geometry": { "type": "Point", "coordinates": [ 21.990169, 39.609353 ] } },
{ "type": "Feature", "properties": { "fid": 597, "mm_id": 1016368, "name": "ΓΥΜΝΑΣΙΟ ΟΞΥΝΕΙΑΣ" }, "geometry": { "type": "Point", "coordinates": [ 21.492393, 39.827509 ] } },
{ "type": "Feature", "properties": { "fid": 598, "mm_id": 1016360, "name": "ΓΥΜΝΑΣΙΟ ΦΑΡΚΑΔΟΝΑΣ" }, "geometry": { "type": "Point", "coordinates": [ 22.064055, 39.591184 ] } },
{ "type": "Feature", "properties": { "fid": 599, "mm_id": 1025356, "name": "ΕΝΙΑΙΟ ΕΙΔΙΚΟ ΕΠΑΓΓΕΛΜΑΤΙΚΟ ΓΥΜΝΑΣΙΟ-ΛΥΚΕΙΟ ΤΡΙΚΑΛΩΝ" }, "geometry": { "type": "Point", "coordinates": [ 21.724874, 39.608624 ] } },
{ "type": "Feature", "properties": { "fid": 600, "mm_id": 1016525, "name": "1ο ΗΜΕΡΗΣΙΟ ΓΥΜΝΑΣΙΟ Ν. ΜΟΥΔΑΝΙΩΝ ΧΑΛΚΙΔΙΚΗΣ" }, "geometry": { "type": "Point", "coordinates": [ 23.290871, 40.238082 ] } },
{ "type": "Feature", "properties": { "fid": 601, "mm_id": 1024720, "name": "ΑΘΩΝΙΑΣ ΕΚΚΛΗΣΙΑΣΤΙΚΗ ΑΚΑΔΗΜΙΑ ΠΡΟΤΥΠΟ ΕΚΚΛΗΣΙΑΣΤΙΚΟ ΓΥΜΝΑΣΙΟ\n - ΠΡΟΤΥΠΟ ΕΚΚΛΗΣΙΑΣΤΙΚΟ ΛΥΚΕΙΟ" }, "geometry": { "type": "Point", "coordinates": [ 24.244886, 40.261538 ] } },
{ "type": "Feature", "properties": { "fid": 602, "mm_id": 1016364, "name": "ΓΥΜΝΑΣΙΟ ΠΡΙΝΟΥ" }, "geometry": { "type": "Point", "coordinates": [ 21.608759, 39.572637 ] } },
{ "type": "Feature", "properties": { "fid": 603, "mm_id": 1016342, "name": "ΕΣΠΕΡΙΝΟ ΓΥΜΝΑΣΙΟ ΚΑΙ ΛΥΚΕΙΑΚΕΣ ΤΑΞΕΙΣ ΤΡΙΚΑΛΩΝ" }, "geometry": { "type": "Point", "coordinates": [ 21.771649, 39.565148 ] } },
{ "type": "Feature", "properties": { "fid": 604, "mm_id": 1001258, "name": "ΙΔΙΩΤΙΚΟ ΓΥΜΝΑΣΙΟ ΤΡΙΚΑΛΩΝ - ΕΚΠΑΙΔΕΥΤΗΡΙΑ ΑΘΗΝΑ" }, "geometry": { "type": "Point", "coordinates": [ 21.725836, 39.609309 ] } },
{ "type": "Feature", "properties": { "fid": 605, "mm_id": 1016341, "name": "ΜΟΥΣΙΚΟ ΣΧΟΛΕΙΟ ΤΡΙΚΑΛΩΝ" }, "geometry": { "type": "Point", "coordinates": [ 21.795815, 39.542787 ] } },
{ "type": "Feature", "properties": { "fid": 606, "mm_id": 1016514, "name": "1ο ΗΜΕΡΗΣΙΟ ΓΥΜΝΑΣΙΟ ΠΟΛΥΓΥΡΟΥ ΧΑΛΚΙΔΙΚΗΣ" }, "geometry": { "type": "Point", "coordinates": [ 23.439117, 40.380422 ] } },
{ "type": "Feature", "properties": { "fid": 607, "mm_id": 1016526, "name": "2ο ΗΜΕΡΗΣΙΟ ΓΥΜΝΑΣΙΟ ΝΕΩΝ ΜΟΥΔΑΝΙΩΝ" }, "geometry": { "type": "Point", "coordinates": [ 23.299819, 40.23542 ] } },
{ "type": "Feature", "properties": { "fid": 608, "mm_id": 1016527, "name": "ΓΥΜΝΑΣΙΟ ΙΕΡΙΣΣΟΥ" }, "geometry": { "type": "Point", "coordinates": [ 23.874637, 40.394821 ] } },
{ "type": "Feature", "properties": { "fid": 609, "mm_id": 1026344, "name": "Ενιαίο Ειδικό Επαγγελματικό Γυμνάσιο-Λύκειο (ΕΝ.Ε.Ε.ΓΥ.-Λ.) Νέας Προποντίδας" }, "geometry": { "type": "Point", "coordinates": [ 23.295046, 40.283515 ] } },
{ "type": "Feature", "properties": { "fid": 610, "mm_id": 1016516, "name": "ΕΣΠΕΡΙΝΟ ΓΥΜΝΑΣΙΟ ΠΟΛΥΓΥΡΟΥ" }, "geometry": { "type": "Point", "coordinates": [ 23.439004, 40.380077 ] } },
{ "type": "Feature", "properties": { "fid": 611, "mm_id": 1016519, "name": "ΗΜΕΡΗΣΙΟ ΓΥΜΝΑΣΙΟ ΑΓΙΟΥ ΝΙΚΟΛΑΟΥ ΧΑΛΚΙΔΙΚΗΣ" }, "geometry": { "type": "Point", "coordinates": [ 23.701736, 40.249962 ] } },
{ "type": "Feature", "properties": { "fid": 612, "mm_id": 1016521, "name": "ΗΜΕΡΗΣΙΟ ΓΥΜΝΑΣΙΟ ΑΡΝΑΙΑΣ ΧΑΛΚΙΔΙΚΗΣ" }, "geometry": { "type": "Point", "coordinates": [ 23.598782, 40.493174 ] } },
{ "type": "Feature", "properties": { "fid": 613, "mm_id": 1018933, "name": "ΗΜΕΡΗΣΙΟ ΓΥΜΝΑΣΙΟ ΚΑΣΣΑΝΔΡΑΣ ΧΑΛΚΙΔΙΚΗΣ" }, "geometry": { "type": "Point", "coordinates": [ 23.418363, 40.051751 ] } },
{ "type": "Feature", "properties": { "fid": 614, "mm_id": 1016517, "name": "ΗΜΕΡΗΣΙΟ ΓΥΜΝΑΣΙΟ ΛΥΚΕΙΑΚΕΣ ΤΑΞΕΙΣ ΓΑΛΑΤΙΣΤΑΣ ΧΑΛΚΙΔΙΚΗΣ" }, "geometry": { "type": "Point", "coordinates": [ 23.281245, 40.467142 ] } },
{ "type": "Feature", "properties": { "fid": 615, "mm_id": 1016529, "name": "ΗΜΕΡΗΣΙΟ ΓΥΜΝΑΣΙΟ ΜΕΓΑΛΗΣ ΠΑΝΑΓΙΑΣ ΧΑΛΚΙΔΙΚΗΣ" }, "geometry": { "type": "Point", "coordinates": [ 23.674784, 40.445696 ] } },
{ "type": "Feature", "properties": { "fid": 616, "mm_id": 1018044, "name": "ΗΜΕΡΗΣΙΟ ΓΥΜΝΑΣΙΟ Ν.ΤΡΙΓΛΙΑΣ" }, "geometry": { "type": "Point", "coordinates": [ 23.201911, 40.308919 ] } },
{ "type": "Feature", "properties": { "fid": 617, "mm_id": 1016539, "name": "ΗΜΕΡΗΣΙΟ ΓΥΜΝΑΣΙΟ ΝΕΑ ΦΩΚΑΙΑ - ΙΩΝΙΟ ΓΥΜΝΑΣΙΟ" }, "geometry": { "type": "Point", "coordinates": [ 23.399016, 40.13457 ] } },
{ "type": "Feature", "properties": { "fid": 618, "mm_id": 1016524, "name": "ΗΜΕΡΗΣΙΟ ΓΥΜΝΑΣΙΟ ΝΕΑΣ ΚΑΛΛΙΚΡΑΤΕΙΑΣ" }, "geometry": { "type": "Point", "coordinates": [ 23.060042, 40.315591 ] } },
{ "type": "Feature", "properties": { "fid": 619, "mm_id": 1016536, "name": "ΗΜΕΡΗΣΙΟ ΓΥΜΝΑΣΙΟ ΝΕΟΥ ΜΑΡΜΑΡΑ ΧΑΛΚΙΔΙΚΗΣ" }, "geometry": { "type": "Point", "coordinates": [ 23.786345, 40.095861 ] } },
{ "type": "Feature", "properties": { "fid": 620, "mm_id": 1016531, "name": "ΗΜΕΡΗΣΙΟ ΓΥΜΝΑΣΙΟ ΝΙΚΗΤΗΣ" }, "geometry": { "type": "Point", "coordinates": [ 23.673927, 40.221352 ] } },
{ "type": "Feature", "properties": { "fid": 621, "mm_id": 1016532, "name": "ΗΜΕΡΗΣΙΟ ΓΥΜΝΑΣΙΟ ΟΡΜΥΛΙΑΣ ΧΑΛΚΙΔΙΚΗΣ" }, "geometry": { "type": "Point", "coordinates": [ 23.542441, 40.289888 ] } },
{ "type": "Feature", "properties": { "fid": 622, "mm_id": 1016530, "name": "ΗΜΕΡΗΣΙΟ ΓΥΜΝΑΣΙΟ ΠΑΛΑΙΟΧΩΡΑΣ ΧΑΛΚΙΔΙΚΗΣ" }, "geometry": { "type": "Point", "coordinates": [ 23.45643, 40.50206 ] } },
{ "type": "Feature", "properties": { "fid": 623, "mm_id": 1016535, "name": "ΗΜΕΡΗΣΙΟ ΓΥΜΝΑΣΙΟ ΠΑΛΑΙΟΧΩΡΙ ΧΑΛΚΙΔΙΚΗΣ" }, "geometry": { "type": "Point", "coordinates": [ 23.646062, 40.486884 ] } },
{ "type": "Feature", "properties": { "fid": 624, "mm_id": 1016538, "name": "ΗΜΕΡΗΣΙΟ ΓΥΜΝΑΣΙΟ ΠΑΛΙΟΥΡΙΟΥ ΧΑΛΚΙΔΙΚΗΣ" }, "geometry": { "type": "Point", "coordinates": [ 23.663198, 39.945823 ] } },
{ "type": "Feature", "properties": { "fid": 625, "mm_id": 1017855, "name": "ΗΜΕΡΗΣΙΟ ΓΥΜΝΑΣΙΟ ΠΕΥΚΟΧΩΡΙΟΥ ΧΑΛΚΙΔΙΚΗΣ" }, "geometry": { "type": "Point", "coordinates": [ 23.606452, 39.990093 ] } },
{ "type": "Feature", "properties": { "fid": 626, "mm_id": 1016522, "name": "ΗΜΕΡΗΣΙΟ ΓΥΜΝΑΣΙΟ ΣΤΡΑΤΩΝΙΟΥ ΧΑΛΚΙΔΙΚΗΣ" }, "geometry": { "type": "Point", "coordinates": [ 23.825496, 40.512151 ] } },
{ "type": "Feature", "properties": { "fid": 627, "mm_id": 1016528, "name": "ΗΜΕΡΗΣΙΟ ΓΥΜΝΑΣΙΟ ΣΥΚΙΑΣ ΧΑΛΚΙΔΙΚΗΣ - ΑΘΩΣ" }, "geometry": { "type": "Point", "coordinates": [ 23.950807, 40.038671 ] } },
{ "type": "Feature", "properties": { "fid": 628, "mm_id": 1016533, "name": "ΗΜΕΡΗΣΙΟ ΓΥΜΝΑΣΙΟ-Λ.Τ. ΣΗΜΑΝΤΡΩΝ" }, "geometry": { "type": "Point", "coordinates": [ 23.310391, 40.342118 ] } },
{ "type": "Feature", "properties": { "fid": 629, "mm_id": 1027117, "name": "ΜΟΥΣΙΚΟ ΓΥΜΝΑΣΙΟ ΝΕΑΣ ΠΡΟΠΟΝΤΙΔΑΣ" }, "geometry": { "type": "Point", "coordinates": [ 23.279525, 40.242402 ] } },
{ "type": "Feature", "properties": { "fid": 630, "mm_id": 1001115, "name": "ΓΥΜΝΑΣΙΟ ΜΕ Λ.Τ. ΚΕΑΣ" }, "geometry": { "type": "Point", "coordinates": [ 24.340244, 37.637301 ] } },
{ "type": "Feature", "properties": { "fid": 631, "mm_id": 1001117, "name": "ΓΥΜΝΑΣΙΟ με Λ.Τ. ΚΥΘΝΟΥ" }, "geometry": { "type": "Point", "coordinates": [ 24.399837, 37.385417 ] } },
{ "type": "Feature", "properties": { "fid": 632, "mm_id": 1001096, "name": "1ο ΓΥΜΝΑΣΙΟ ΝΑΞΟΥ" }, "geometry": { "type": "Point", "coordinates": [ 25.377736, 37.103368 ] } },
{ "type": "Feature", "properties": { "fid": 633, "mm_id": 1001097, "name": "2ο ΓΥΜΝΑΣΙΟ ΝΑΞΟΥ" }, "geometry": { "type": "Point", "coordinates": [ 25.378528, 37.102815 ] } },
{ "type": "Feature", "properties": { "fid": 634, "mm_id": 1001110, "name": "ΓΥΜΝΑΣΙΟ ΒΙΒΛΟΥ" }, "geometry": { "type": "Point", "coordinates": [ 25.410252, 37.061841 ] } },
{ "type": "Feature", "properties": { "fid": 635, "mm_id": 1001109, "name": "ΓΥΜΝΑΣΙΟ με Λ.Τ. ΑΜΟΡΓΟΥ" }, "geometry": { "type": "Point", "coordinates": [ 25.901993, 36.833123 ] } },
{ "type": "Feature", "properties": { "fid": 636, "mm_id": 1001100, "name": "ΓΥΜΝΑΣΙΟ ΜΕ Λ.Τ. ΔΟΝΟΥΣΑΣ" }, "geometry": { "type": "Point", "coordinates": [ 25.795105, 37.100554 ] } },
{ "type": "Feature", "properties": { "fid": 637, "mm_id": 1001102, "name": "ΓΥΜΝΑΣΙΟ με Λ.Τ. ΚΟΥΦΟΝΗΣΙΩΝ" }, "geometry": { "type": "Point", "coordinates": [ 25.601314, 36.934902 ] } },
{ "type": "Feature", "properties": { "fid": 638, "mm_id": 1001101, "name": "ΓΥΜΝΑΣΙΟ με Λ.Τ. ΣΧΟΙΝΟΥΣΑΣ" }, "geometry": { "type": "Point", "coordinates": [ 25.518682, 36.870066 ] } },
{ "type": "Feature", "properties": { "fid": 639, "mm_id": 1001099, "name": "ΓΥΜΝΑΣΙΟ ΣΚΑΔΟΥ" }, "geometry": { "type": "Point", "coordinates": [ 25.53869, 37.126388 ] } },
{ "type": "Feature", "properties": { "fid": 640, "mm_id": 1001098, "name": "ΓΥΜΝΑΣΙΟ ΤΡΑΓΑΙΑΣ" }, "geometry": { "type": "Point", "coordinates": [ 25.484028, 37.064644 ] } },
{ "type": "Feature", "properties": { "fid": 641, "mm_id": 1001134, "name": "ΕΝΙΑΙΟ ΕΙΔΙΚΟ ΕΠΑΓΓΕΛΜΑΤΙΚΟ ΓΥΜΝΑΣΙΟ - ΛΥΚΕΙΟ ΝΑΞΟΥ" }, "geometry": { "type": "Point", "coordinates": [ 25.495573, 37.057406 ] } },
{ "type": "Feature", "properties": { "fid": 642, "mm_id": 1027269, "name": "ΕΣΠΕΡΙΝΟ ΓΥΜΝΑΣΙΟ ΝΑΞΟΥ" }, "geometry": { "type": "Point", "coordinates": [ 25.380126, 37.1031 ] } },
{ "type": "Feature", "properties": { "fid": 643, "mm_id": 1016461, "name": "1ο ΗΜΕΡΗΣΙΟ ΓΥΜΝΑΣΙΟ ΦΛΩΡΙΝΑΣ" }, "geometry": { "type": "Point", "coordinates": [ 21.402309, 40.78266 ] } },
{ "type": "Feature", "properties": { "fid": 644, "mm_id": 1016462, "name": "2ο ΓΥΜΝΑΣΙΟ ΦΛΩΡΙΝΑΣ" }, "geometry": { "type": "Point", "coordinates": [ 21.414855, 40.788578 ] } },
{ "type": "Feature", "properties": { "fid": 645, "mm_id": 1016463, "name": "3ο ΗΜΕΡΗΣΙΟ ΓΥΜΝΑΣΙΟ ΦΛΩΡΙΝΑΣ" }, "geometry": { "type": "Point", "coordinates": [ 21.404964, 40.778025 ] } },
{ "type": "Feature", "properties": { "fid": 646, "mm_id": 1016470, "name": "ΓΥΜΝΑΣΙΟ ΑΕΤΟΥ ΦΛΩΡΙΝΑΣ" }, "geometry": { "type": "Point", "coordinates": [ 21.550205, 40.656837 ] } },
{ "type": "Feature", "properties": { "fid": 647, "mm_id": 1016479, "name": "ΓΥΜΝΑΣΙΟ ΑΜΜΟΧΩΡΙΟΥ ΦΛΩΡΙΝΑΣ" }, "geometry": { "type": "Point", "coordinates": [ 21.481787, 40.779079 ] } },
{ "type": "Feature", "properties": { "fid": 648, "mm_id": 1016467, "name": "ΓΥΜΝΑΣΙΟ ΑΜΥΝΤΑΙΟΥ ΦΛΩΡΙΝΑΣ" }, "geometry": { "type": "Point", "coordinates": [ 21.676692, 40.691077 ] } },
{ "type": "Feature", "properties": { "fid": 649, "mm_id": 1016474, "name": "ΓΥΜΝΑΣΙΟ ΒΕΥΗΣ ΦΛΩΡΙΝΑΣ" }, "geometry": { "type": "Point", "coordinates": [ 21.607139, 40.766293 ] } },
{ "type": "Feature", "properties": { "fid": 650, "mm_id": 1016465, "name": "ΓΥΜΝΑΣΙΟ ΚΛΕΙΝΩΝ ΦΛΩΡΙΝΑΣ" }, "geometry": { "type": "Point", "coordinates": [ 21.391223, 40.846244 ] } },
{ "type": "Feature", "properties": { "fid": 651, "mm_id": 1016469, "name": "ΓΥΜΝΑΣΙΟ ΛΕΧΟΒΟΥ ΦΛΩΡΙΝΑΣ" }, "geometry": { "type": "Point", "coordinates": [ 21.494043, 40.585708 ] } },
{ "type": "Feature", "properties": { "fid": 652, "mm_id": 1016473, "name": "ΓΥΜΝΑΣΙΟ ΛΤ ΛΑΙΜΟΥ ΠΡΕΣΠΩΝ ΦΛΩΡΙΝΑΣ" }, "geometry": { "type": "Point", "coordinates": [ 21.140227, 40.83375 ] } },
{ "type": "Feature", "properties": { "fid": 653, "mm_id": 1016477, "name": "ΓΥΜΝΑΣΙΟ ΜΕΛΙΤΗΣ ΦΛΩΡΙΝΑΣ" }, "geometry": { "type": "Point", "coordinates": [ 21.589047, 40.835976 ] } },
{ "type": "Feature", "properties": { "fid": 654, "mm_id": 1016475, "name": "ΓΥΜΝΑΣΙΟ ΠΑΠΑΓΙΑΝΝΗ ΦΛΩΡΙΝΑΣ" }, "geometry": { "type": "Point", "coordinates": [ 21.499168, 40.836288 ] } },
{ "type": "Feature", "properties": { "fid": 655, "mm_id": 1016476, "name": "ΓΥΜΝΑΣΙΟ ΦΙΛΩΤΑ ΦΛΩΡΙΝΑΣ" }, "geometry": { "type": "Point", "coordinates": [ 21.712978, 40.628412 ] } },
{ "type": "Feature", "properties": { "fid": 656, "mm_id": 1025357, "name": "ΕΝΕΕΓΥ-Λ ΦΛΩΡΙΝΑΣ" }, "geometry": { "type": "Point", "coordinates": [ 21.414799, 40.788556 ] } },
{ "type": "Feature", "properties": { "fid": 657, "mm_id": 1017923, "name": "ΕΣΠΕΡΙΝΟ ΓΥΜΝΑΣΙΟ - ΛΥΚΕΙΑΚΕΣ ΤΑΞΕΙΣ ΦΛΩΡΙΝΑΣ" }, "geometry": { "type": "Point", "coordinates": [ 21.40497, 40.778005 ] } },
{ "type": "Feature", "properties": { "fid": 658, "mm_id": 1016471, "name": "ΜΟΥΣΙΚΟ ΓΥΜΝΑΣΙΟ Λ.Τ. ΑΜΥΝΤΑΙΟΥ" }, "geometry": { "type": "Point", "coordinates": [ 21.678322, 40.696838 ] } },
{ "type": "Feature", "properties": { "fid": 659, "mm_id": 1024718, "name": "ΠΡΟΤΥΠΟ ΕΚΚΛΗΣΙΑΣΤΙΚΟ ΓΥΜΝΑΣΙΟ – ΠΡΟΤΥΠΟ ΕΚΚΛΗΣΙΑΣΤΙΚΟ ΛΥΚΕΙΟ ΦΛΩΡΙΝΑΣ \"ΑΓΙΟΣ ΑΓΑΘΑΓΓΕΛΟΣ Ο ΕΚ ΦΛΩΡΙΝΗΣ\"" }, "geometry": { "type": "Point", "coordinates": [ 21.406424, 40.77853 ] } },
{ "type": "Feature", "properties": { "fid": 660, "mm_id": 1015951, "name": "1ο ΗΜΕΡΗΣΙΟ ΓΥΜΝΑΣΙΟ ΚΑΛΑΜΑΤΑΣ" }, "geometry": { "type": "Point", "coordinates": [ 22.113451, 37.034563 ] } },
{ "type": "Feature", "properties": { "fid": 661, "mm_id": 1015962, "name": "1ο ΗΜΕΡΗΣΙΟ ΓΥΜΝΑΣΙΟ ΜΕΣΣΗΝΗΣ" }, "geometry": { "type": "Point", "coordinates": [ 22.000013, 37.046547 ] } },
{ "type": "Feature", "properties": { "fid": 662, "mm_id": 1015986, "name": "1ο ΗΜΕΡΗΣΙΟ ΓΥΜΝΑΣΙΟ ΦΙΛΙΑΤΡΩΝ ΜΕΣΣΗΝΙΑΣ" }, "geometry": { "type": "Point", "coordinates": [ 21.585937, 37.160983 ] } },
{ "type": "Feature", "properties": { "fid": 663, "mm_id": 1015952, "name": "2ο ΗΜΕΡΗΣΙΟ ΓΥΜΝΑΣΙΟ ΚΑΛΑΜΑΤΑΣ" }, "geometry": { "type": "Point", "coordinates": [ 22.124445, 37.03521 ] } },
{ "type": "Feature", "properties": { "fid": 664, "mm_id": 1015963, "name": "2ο ΗΜΕΡΗΣΙΟ ΓΥΜΝΑΣΙΟ ΜΕΣΣΗΝΗΣ" }, "geometry": { "type": "Point", "coordinates": [ 22.002556, 37.047044 ] } },
{ "type": "Feature", "properties": { "fid": 665, "mm_id": 1015954, "name": "3ο ΗΜΕΡΗΣΙΟ ΓΥΜΝΑΣΙΟ ΚΑΛΑΜΑΤΑΣ" }, "geometry": { "type": "Point", "coordinates": [ 22.125456, 37.035605 ] } },
{ "type": "Feature", "properties": { "fid": 666, "mm_id": 1015955, "name": "4ο ΗΜΕΡΗΣΙΟ ΓΥΜΝΑΣΙΟ ΚΑΛΑΜΑΤΑΣ" }, "geometry": { "type": "Point", "coordinates": [ 22.106188, 37.038963 ] } },
{ "type": "Feature", "properties": { "fid": 667, "mm_id": 1015956, "name": "5ο ΗΜΕΡΗΣΙΟ ΓΥΜΝΑΣΙΟ ΚΑΛΑΜΑΤΑΣ" }, "geometry": { "type": "Point", "coordinates": [ 22.090083, 37.043554 ] } },
{ "type": "Feature", "properties": { "fid": 668, "mm_id": 1015957, "name": "6ο ΗΜΕΡΗΣΙΟ ΓΥΜΝΑΣΙΟ ΚΑΛΑΜΑΤΑΣ" }, "geometry": { "type": "Point", "coordinates": [ 22.105849, 37.038761 ] } },
{ "type": "Feature", "properties": { "fid": 669, "mm_id": 1015958, "name": "7ο ΠΕΙΡΑΜΑΤΙΚΟ ΓΥΜΝΑΣΙΟ ΚΑΛΑΜΑΤΑΣ" }, "geometry": { "type": "Point", "coordinates": [ 22.113632, 37.050708 ] } },
{ "type": "Feature", "properties": { "fid": 670, "mm_id": 1015967, "name": "ΓΥΜΝΑΣΙΟ ΑΡΦΑΡΩΝ ΜΕΣΣΗΝΙΑΣ" }, "geometry": { "type": "Point", "coordinates": [ 22.039531, 37.155371 ] } },
{ "type": "Feature", "properties": { "fid": 671, "mm_id": 1015989, "name": "ΓΥΜΝΑΣΙΟ ΚΑΜΠΟΥ ΜΕΣΣΗΝΙΑΣ" }, "geometry": { "type": "Point", "coordinates": [ 22.201737, 36.938328 ] } },
{ "type": "Feature", "properties": { "fid": 672, "mm_id": 1015990, "name": "ΓΥΜΝΑΣΙΟ ΚΑΡΔΑΜΥΛΗΣ" }, "geometry": { "type": "Point", "coordinates": [ 22.231271, 36.891988 ] } },
{ "type": "Feature", "properties": { "fid": 673, "mm_id": 1015973, "name": "ΓΥΜΝΑΣΙΟ ΜΕΛΙΓΑΛΑ ΜΕΣΣΗΝΙΑΣ" }, "geometry": { "type": "Point", "coordinates": [ 21.975004, 37.22118 ] } },
{ "type": "Feature", "properties": { "fid": 674, "mm_id": 1015971, "name": "ΓΥΜΝΑΣΙΟ ΧΩΡΑΣ ΜΕΣΣΗΝΙΑΣ" }, "geometry": { "type": "Point", "coordinates": [ 21.721636, 37.052912 ] } },
{ "type": "Feature", "properties": { "fid": 675, "mm_id": 1025276, "name": "ΕΝΙΑΙΟ ΕΙΔΙΚΟ ΕΠΑΓΓΕΛΜΑΤΙΚΟ ΓΥΜΝΑΣΙΟ-ΛΥΚΕΙΟ ΚΑΛΑΜΑΤΑΣ" }, "geometry": { "type": "Point", "coordinates": [ 22.094212, 37.042015 ] } },
{ "type": "Feature", "properties": { "fid": 676, "mm_id": 1015953, "name": "ΕΣΠΕΡΙΝΟ ΓΥΜΝΑΣΙΟ ΚΑΛΑΜΑΤΑΣ" }, "geometry": { "type": "Point", "coordinates": [ 22.089727, 37.043816 ] } },
{ "type": "Feature", "properties": { "fid": 677, "mm_id": 1015966, "name": "ΗΜΕΡΗΣΙΟ ΓΥΜΝΑΣΙΟ ΑΝΔΡΟΥΣΑΣ ΜΕΣΣΗΝΙΑΣ" }, "geometry": { "type": "Point", "coordinates": [ 21.941894, 37.108725 ] } },
{ "type": "Feature", "properties": { "fid": 678, "mm_id": 1018234, "name": "ΗΜΕΡΗΣΙΟ ΓΥΜΝΑΣΙΟ ΑΡΙΣΤΟΜΕΝΗ ΜΕΣΣΗΝΙΑΣ" }, "geometry": { "type": "Point", "coordinates": [ 21.842927, 37.083596 ] } },
{ "type": "Feature", "properties": { "fid": 679, "mm_id": 1015969, "name": "ΗΜΕΡΗΣΙΟ ΓΥΜΝΑΣΙΟ ΓΑΡΓΑΛΙΑΝΩΝ ΜΕΣΣΗΝΙΑΣ" }, "geometry": { "type": "Point", "coordinates": [ 21.637948, 37.065382 ] } },
{ "type": "Feature", "properties": { "fid": 680, "mm_id": 1015974, "name": "ΗΜΕΡΗΣΙΟ ΓΥΜΝΑΣΙΟ ΔΙΑΒΟΛΙΤΣΙΟΥ ΜΕΣΣΗΝΙΑΣ" }, "geometry": { "type": "Point", "coordinates": [ 21.965842, 37.298485 ] } },
{ "type": "Feature", "properties": { "fid": 681, "mm_id": 1015976, "name": "ΗΜΕΡΗΣΙΟ ΓΥΜΝΑΣΙΟ ΔΩΡΙΟΥ ΜΕΣΣΗΝΙΑΣ" }, "geometry": { "type": "Point", "coordinates": [ 21.858357, 37.290135 ] } },
{ "type": "Feature", "properties": { "fid": 682, "mm_id": 1015965, "name": "ΗΜΕΡΗΣΙΟ ΓΥΜΝΑΣΙΟ ΘΟΥΡΙΑΣ ΜΕΣΣΗΝΙΑΣ" }, "geometry": { "type": "Point", "coordinates": [ 22.049275, 37.08197 ] } },
{ "type": "Feature", "properties": { "fid": 683, "mm_id": 1015978, "name": "ΗΜΕΡΗΣΙΟ ΓΥΜΝΑΣΙΟ ΚΟΡΩΝΗΣ ΜΕΣΣΗΝΙΑΣ" }, "geometry": { "type": "Point", "coordinates": [ 21.955576, 36.797218 ] } },
{ "type": "Feature", "properties": { "fid": 684, "mm_id": 1015979, "name": "ΗΜΕΡΗΣΙΟ ΓΥΜΝΑΣΙΟ ΚΥΠΑΡΙΣΣΙΑΣ" }, "geometry": { "type": "Point", "coordinates": [ 21.668128, 37.247693 ] } },
{ "type": "Feature", "properties": { "fid": 685, "mm_id": 1015981, "name": "ΗΜΕΡΗΣΙΟ ΓΥΜΝΑΣΙΟ ΛΟΓΓΑΣ ΜΕΣΣΗΝΙΑΣ" }, "geometry": { "type": "Point", "coordinates": [ 21.906259, 36.871801 ] } },
{ "type": "Feature", "properties": { "fid": 686, "mm_id": 1015983, "name": "ΗΜΕΡΗΣΙΟ ΓΥΜΝΑΣΙΟ ΜΕΘΩΝΗΣ ΜΕΣΣΗΝΙΑΣ" }, "geometry": { "type": "Point", "coordinates": [ 21.705421, 36.822889 ] } },
{ "type": "Feature", "properties": { "fid": 687, "mm_id": 1015960, "name": "ΗΜΕΡΗΣΙΟ ΓΥΜΝΑΣΙΟ ΠΑΡΑΛΙΑΣ ΚΑΛΑΜΑΤΑΣ" }, "geometry": { "type": "Point", "coordinates": [ 22.11878, 37.028572 ] } },
{ "type": "Feature", "properties": { "fid": 688, "mm_id": 1015985, "name": "ΗΜΕΡΗΣΙΟ ΓΥΜΝΑΣΙΟ ΠΕΤΑΛΙΔΙΟΥ ΜΕΣΣΗΝΙΑΣ" }, "geometry": { "type": "Point", "coordinates": [ 21.924794, 36.956735 ] } },
{ "type": "Feature", "properties": { "fid": 689, "mm_id": 1015982, "name": "ΗΜΕΡΗΣΙΟ ΓΥΜΝΑΣΙΟ ΠΥΛΟΥ ΜΕΣΣΗΝΙΑΣ" }, "geometry": { "type": "Point", "coordinates": [ 21.698071, 36.906193 ] } },
{ "type": "Feature", "properties": { "fid": 690, "mm_id": 1001227, "name": "ΙΔΙΩΤΙΚΟ ΓΥΜΝΑΣΙΟ ΚΑΛΑΜΑΤΑ - ΕΚΠΑΙΔΕΥΤΗΡΙΑ ΜΠΟΥΓΑ" }, "geometry": { "type": "Point", "coordinates": [ 22.082861, 37.033129 ] } },
{ "type": "Feature", "properties": { "fid": 691, "mm_id": 1015959, "name": "ΜΟΥΣΙΚΟ ΣΧΟΛΕΙΟ ΚΑΛΑΜΑΤΑΣ \" ΜΑΡΙΑ ΚΑΛΛΑΣ\" ΓΥΜΝΑΣΙΟ - ΓΕΝΙΚΟ ΛΥΚΕΙΟ" }, "geometry": { "type": "Point", "coordinates": [ 22.13166, 37.026054 ] } },
{ "type": "Feature", "properties": { "fid": 692, "mm_id": 1018137, "name": "1ο ΗΜΕΡΗΣΙΟ ΓΥΜΝΑΣΙΟ ΤΡΙΠΟΛΗΣ" }, "geometry": { "type": "Point", "coordinates": [ 22.365379, 37.504121 ] } },
{ "type": "Feature", "properties": { "fid": 693, "mm_id": 1014548, "name": "2ο  ΠΡΟΤΥΠΟ  ΓΥΜΝΑΣΙΟ ΤΡΙΠΟΛΗΣ" }, "geometry": { "type": "Point", "coordinates": [ 22.387892, 37.515526 ] } },
{ "type": "Feature", "properties": { "fid": 694, "mm_id": 1014549, "name": "3ο ΗΜΕΡΗΣΙΟ ΓΥΜΝΑΣΙΟ ΤΡΙΠΟΛΗΣ" }, "geometry": { "type": "Point", "coordinates": [ 22.382857, 37.514737 ] } },
{ "type": "Feature", "properties": { "fid": 695, "mm_id": 1014547, "name": "4ο ΗΜΕΡΗΣΙΟ ΓΥΜΝΑΣΙΟ ΤΡΙΠΟΛΗΣ" }, "geometry": { "type": "Point", "coordinates": [ 22.375559, 37.522364 ] } },
{ "type": "Feature", "properties": { "fid": 696, "mm_id": 1014560, "name": "ΓΥΜΝΑΣΙΟ ΛΕΒΙΔΙΟΥ" }, "geometry": { "type": "Point", "coordinates": [ 22.296434, 37.679113 ] } },
{ "type": "Feature", "properties": { "fid": 697, "mm_id": 1026656, "name": "ΕΝΙΑΙΟ ΕΙΔΙΚΟ ΕΠΑΓΓΕΛΜΑΤΙΚΟ ΓΥΜΝΑΣΙΟ - ΛΥΚΕΙΟ (ΕΝ.Ε.Ε.ΓΥ.Λ.) ΤΡΙΠΟΛΗΣ" }, "geometry": { "type": "Point", "coordinates": [ 22.46869, 37.446857 ] } },
{ "type": "Feature", "properties": { "fid": 698, "mm_id": 1014555, "name": "ΗΜΕΡΗΣΙΟ ΓΥΜΝΑΣΙΟ ΑΓΙΟΥ ΑΝΔΡΕΑ - ΚΥΝΟΥΡΙΑΣ" }, "geometry": { "type": "Point", "coordinates": [ 22.768584, 37.348509 ] } },
{ "type": "Feature", "properties": { "fid": 699, "mm_id": 1014554, "name": "ΗΜΕΡΗΣΙΟ ΓΥΜΝΑΣΙΟ ΑΣΤΡΟΥΣ ΚΥΝΟΥΡΙΑΣ" }, "geometry": { "type": "Point", "coordinates": [ 22.721785, 37.406141 ] } },
{ "type": "Feature", "properties": { "fid": 700, "mm_id": 1014557, "name": "ΗΜΕΡΗΣΙΟ ΓΥΜΝΑΣΙΟ ΒΥΤΙΝΑΣ ΑΡΚΑΔΙΑΣ" }, "geometry": { "type": "Point", "coordinates": [ 22.182665, 37.670162 ] } },
{ "type": "Feature", "properties": { "fid": 701, "mm_id": 1014562, "name": "ΗΜΕΡΗΣΙΟ ΓΥΜΝΑΣΙΟ ΛΕΩΝΙΔΙΟΥ" }, "geometry": { "type": "Point", "coordinates": [ 22.861513, 37.162052 ] } },
{ "type": "Feature", "properties": { "fid": 702, "mm_id": 1014565, "name": "ΗΜΕΡΗΣΙΟ ΓΥΜΝΑΣΙΟ ΜΕΓΑΛΟΠΟΛΗΣ" }, "geometry": { "type": "Point", "coordinates": [ 22.140253, 37.402045 ] } },
{ "type": "Feature", "properties": { "fid": 703, "mm_id": 1014563, "name": "ΗΜΕΡΗΣΙΟ ΓΥΜΝΑΣΙΟ ΠΑΡΑΛΙΑΣ ΤΥΡΟΥ" }, "geometry": { "type": "Point", "coordinates": [ 22.846277, 37.241949 ] } },
{ "type": "Feature", "properties": { "fid": 704, "mm_id": 1024380, "name": "ΗΜΕΡΗΣΙΟ ΓΥΜΝΑΣΙΟ ΤΕΓΕΑΣ" }, "geometry": { "type": "Point", "coordinates": [ 22.424035, 37.453819 ] } },
{ "type": "Feature", "properties": { "fid": 705, "mm_id": 1014567, "name": "ΗΜΕΡΗΣΙΟ ΓΥΜΝΑΣΙΟ ΤΡΟΠΑΙΩΝ ΑΡΚΑΔΙΑΣ" }, "geometry": { "type": "Point", "coordinates": [ 21.956736, 37.728796 ] } },
{ "type": "Feature", "properties": { "fid": 706, "mm_id": 1014552, "name": "ΜΟΥΣΙΚΟ ΓΥΜΝΑΣΙΟ ΜΕ ΛΥΚΕΙΑΚΕΣ ΤΑΞΕΙΣ ΤΡΙΠΟΛΗΣ - «ΔΗΜΗΤΡΗΣ ΜΗΤΡΟΠΟΥΛΟΣ»" }, "geometry": { "type": "Point", "coordinates": [ 22.364208, 37.501028 ] } },
{ "type": "Feature", "properties": { "fid": 707, "mm_id": 1015701, "name": "1ο ΕΣΠΕΡΙΝΟ ΓΥΜΝΑΣΙΟ ΚΙΑΤΟΥ" }, "geometry": { "type": "Point", "coordinates": [ 22.738378, 38.018686 ] } },
{ "type": "Feature", "properties": { "fid": 708, "mm_id": 1015686, "name": "1ο ΗΜΕΡΗΣΙΟ ΓΥΜΝΑΣΙΟ ΒΡΑΧΑΤΙΟΥ ΚΟΡΙΝΘΙΑΣ" }, "geometry": { "type": "Point", "coordinates": [ 22.808135, 37.953342 ] } },
{ "type": "Feature", "properties": { "fid": 709, "mm_id": 1015700, "name": "1ο ΗΜΕΡΗΣΙΟ ΓΥΜΝΑΣΙΟ ΚΙΑΤΟΥ" }, "geometry": { "type": "Point", "coordinates": [ 22.750161, 38.007227 ] } },
{ "type": "Feature", "properties": { "fid": 710, "mm_id": 1015683, "name": "1ο ΗΜΕΡΗΣΙΟ ΓΥΜΝΑΣΙΟ ΚΟΡΙΝΘΟΥ" }, "geometry": { "type": "Point", "coordinates": [ 22.927822, 37.932869 ] } },
{ "type": "Feature", "properties": { "fid": 711, "mm_id": 1015702, "name": "1ο ΗΜΕΡΗΣΙΟ ΓΥΜΝΑΣΙΟ ΞΥΛΟΚΑΣΤΡΟΥ" }, "geometry": { "type": "Point", "coordinates": [ 22.638565, 38.075159 ] } },
{ "type": "Feature", "properties": { "fid": 712, "mm_id": 1015704, "name": "2ο ΗΜΕΡΗΣΙΟ ΓΥΜΝΑΣΙΟ ΚΙΑΤΟΥ" }, "geometry": { "type": "Point", "coordinates": [ 22.73646, 38.017707 ] } },
{ "type": "Feature", "properties": { "fid": 713, "mm_id": 1015684, "name": "2ο ΗΜΕΡΗΣΙΟ ΓΥΜΝΑΣΙΟ ΚΟΡΙΝΘΟΥ" }, "geometry": { "type": "Point", "coordinates": [ 22.929154, 37.933461 ] } },
{ "type": "Feature", "properties": { "fid": 714, "mm_id": 1015703, "name": "2ο ΗΜΕΡΗΣΙΟ ΓΥΜΝΑΣΙΟ ΞΥΛΟΚΑΣΤΡΟΥ" }, "geometry": { "type": "Point", "coordinates": [ 22.633078, 38.076105 ] } },
{ "type": "Feature", "properties": { "fid": 715, "mm_id": 1015690, "name": "3ο ΗΜΕΡΗΣΙΟ ΓΥΜΝΑΣΙΟ ΚΟΡΙΝΘΟΥ" }, "geometry": { "type": "Point", "coordinates": [ 22.920235, 37.934925 ] } },
{ "type": "Feature", "properties": { "fid": 716, "mm_id": 1015691, "name": "4ο ΗΜΕΡΗΣΙΟ ΓΥΜΝΑΣΙΟ ΚΟΡΙΝΘΟΥ" }, "geometry": { "type": "Point", "coordinates": [ 22.950192, 37.936493 ] } },
{ "type": "Feature", "properties": { "fid": 717, "mm_id": 1015697, "name": "ΓΥΜΝΑΣΙΟ - ΛΥΚΕΙΑΚΕΣ ΤΑΞΕΙΣ ΓΚΟΥΡΑΣ" }, "geometry": { "type": "Point", "coordinates": [ 22.344445, 37.934109 ] } },
{ "type": "Feature", "properties": { "fid": 718, "mm_id": 1015713, "name": "ΓΥΜΝΑΣΙΟ ΑΓΙΩΝ ΘΕΟΔΩΡΩΝ" }, "geometry": { "type": "Point", "coordinates": [ 23.134753, 37.931037 ] } },
{ "type": "Feature", "properties": { "fid": 719, "mm_id": 1025274, "name": "ΕΝΙΑΙΟ ΕΙΔΙΚΟ ΕΠΑΓΓΕΛΜΑΤΙΚΟ ΓΥΜΝΑΣΙΟ -ΛΥΚΕΙΟ ΛΟΥΤΡΑΚΙΟΥ-ΠΕΡΑΧΩΡΑΣ-ΑΓ. ΘΕΟΔΩΡΩΝ" }, "geometry": { "type": "Point", "coordinates": [ 23.001005, 37.904916 ] } },
{ "type": "Feature", "properties": { "fid": 720, "mm_id": 1015688, "name": "ΕΣΠΕΡΙΝΟ ΓΥΜΝΑΣΙΟ ΚΟΡΙΝΘΟΥ" }, "geometry": { "type": "Point", "coordinates": [ 22.927679, 37.933025 ] } },
{ "type": "Feature", "properties": { "fid": 721, "mm_id": 1018591, "name": "ΗΜΕΡΗΣΙΟ ΓΥΜΝΑΣΙΟ ΑΘΙΚΙΩΝ ΚΟΡΙΝΘΟΥ" }, "geometry": { "type": "Point", "coordinates": [ 22.919925, 37.822318 ] } },
{ "type": "Feature", "properties": { "fid": 722, "mm_id": 1015699, "name": "ΗΜΕΡΗΣΙΟ ΓΥΜΝΑΣΙΟ ΔΕΡΒΕΝΙΟΥ ΚΟΡΙΝΘΙΑΣ - ΓΥΜΝΑΣΙΟ ΔΕΡΒΕΝΙΟΥ" }, "geometry": { "type": "Point", "coordinates": [ 22.449265, 38.128916 ] } },
{ "type": "Feature", "properties": { "fid": 723, "mm_id": 1015687, "name": "ΗΜΕΡΗΣΙΟ ΓΥΜΝΑΣΙΟ ΖΕΥΓΟΛΑΤΙΟΥ ΚΟΡΙΝΘΙΑΣ" }, "geometry": { "type": "Point", "coordinates": [ 22.795993, 37.941559 ] } },
{ "type": "Feature", "properties": { "fid": 724, "mm_id": 1015694, "name": "ΗΜΕΡΗΣΙΟ ΓΥΜΝΑΣΙΟ ΚΑΙ ΛΥΚΕΙΑΚΕΣ ΤΑΞΕΙΣ ΛΕΧΑΙΟΥ" }, "geometry": { "type": "Point", "coordinates": [ 22.84258, 37.936778 ] } },
{ "type": "Feature", "properties": { "fid": 725, "mm_id": 1015710, "name": "ΗΜΕΡΗΣΙΟ ΓΥΜΝΑΣΙΟ ΚΑΛΛΙΑΝΩΝ - ΓΥΜΝΑΣΙΟ ΚΑΛΛΙΑΝΩΝ" }, "geometry": { "type": "Point", "coordinates": [ 22.497014, 37.888284 ] } },
{ "type": "Feature", "properties": { "fid": 726, "mm_id": 1015696, "name": "ΗΜΕΡΗΣΙΟ ΓΥΜΝΑΣΙΟ ΚΡΥΟΝΕΡΙΟΥ ΚΟΡΙΝΘΙΑΣ" }, "geometry": { "type": "Point", "coordinates": [ 22.642985, 37.964776 ] } },
{ "type": "Feature", "properties": { "fid": 727, "mm_id": 1018225, "name": "ΗΜΕΡΗΣΙΟ ΓΥΜΝΑΣΙΟ ΚΥΡΑΣ-ΒΡΥΣΗ - ΓΥΜΝΑΣΙΟ ΙΣΘΜΙΑΣ" }, "geometry": { "type": "Point", "coordinates": [ 22.981102, 37.912235 ] } },
{ "type": "Feature", "properties": { "fid": 728, "mm_id": 1015706, "name": "ΗΜΕΡΗΣΙΟ ΓΥΜΝΑΣΙΟ ΛΟΥΤΡΑΚΙΟΥ" }, "geometry": { "type": "Point", "coordinates": [ 22.984213, 37.971249 ] } },
{ "type": "Feature", "properties": { "fid": 729, "mm_id": 1015709, "name": "ΗΜΕΡΗΣΙΟ ΓΥΜΝΑΣΙΟ ΝΕΜΕΑΣ" }, "geometry": { "type": "Point", "coordinates": [ 22.659426, 37.818677 ] } },
{ "type": "Feature", "properties": { "fid": 730, "mm_id": 1015707, "name": "ΗΜΕΡΗΣΙΟ ΓΥΜΝΑΣΙΟ ΠΕΡΑΧΩΡΑΣ ΚΟΡΙΝΘΙΑΣ" }, "geometry": { "type": "Point", "coordinates": [ 22.948508, 38.030112 ] } },
{ "type": "Feature", "properties": { "fid": 731, "mm_id": 1015712, "name": "ΗΜΕΡΗΣΙΟ ΓΥΜΝΑΣΙΟ ΣΟΦΙΚΟΥ ΚΟΡΙΝΘΙΑΣ" }, "geometry": { "type": "Point", "coordinates": [ 23.059877, 37.793653 ] } },
{ "type": "Feature", "properties": { "fid": 732, "mm_id": 1015711, "name": "ΗΜΕΡΗΣΙΟ ΓΥΜΝΑΣΙΟ ΧΙΛΙΟΜΟΔΙΟΥ ΚΟΡΙΝΘΙΑΣ" }, "geometry": { "type": "Point", "coordinates": [ 22.871514, 37.806983 ] } },
{ "type": "Feature", "properties": { "fid": 733, "mm_id": 1027016, "name": "ΙΔΙΩΤΙΚΟ ΓΥΜΝΑΣΙΟ - ΕΚΠΑΙΔΕΥΤΗΡΙΑ ΑΤΣΟΓΛΟΥ" }, "geometry": { "type": "Point", "coordinates": [ 22.987671, 37.927888 ] } },
{ "type": "Feature", "properties": { "fid": 734, "mm_id": 1024291, "name": "ΙΔΙΩΤΙΚΟ ΓΥΜΝΑΣΙΟ Homo educandus - Αγωγή" }, "geometry": { "type": "Point", "coordinates": [ 22.979139, 37.925584 ] } },
{ "type": "Feature", "properties": { "fid": 735, "mm_id": 1020890, "name": "ΙΔΙΩΤΙΚΟ ΓΥΜΝΑΣΙΟ ΚΟΡΙΝΘΟΥ - ΑΠΟΣΤΟΛΟΣ ΠΑΥΛΟΣ" }, "geometry": { "type": "Point", "coordinates": [ 22.987938, 37.927902 ] } },
{ "type": "Feature", "properties": { "fid": 736, "mm_id": 1001073, "name": "ΙΔΙΩΤΙΚΟ ΓΥΜΝΑΣΙΟ ΚΟΡΙΝΘΟΥ - ΑΡΙΣΤΟΤΕΛΕΙΟ ΚΟΡΙΝΘΙΑΚΟ ΕΚΠΑΙΔΕΥΤΗΡΙΟ" }, "geometry": { "type": "Point", "coordinates": [ 22.944818, 37.917043 ] } },
{ "type": "Feature", "properties": { "fid": 737, "mm_id": 1015693, "name": "ΜΟΥΣΙΚΟ ΓΥΜΝΑΣΙΟ ΚΟΡΙΝΘΟΥ ΜΕ Μ.Λ.Τ." }, "geometry": { "type": "Point", "coordinates": [ 22.970008, 37.933719 ] } },
{ "type": "Feature", "properties": { "fid": 738, "mm_id": 1000754, "name": "1ο ΗΜΕΡΗΣΙΟ ΓΥΜΝΑΣΙΟ ΡΟΔΟΥ" }, "geometry": { "type": "Point", "coordinates": [ 28.221442, 36.439686 ] } },
{ "type": "Feature", "properties": { "fid": 739, "mm_id": 1000748, "name": "3ο ΗΜΕΡΗΣΙΟ ΓΥΜΝΑΣΙΟ ΡΟΔΟΥ - ΒΕΝΕΤΟΚΛΕΙΟ" }, "geometry": { "type": "Point", "coordinates": [ 28.223172, 36.436616 ] } },
{ "type": "Feature", "properties": { "fid": 740, "mm_id": 1000751, "name": "4ο ΗΜΕΡΗΣΙΟ ΓΥΜΝΑΣΙΟ ΡΟΔΟΥ - ΚΑΖΟΥΛΛΕΙΟ" }, "geometry": { "type": "Point", "coordinates": [ 28.227892, 36.436793 ] } },
{ "type": "Feature", "properties": { "fid": 741, "mm_id": 1018189, "name": "5ο ΗΜΕΡΗΣΙΟ ΓΥΜΝΑΣΙΟ ΡΟΔΟΥ - ΚΑΖΟΥΛΛΕΙΟ ΠΑΡΘΕΝΑΓΩΓΕΙΟ" }, "geometry": { "type": "Point", "coordinates": [ 28.219691, 36.421618 ] } },
{ "type": "Feature", "properties": { "fid": 742, "mm_id": 1000753, "name": "6ο ΗΜΕΡΗΣΙΟ ΓΥΜΝΑΣΙΟ ΡΟΔΟΥ" }, "geometry": { "type": "Point", "coordinates": [ 28.219166, 36.449252 ] } },
{ "type": "Feature", "properties": { "fid": 743, "mm_id": 1012323, "name": "7ο ΗΜΕΡΗΣΙΟ ΓΥΜΝΑΣΙΟ ΡΟΔΟΥ" }, "geometry": { "type": "Point", "coordinates": [ 28.213543, 36.431716 ] } },
{ "type": "Feature", "properties": { "fid": 744, "mm_id": 1018190, "name": "ΓΥΜΝΑΣΙΟ ΙΑΛΥΣΟΥ «ΚΑΛΛΙΠΑΤΕΙΡΑ» - ΗΜΕΡΗΣΙΟ ΓΥΜΝΑΣΙΟ ΙΑΛΥΣΟΥ ΡΟΔΟΥ" }, "geometry": { "type": "Point", "coordinates": [ 28.145165, 36.414843 ] } },
{ "type": "Feature", "properties": { "fid": 745, "mm_id": 1000797, "name": "ΕΝΙΑΙΟ ΕΙΔΙΚΟ ΕΠΑΓΓΕΛΜΑΤΙΚΟ ΓΥΜΝΑΣΙΟ-ΛΥΚΕΙΟ ΡΟΔΟΥ" }, "geometry": { "type": "Point", "coordinates": [ 28.228338, 36.435257 ] } },
{ "type": "Feature", "properties": { "fid": 746, "mm_id": 1012407, "name": "ΕΣΠΕΡΙΝΟ ΓΥΜΝΑΣΙΟ Λ.Τ. ΑΡΧΑΓΓΕΛΟΥ" }, "geometry": { "type": "Point", "coordinates": [ 28.11662, 36.215693 ] } },
{ "type": "Feature", "properties": { "fid": 747, "mm_id": 1027049, "name": "ΕΣΠΕΡΙΝΟ ΓΥΜΝΑΣΙΟ ΜΕ ΛΥΚΕΙΑΚΕΣ ΤΑΞΕΙΣ ΤΗΛΟΥ" }, "geometry": { "type": "Point", "coordinates": [ 27.346545, 36.45247 ] } },
{ "type": "Feature", "properties": { "fid": 748, "mm_id": 1013237, "name": "ΕΣΠΕΡΙΝΟ ΓΥΜΝΑΣΙΟ ΡΟΔΟΥ - ΒΕΝΕΤΟΚΛΕΙΟ" }, "geometry": { "type": "Point", "coordinates": [ 28.223258, 36.436707 ] } },
{ "type": "Feature", "properties": { "fid": 749, "mm_id": 1000786, "name": "ΗΜΕΡΗΣΙΟ ΓΥΜΝΑΣΙΟ - ΛΥΚΕΙΑΚΕΣ ΤΑΞΕΙΣ ΤΗΛΟΥ" }, "geometry": { "type": "Point", "coordinates": [ 27.346656, 36.452491 ] } },
{ "type": "Feature", "properties": { "fid": 750, "mm_id": 1000761, "name": "ΗΜΕΡΗΣΙΟ ΓΥΜΝΑΣΙΟ ΑΡΧΑΓΓΕΛΟΥ" }, "geometry": { "type": "Point", "coordinates": [ 28.116636, 36.21568 ] } },
{ "type": "Feature", "properties": { "fid": 751, "mm_id": 1000759, "name": "ΗΜΕΡΗΣΙΟ ΓΥΜΝΑΣΙΟ ΑΦΑΝΤΟΥ ΡΟΔΟΥ" }, "geometry": { "type": "Point", "coordinates": [ 28.166436, 36.300764 ] } },
{ "type": "Feature", "properties": { "fid": 752, "mm_id": 1012928, "name": "ΗΜΕΡΗΣΙΟ ΓΥΜΝΑΣΙΟ ΚΑΛΥΘΙΩΝ ΡΟΔΟΥ" }, "geometry": { "type": "Point", "coordinates": [ 28.177551, 36.340982 ] } },
{ "type": "Feature", "properties": { "fid": 753, "mm_id": 1012143, "name": "ΗΜΕΡΗΣΙΟ ΓΥΜΝΑΣΙΟ ΚΡΕΜΑΣΤΗΣ ΡΟΔΟΥ" }, "geometry": { "type": "Point", "coordinates": [ 28.120448, 36.412707 ] } },
{ "type": "Feature", "properties": { "fid": 754, "mm_id": 1000752, "name": "ΗΜΕΡΗΣΙΟ ΓΥΜΝΑΣΙΟ ΛΥΚΕΙΑΚΕΣ ΤΑΞΕΙΣ ΓΕΝΝΑΔΙΟΥ ΡΟΔΟΥ" }, "geometry": { "type": "Point", "coordinates": [ 27.924556, 36.022695 ] } },
{ "type": "Feature", "properties": { "fid": 755, "mm_id": 1000758, "name": "ΗΜΕΡΗΣΙΟ ΓΥΜΝΑΣΙΟ ΛΥΚΕΙΑΚΕΣ ΤΑΞΕΙΣ ΕΜΠΩΝΑ" }, "geometry": { "type": "Point", "coordinates": [ 27.856514, 36.229304 ] } },
{ "type": "Feature", "properties": { "fid": 756, "mm_id": 1000760, "name": "ΗΜΕΡΗΣΙΟ ΓΥΜΝΑΣΙΟ ΜΑΣΑΡΩΝ ΡΟΔΟΥ" }, "geometry": { "type": "Point", "coordinates": [ 28.072715, 36.179616 ] } },
{ "type": "Feature", "properties": { "fid": 757, "mm_id": 1000750, "name": "ΗΜΕΡΗΣΙΟ ΓΥΜΝΑΣΙΟ ΜΕ ΛΥΚΕΙΑΚΕΣ ΤΑΞΕΙΣ ΚΑΣΤΕΛΛΟΡΙΖΟΥ (ΜΕΓΙΣΤΗΣ)" }, "geometry": { "type": "Point", "coordinates": [ 29.589379, 36.147775 ] } },
{ "type": "Feature", "properties": { "fid": 758, "mm_id": 1000763, "name": "ΗΜΕΡΗΣΙΟ ΓΥΜΝΑΣΙΟ ΠΑΡΑΔΕΙΣΙΟΥ ΡΟΔΟΥ" }, "geometry": { "type": "Point", "coordinates": [ 28.082449, 36.400406 ] } },
{ "type": "Feature", "properties": { "fid": 759, "mm_id": 1027265, "name": "ΗΜΕΡΗΣΙΟ ΓΥΜΝΑΣΙΟ ΠΑΣΤΙΔΑΣ ΡΟΔΟΥ" }, "geometry": { "type": "Point", "coordinates": [ 28.135795, 36.387786 ] } },
{ "type": "Feature", "properties": { "fid": 760, "mm_id": 1000756, "name": "ΗΜΕΡΗΣΙΟ ΓΥΜΝΑΣΙΟ ΣΟΡΩΝΗΣ ΡΟΔΟΥ" }, "geometry": { "type": "Point", "coordinates": [ 28.005159, 36.363644 ] } },
{ "type": "Feature", "properties": { "fid": 761, "mm_id": 1000765, "name": "ΗΜΕΡΗΣΙΟ ΓΥΜΝΑΣΙΟ ΧΑΛΚΗΣ - ΓΥΜΝΑΣΙΟ Λ.Τ ΧΑΛΚΗΣ ''ΣΩΚΡΑΤΗΣ ΦΑΝΟΥΡΑΚΗΣ''" }, "geometry": { "type": "Point", "coordinates": [ 27.60992, 36.223207 ] } },
{ "type": "Feature", "properties": { "fid": 762, "mm_id": 1020896, "name": "ΙΔΙΩΤΙΚΟ ΓΥΜΝΑΣΙΟ - ΕΚΠΑΙΔΕΥΤΗΡΙΑ ΡΟΔΟΥ ΠΥΘΑΓΟΡΑΣ" }, "geometry": { "type": "Point", "coordinates": [ 28.186249, 36.366119 ] } },
{ "type": "Feature", "properties": { "fid": 763, "mm_id": 1000816, "name": "ΙΔΙΩΤΙΚΟ ΓΥΜΝΑΣΙΟ ΕΚΠΑΙΔΕΥΤΗΡΙΩΝ ΔΩΔΕΚΑΝΗΣΟΥ \"ΡΟΔΙΩΝ ΠΑΙΔΕΙΑ\"" }, "geometry": { "type": "Point", "coordinates": [ 28.206033, 36.419874 ] } },
{ "type": "Feature", "properties": { "fid": 764, "mm_id": 1000762, "name": "ΜΟΥΣΙΚΟ ΓΥΜΝΑΣΙΟ ΡΟΔΟΥ - ΜΟΥΣΙΚΟ ΣΧΟΛΕΙΟ ΡΟΔΟΥ" }, "geometry": { "type": "Point", "coordinates": [ 28.200029, 36.386639 ] } },
{ "type": "Feature", "properties": { "fid": 765, "mm_id": 1000784, "name": "ΠΑΝΟΡΜΙΤΕΙΟ ΓΥΜΝΑΣΙΟ ΚΑΙ ΛΥΚΕΙΑΚΕΣ ΤΑΞΕΙΣ ΣΥΜΗΣ" }, "geometry": { "type": "Point", "coordinates": [ 27.839781, 36.614587 ] } },
{ "type": "Feature", "properties": { "fid": 766, "mm_id": 1000755, "name": "Πειραματικό Γυμνάσιο Ρόδου Πανεπιστημίου Αιγαίου" }, "geometry": { "type": "Point", "coordinates": [ 28.222488, 36.427163 ] } },
{ "type": "Feature", "properties": { "fid": 767, "mm_id": 1015249, "name": "1ο ΗΜΕΡΗΣΙΟ ΓΥΜΝΑΣΙΟ ΗΓΟΥΜΕΝΙΤΣΑΣ" }, "geometry": { "type": "Point", "coordinates": [ 20.264906, 39.506901 ] } },
{ "type": "Feature", "properties": { "fid": 768, "mm_id": 1015258, "name": "1ο ΗΜΕΡΗΣΙΟ ΓΥΜΝΑΣΙΟ ΦΙΛΙΑΤΩΝ ΘΕΣΠΡΩΤΙΑΣ" }, "geometry": { "type": "Point", "coordinates": [ 20.30815, 39.600508 ] } },
{ "type": "Feature", "properties": { "fid": 769, "mm_id": 1015250, "name": "2ο ΗΜΕΡΗΣΙΟ ΓΥΜΝΑΣΙΟ ΗΓΟΥΜΕΝΙΤΣΑΣ" }, "geometry": { "type": "Point", "coordinates": [ 20.259514, 39.512812 ] } },
{ "type": "Feature", "properties": { "fid": 770, "mm_id": 1015251, "name": "3ο ΗΜΕΡΗΣΙΟ ΓΥΜΝΑΣΙΟ ΗΓΟΥΜΕΝΙΤΣΑΣ" }, "geometry": { "type": "Point", "coordinates": [ 20.261185, 39.490859 ] } },
{ "type": "Feature", "properties": { "fid": 771, "mm_id": 1025351, "name": "ΕΝΙΑΙΟ ΕΙΔΙΚΟ ΕΠΑΓΓΕΛΜΑΤΙΚΟ ΓΥΜΝΑΣΙΟ-ΛΥΚΕΙΟ ΗΓΟΥΜΕΝΙΤΣΑΣ" }, "geometry": { "type": "Point", "coordinates": [ 20.255496, 39.523488 ] } },
{ "type": "Feature", "properties": { "fid": 772, "mm_id": 1015252, "name": "ΕΣΠΕΡΙΝΟ ΓΥΜΝΑΣΙΟ ΗΓΟΥΜΕΝΙΤΣΑΣ" }, "geometry": { "type": "Point", "coordinates": [ 20.265722, 39.505965 ] } },
{ "type": "Feature", "properties": { "fid": 773, "mm_id": 1015263, "name": "ΗΜΕΡΗΣΙΟ ΓΥΜΝΑΣΙΟ ΓΑΡΔΙΚΙΟΥ ΘΕΣΠΡΩΤΙΑΣ" }, "geometry": { "type": "Point", "coordinates": [ 20.560694, 39.359487 ] } },
{ "type": "Feature", "properties": { "fid": 774, "mm_id": 1015260, "name": "ΗΜΕΡΗΣΙΟ ΓΥΜΝΑΣΙΟ ΜΑΡΓΑΡΙΤΙΟΥ ΘΕΣΠΡΩΤΙΑΣ" }, "geometry": { "type": "Point", "coordinates": [ 20.43832, 39.356161 ] } },
{ "type": "Feature", "properties": { "fid": 775, "mm_id": 1015264, "name": "ΗΜΕΡΗΣΙΟ ΓΥΜΝΑΣΙΟ ΝΕΑΣ ΣΕΛΕΥΚΕΙΑΣ ΘΕΣΠΡΩΤΙΑΣ" }, "geometry": { "type": "Point", "coordinates": [ 20.258111, 39.527432 ] } },
{ "type": "Feature", "properties": { "fid": 776, "mm_id": 1015254, "name": "ΗΜΕΡΗΣΙΟ ΓΥΜΝΑΣΙΟ ΠΑΡΑΜΥΘΙΑΣ ΘΕΣΠΡΩΤΙΑΣ" }, "geometry": { "type": "Point", "coordinates": [ 20.514522, 39.459552 ] } },
{ "type": "Feature", "properties": { "fid": 777, "mm_id": 1015261, "name": "ΗΜΕΡΗΣΙΟ ΓΥΜΝΑΣΙΟ ΠΕΡΔΙΚΑΣ ΘΕΣΠΡΩΤΙΑΣ" }, "geometry": { "type": "Point", "coordinates": [ 20.303861, 39.371742 ] } },
{ "type": "Feature", "properties": { "fid": 778, "mm_id": 1015256, "name": "ΗΜΕΡΗΣΙΟ ΓΥΜΝΑΣΙΟ ΠΛΑΤΑΡΙΑΣ ΘΕΣΠΡΩΤΙΑΣ" }, "geometry": { "type": "Point", "coordinates": [ 20.283467, 39.454447 ] } },
{ "type": "Feature", "properties": { "fid": 779, "mm_id": 1026827, "name": "ΜΟΥΣΙΚΟ ΓΥΜΝΑΣΙΟ ΗΓΟΥΜΕΝΙΤΣΑΣ" }, "geometry": { "type": "Point", "coordinates": [ 20.37329, 39.416534 ] } },
{ "type": "Feature", "properties": { "fid": 780, "mm_id": 1015795, "name": "10ο ΗΜΕΡΗΣΙΟ ΓΥΜΝΑΣΙΟ ΛΑΡΙΣΑΣ" }, "geometry": { "type": "Point", "coordinates": [ 22.403047, 39.639235 ] } },
{ "type": "Feature", "properties": { "fid": 781, "mm_id": 1018925, "name": "11ο ΗΜΕΡΗΣΙΟ ΓΥΜΝΑΣΙΟ ΛΑΡΙΣΑΣ" }, "geometry": { "type": "Point", "coordinates": [ 22.434311, 39.648104 ] } },
{ "type": "Feature", "properties": { "fid": 782, "mm_id": 1018926, "name": "12ο ΗΜΕΡΗΣΙΟ ΓΥΜΝΑΣΙΟ ΛΑΡΙΣΑΣ- «Μ. ΚΑΡΑΓΑΤΣΗΣ»" }, "geometry": { "type": "Point", "coordinates": [ 22.41979, 39.645571 ] } },
{ "type": "Feature", "properties": { "fid": 783, "mm_id": 1018593, "name": "13ο ΗΜΕΡΗΣΙΟ ΓΥΜΝΑΣΙΟ ΛΑΡΙΣΑΣ" }, "geometry": { "type": "Point", "coordinates": [ 22.428924, 39.610933 ] } },
{ "type": "Feature", "properties": { "fid": 784, "mm_id": 1015796, "name": "14ο ΗΜΕΡΗΣΙΟ ΓΥΜΝΑΣΙΟ ΛΑΡΙΣΑΣ" }, "geometry": { "type": "Point", "coordinates": [ 22.432839, 39.643382 ] } },
{ "type": "Feature", "properties": { "fid": 785, "mm_id": 1015798, "name": "15ο ΗΜΕΡΗΣΙΟ ΓΥΜΝΑΣΙΟ ΛΑΡΙΣΑΣ" }, "geometry": { "type": "Point", "coordinates": [ 22.417315, 39.621029 ] } },
{ "type": "Feature", "properties": { "fid": 786, "mm_id": 1015808, "name": "1ο ΗΜΕΡΗΣΙΟ ΓΥΜΝΑΣΙΟ ΕΛΑΣΣΟΝΑΣ" }, "geometry": { "type": "Point", "coordinates": [ 22.192309, 39.889756 ] } },
{ "type": "Feature", "properties": { "fid": 787, "mm_id": 1015823, "name": "1ο ΗΜΕΡΗΣΙΟ ΓΥΜΝΑΣΙΟ ΤΥΡΝΑΒΟΥ - ΑΧΙΛΛΕΑΣ ΤΖΑΡΤΖΑΝΟΣ" }, "geometry": { "type": "Point", "coordinates": [ 22.294199, 39.736794 ] } },
{ "type": "Feature", "properties": { "fid": 788, "mm_id": 1015815, "name": "1ο ΗΜΕΡΗΣΙΟ ΓΥΜΝΑΣΙΟ ΦΑΡΣΑΛΩΝ" }, "geometry": { "type": "Point", "coordinates": [ 22.395095, 39.298037 ] } },
{ "type": "Feature", "properties": { "fid": 789, "mm_id": 1015786, "name": "1ο ΠΕΙΡΑΜΑΤΙΚΟ ΓΥΜΝΑΣΙΟ ΛΑΡΙΣΑΣ" }, "geometry": { "type": "Point", "coordinates": [ 22.4126, 39.634638 ] } },
{ "type": "Feature", "properties": { "fid": 790, "mm_id": 1015787, "name": "2ο ΗΜΕΡΗΣΙΟ ΓΥΜΝΑΣΙΟ ΛΑΡΙΣΑΣ" }, "geometry": { "type": "Point", "coordinates": [ 22.430291, 39.636324 ] } },
{ "type": "Feature", "properties": { "fid": 791, "mm_id": 1018038, "name": "2ο ΗΜΕΡΗΣΙΟ ΓΥΜΝΑΣΙΟ ΤΥΡΝΑΒΟΥ" }, "geometry": { "type": "Point", "coordinates": [ 22.277507, 39.742577 ] } },
{ "type": "Feature", "properties": { "fid": 792, "mm_id": 1015816, "name": "2ο ΗΜΕΡΗΣΙΟ ΓΥΜΝΑΣΙΟ ΦΑΡΣΑΛΩΝ" }, "geometry": { "type": "Point", "coordinates": [ 22.382492, 39.300202 ] } },
{ "type": "Feature", "properties": { "fid": 793, "mm_id": 1015788, "name": "3ο ΗΜΕΡΗΣΙΟ ΓΥΜΝΑΣΙΟ ΛΑΡΙΣΑΣ" }, "geometry": { "type": "Point", "coordinates": [ 22.402106, 39.617144 ] } },
{ "type": "Feature", "properties": { "fid": 794, "mm_id": 1015789, "name": "4ο ΗΜΕΡΗΣΙΟ ΓΥΜΝΑΣΙΟ ΛΑΡΙΣΑΣ" }, "geometry": { "type": "Point", "coordinates": [ 22.411201, 39.634072 ] } },
{ "type": "Feature", "properties": { "fid": 795, "mm_id": 1015790, "name": "5ο ΗΜΕΡΗΣΙΟ ΓΥΜΝΑΣΙΟ ΛΑΡΙΣΑΣ - ΝΙΚΗΦΟΡΟΣ ΘΕΟΤΟΚΗΣ" }, "geometry": { "type": "Point", "coordinates": [ 22.423533, 39.632466 ] } },
{ "type": "Feature", "properties": { "fid": 796, "mm_id": 1015791, "name": "6ο Ημερήσιο Γυμνάσιο Λάρισας" }, "geometry": { "type": "Point", "coordinates": [ 22.397753, 39.62692 ] } },
{ "type": "Feature", "properties": { "fid": 797, "mm_id": 1015792, "name": "7ο ΗΜΕΡΗΣΙΟ ΓΥΜΝΑΣΙΟ ΛΑΡΙΣΑΣ" }, "geometry": { "type": "Point", "coordinates": [ 22.450817, 39.62819 ] } },
{ "type": "Feature", "properties": { "fid": 798, "mm_id": 1015793, "name": "8ο ΗΜΕΡΗΣΙΟ ΓΥΜΝΑΣΙΟ ΛΑΡΙΣΑΣ" }, "geometry": { "type": "Point", "coordinates": [ 22.401576, 39.636029 ] } },
{ "type": "Feature", "properties": { "fid": 799, "mm_id": 1015794, "name": "9ο ΗΜΕΡΗΣΙΟ ΓΥΜΝΑΣΙΟ ΛΑΡΙΣΑΣ" }, "geometry": { "type": "Point", "coordinates": [ 22.430065, 39.62547 ] } },
{ "type": "Feature", "properties": { "fid": 800, "mm_id": 1015834, "name": "ΓΥΜΝΑΣΙΟ - ΛΥΚΕΙΑΚΕΣ ΤΑΞΕΙΣ ΚΡΑΝΕΑΣ" }, "geometry": { "type": "Point", "coordinates": [ 21.967274, 39.949644 ] } },
{ "type": "Feature", "properties": { "fid": 801, "mm_id": 1015840, "name": "ΓΥΜΝΑΣΙΟ ΚΑΙ ΛΥΚΕΙΑΚΕΣ ΤΑΞΕΙΣ ΚΑΛΛΙΘΕΑΣ \"ΘΕΟΦΙΛΟΣ ΣΑΚΑΛΙΔΗΣ\"" }, "geometry": { "type": "Point", "coordinates": [ 22.190315, 39.980094 ] } },
{ "type": "Feature", "properties": { "fid": 802, "mm_id": 1015844, "name": "ΕΝΙΑΙΟ ΕΙΔΙΚΟ ΕΠΑΓΓΕΛΜΑΤΙΚΟ ΓΥΜΝΑΣΙΟ - ΛΥΚΕΙΟ  ΛΑΡΙΣΑΣ" }, "geometry": { "type": "Point", "coordinates": [ 22.391948, 39.671848 ] } },
{ "type": "Feature", "properties": { "fid": 803, "mm_id": 1015830, "name": "ΕΝΙΑΙΟ ΕΙΔΙΚΟ ΕΠΑΓΓΕΛΜΑΤΙΚΟ ΓΥΜΝΑΣΙΟ-ΛΥΚΕΙΟ ΕΛΑΣΣΟΝΑΣ" }, "geometry": { "type": "Point", "coordinates": [ 22.180933, 39.893038 ] } },
{ "type": "Feature", "properties": { "fid": 804, "mm_id": 1015797, "name": "ΕΣΠΕΡΙΝΟ ΓΥΜΝΑΣΙΟ ΜΕ ΛΥΚΕΙΑΚΕΣ ΤΑΞΕΙΣ ΛΑΡΙΣΑΣ" }, "geometry": { "type": "Point", "coordinates": [ 22.423576, 39.632464 ] } },
{ "type": "Feature", "properties": { "fid": 805, "mm_id": 1015811, "name": "ΗΜΕΡΗΣΙΟ ΓΥΜΝΑΣΙΟ & Λ. - Τ. ΤΣΑΡΙΤΣΑΝΗΣ - ΚΩΝΣΤΑΝΤΙΝΟΣ ΟΙΚΟΝΟΜΟΣ" }, "geometry": { "type": "Point", "coordinates": [ 22.230037, 39.880768 ] } },
{ "type": "Feature", "properties": { "fid": 806, "mm_id": 1015829, "name": "ΗΜΕΡΗΣΙΟ ΓΥΜΝΑΣΙΟ & Λ.Τ. ΛΙΒΑΔΙΟΥ" }, "geometry": { "type": "Point", "coordinates": [ 22.157431, 40.124663 ] } },
{ "type": "Feature", "properties": { "fid": 807, "mm_id": 1015839, "name": "ΗΜΕΡΗΣΙΟ ΓΥΜΝΑΣΙΟ - Λ.Τ. ΒΕΡΔΙΚΟΥΣΑΣ" }, "geometry": { "type": "Point", "coordinates": [ 21.977252, 39.783694 ] } },
{ "type": "Feature", "properties": { "fid": 808, "mm_id": 1015835, "name": "ΗΜΕΡΗΣΙΟ ΓΥΜΝΑΣΙΟ - ΛΥΚΕΙΑΚΕΣ ΤΑΞΕΙΣ ΚΟΙΛΑΔΑΣ" }, "geometry": { "type": "Point", "coordinates": [ 22.302281, 39.57442 ] } },
{ "type": "Feature", "properties": { "fid": 809, "mm_id": 1015801, "name": "ΗΜΕΡΗΣΙΟ ΓΥΜΝΑΣΙΟ ΑΓΙΑΣ" }, "geometry": { "type": "Point", "coordinates": [ 22.7526, 39.717573 ] } },
{ "type": "Feature", "properties": { "fid": 810, "mm_id": 1015822, "name": "ΗΜΕΡΗΣΙΟ ΓΥΜΝΑΣΙΟ ΑΜΠΕΛΩΝΑ" }, "geometry": { "type": "Point", "coordinates": [ 22.357842, 39.749252 ] } },
{ "type": "Feature", "properties": { "fid": 811, "mm_id": 1015824, "name": "ΗΜΕΡΗΣΙΟ ΓΥΜΝΑΣΙΟ ΑΡΓΥΡΟΠΟΥΛΙΟΥ-<<ΗΛΩΝΗ>>" }, "geometry": { "type": "Point", "coordinates": [ 22.324628, 39.814904 ] } },
{ "type": "Feature", "properties": { "fid": 812, "mm_id": 1015836, "name": "ΗΜΕΡΗΣΙΟ ΓΥΜΝΑΣΙΟ ΑΡΜΕΝΙΟΥ & ΛΥΚΕΙΑΚΕΣ ΤΑΞΕΙΣ" }, "geometry": { "type": "Point", "coordinates": [ 22.700553, 39.493718 ] } },
{ "type": "Feature", "properties": { "fid": 813, "mm_id": 1015819, "name": "ΗΜΕΡΗΣΙΟ ΓΥΜΝΑΣΙΟ ΒΑΜΒΑΚΟΥΣ" }, "geometry": { "type": "Point", "coordinates": [ 22.414206, 39.334733 ] } },
{ "type": "Feature", "properties": { "fid": 814, "mm_id": 1015833, "name": "ΗΜΕΡΗΣΙΟ ΓΥΜΝΑΣΙΟ ΓΙΑΝΝΟΥΛΗΣ" }, "geometry": { "type": "Point", "coordinates": [ 22.388761, 39.670238 ] } },
{ "type": "Feature", "properties": { "fid": 815, "mm_id": 1015805, "name": "ΗΜΕΡΗΣΙΟ ΓΥΜΝΑΣΙΟ ΓΟΝΝΩΝ" }, "geometry": { "type": "Point", "coordinates": [ 22.469835, 39.862698 ] } },
{ "type": "Feature", "properties": { "fid": 816, "mm_id": 1015841, "name": "ΗΜΕΡΗΣΙΟ ΓΥΜΝΑΣΙΟ ΔΟΜΕΝΙΚΟΥ - ΝΙΚΟΛΑΟΣ ΜΠΑΜΠΑΛΗΣ" }, "geometry": { "type": "Point", "coordinates": [ 22.115207, 39.788435 ] } },
{ "type": "Feature", "properties": { "fid": 817, "mm_id": 1025481, "name": "ΗΜΕΡΗΣΙΟ ΓΥΜΝΑΣΙΟ ΚΑΡΥΑΣ" }, "geometry": { "type": "Point", "coordinates": [ 22.391825, 39.982251 ] } },
{ "type": "Feature", "properties": { "fid": 818, "mm_id": 1015813, "name": "ΗΜΕΡΗΣΙΟ ΓΥΜΝΑΣΙΟ ΛΥΚ. ΤΑΞΕΙΣ ΜΑΚΡΥΧΩΡΙΟΥ" }, "geometry": { "type": "Point", "coordinates": [ 22.495776, 39.801588 ] } },
{ "type": "Feature", "properties": { "fid": 819, "mm_id": 1015817, "name": "ΗΜΕΡΗΣΙΟ ΓΥΜΝΑΣΙΟ ΜΕΓΑΛΟΥ ΕΥΥΔΡΙΟΥ" }, "geometry": { "type": "Point", "coordinates": [ 22.330961, 39.347095 ] } },
{ "type": "Feature", "properties": { "fid": 820, "mm_id": 1018231, "name": "ΗΜΕΡΗΣΙΟ ΓΥΜΝΑΣΙΟ ΝΙΚΑΙΑΣ ΛΑΡΙΣΑΣ" }, "geometry": { "type": "Point", "coordinates": [ 22.472117, 39.564582 ] } },
{ "type": "Feature", "properties": { "fid": 821, "mm_id": 1015838, "name": "ΗΜΕΡΗΣΙΟ ΓΥΜΝΑΣΙΟ ΠΛΑΤΥΚΑΜΠΟΥ" }, "geometry": { "type": "Point", "coordinates": [ 22.536421, 39.626487 ] } },
{ "type": "Feature", "properties": { "fid": 822, "mm_id": 1015827, "name": "ΗΜΕΡΗΣΙΟ ΓΥΜΝΑΣΙΟ ΠΥΡΓΕΤΟΥ - ΓΥΜΝΑΣΙΟ ΠΥΡΓΕΤΟΥ" }, "geometry": { "type": "Point", "coordinates": [ 22.597089, 39.919082 ] } },
{ "type": "Feature", "properties": { "fid": 823, "mm_id": 1015812, "name": "ΗΜΕΡΗΣΙΟ ΓΥΜΝΑΣΙΟ ΣΥΚΟΥΡΙΟΥ" }, "geometry": { "type": "Point", "coordinates": [ 22.574491, 39.756653 ] } },
{ "type": "Feature", "properties": { "fid": 824, "mm_id": 1015842, "name": "ΗΜΕΡΗΣΙΟ ΓΥΜΝΑΣΙΟ ΦΑΛΑΝΗΣ" }, "geometry": { "type": "Point", "coordinates": [ 22.402053, 39.727337 ] } },
{ "type": "Feature", "properties": { "fid": 825, "mm_id": 1001168, "name": "ΙΔ. ΓΥΜΝΑΣΙΟ Ν. ΜΠΑΚΟΓΙΑΝΝΗ" }, "geometry": { "type": "Point", "coordinates": [ 22.365805, 39.624307 ] } },
{ "type": "Feature", "properties": { "fid": 826, "mm_id": 1026885, "name": "ΙΔΙΩΤΙΚΟ ΓΥΜΝΑΣΙΟ - ΕΛΛΗΝΙΚΗ ΠΑΙΔΕΙΑ ΔΗΜΟΤΙΚΟ - ΓΥΜΝΑΣΙΟ Μ.Ι.Κ.Ε." }, "geometry": { "type": "Point", "coordinates": [ 22.424298, 39.601768 ] } },
{ "type": "Feature", "properties": { "fid": 827, "mm_id": 1001167, "name": "ΚΕΝΤΡΟ ΕΛΛΗΝΙΚΗΣ ΠΑΙΔΕΙΑΣ/ΓΥΜΝΑΣΙΟ ΜΑΙΡΗΣ Ν. ΡΑΠΤΟΥ" }, "geometry": { "type": "Point", "coordinates": [ 22.384736, 39.601265 ] } },
{ "type": "Feature", "properties": { "fid": 828, "mm_id": 1015800, "name": "ΜΟΥΣΙΚΟ ΣΧΟΛΕΙΟ ΛΑΡΙΣΑΣ(ΓΥΜΝΑΣΙΟ-ΛΥΚΕΙΟ)" }, "geometry": { "type": "Point", "coordinates": [ 22.411295, 39.617369 ] } },
{ "type": "Feature", "properties": { "fid": 829, "mm_id": 1027093, "name": "ΠΡΟΤΥΠΟ ΓΥΜΝΑΣΙΟ ΛΑΡΙΣΑΣ" }, "geometry": { "type": "Point", "coordinates": [ 22.430237, 39.636393 ] } },
{ "type": "Feature", "properties": { "fid": 830, "mm_id": 1015336, "name": "10ο ΗΜΕΡΗΣΙΟ ΓΥΜΝΑΣΙΟ ΙΩΑΝΝΙΝΩΝ  «ΘΕΟΔΩΡΟΣ ΠΑΠΑΓΙΑΝΝΗΣ»" }, "geometry": { "type": "Point", "coordinates": [ 20.839692, 39.67522 ] } },
{ "type": "Feature", "properties": { "fid": 831, "mm_id": 1015337, "name": "11ο ΗΜΕΡΗΣΙΟ ΓΥΜΝΑΣΙΟ ΙΩΑΝΝΙΝΩΝ" }, "geometry": { "type": "Point", "coordinates": [ 20.813863, 39.67329 ] } },
{ "type": "Feature", "properties": { "fid": 832, "mm_id": 1015326, "name": "1ο ΗΜΕΡΗΣΙΟ ΓΥΜΝΑΣΙΟ ΑΝΑΤΟΛΗΣ ΙΩΑΝΝΙΝΩΝ" }, "geometry": { "type": "Point", "coordinates": [ 20.867088, 39.634624 ] } },
{ "type": "Feature", "properties": { "fid": 833, "mm_id": 1015319, "name": "1ο ΗΜΕΡΗΣΙΟ ΓΥΜΝΑΣΙΟ ΙΩΑΝΝΙΝΩΝ" }, "geometry": { "type": "Point", "coordinates": [ 20.85141, 39.669474 ] } },
{ "type": "Feature", "properties": { "fid": 834, "mm_id": 1015345, "name": "1ο ΗΜΕΡΗΣΙΟ ΓΥΜΝΑΣΙΟ ΠΑΡΑΚΑΛΑΜΟΥ ΙΩΑΝΝΙΝΩΝ - ΓΥΜΝΑΣΙΟ ΠΑΡΑΚΑΛΑΜΟΥ" }, "geometry": { "type": "Point", "coordinates": [ 20.57216, 39.860907 ] } },
{ "type": "Feature", "properties": { "fid": 835, "mm_id": 1015352, "name": "1ο ΗΜΕΡΗΣΙΟ ΓΥΜΝΑΣΙΟ ΠΡΑΜΑΝΤΩΝ ΙΩΑΝΝΙΝΩΝ - ΓΥΜΝΑΣΙΟ-ΛΥΚΕΙΑΚΕΣ ΤΑΞΕΙΣ ΠΡΑΜΑΝΤΩΝ" }, "geometry": { "type": "Point", "coordinates": [ 21.101775, 39.525537 ] } },
{ "type": "Feature", "properties": { "fid": 836, "mm_id": 1015320, "name": "2ο ΓΥΜΝΑΣΙΟ ΙΩΑΝΝΙΝΩΝ ΔΙΑΠΟΛΙΤΙΣΜΙΚΗΣ ΕΚΠΑΙΔΕΥΣΗΣ" }, "geometry": { "type": "Point", "coordinates": [ 20.851778, 39.671934 ] } },
{ "type": "Feature", "properties": { "fid": 837, "mm_id": 1015328, "name": "2ο ΗΜΕΡΗΣΙΟ ΓΥΜΝΑΣΙΟ ΑΝΑΤΟΛΗΣ ΙΩΑΝΝΙΝΩΝ" }, "geometry": { "type": "Point", "coordinates": [ 20.875766, 39.640965 ] } },
{ "type": "Feature", "properties": { "fid": 838, "mm_id": 1015321, "name": "3ο ΗΜΕΡΗΣΙΟ ΓΥΜΝΑΣΙΟ ΙΩΑΝΝΙΝΩΝ" }, "geometry": { "type": "Point", "coordinates": [ 20.839296, 39.67555 ] } },
{ "type": "Feature", "properties": { "fid": 839, "mm_id": 1015324, "name": "4ο ΗΜΕΡΗΣΙΟ ΓΥΜΝΑΣΙΟ ΙΩΑΝΝΙΝΩΝ" }, "geometry": { "type": "Point", "coordinates": [ 20.848308, 39.666418 ] } },
{ "type": "Feature", "properties": { "fid": 840, "mm_id": 1015329, "name": "5ο ΗΜΕΡΗΣΙΟ ΓΥΜΝΑΣΙΟ ΙΩΑΝΝΙΝΩΝ" }, "geometry": { "type": "Point", "coordinates": [ 20.859814, 39.657245 ] } },
{ "type": "Feature", "properties": { "fid": 841, "mm_id": 1015330, "name": "6ο ΗΜΕΡΗΣΙΟ ΓΥΜΝΑΣΙΟ ΙΩΑΝΝΙΝΩΝ" }, "geometry": { "type": "Point", "coordinates": [ 20.852057, 39.653974 ] } },
{ "type": "Feature", "properties": { "fid": 842, "mm_id": 1015331, "name": "7ο ΗΜΕΡΗΣΙΟ ΓΥΜΝΑΣΙΟ ΙΩΑΝΝΙΝΩΝ" }, "geometry": { "type": "Point", "coordinates": [ 20.852057, 39.653239 ] } },
{ "type": "Feature", "properties": { "fid": 843, "mm_id": 1015332, "name": "8ο ΗΜΕΡΗΣΙΟ ΓΥΜΝΑΣΙΟ ΙΩΑΝΝΙΝΩΝ" }, "geometry": { "type": "Point", "coordinates": [ 20.851971, 39.65494 ] } },
{ "type": "Feature", "properties": { "fid": 844, "mm_id": 1015333, "name": "9ο ΗΜΕΡΗΣΙΟ ΓΥΜΝΑΣΙΟ ΙΩΑΝΝΙΝΩΝ" }, "geometry": { "type": "Point", "coordinates": [ 20.837505, 39.682513 ] } },
{ "type": "Feature", "properties": { "fid": 845, "mm_id": 1021311, "name": "ΑΡΣΑΚΕΙΟ ΓΥΜΝΑΣΙΟ ΙΩΑΝΝΙΝΩΝ" }, "geometry": { "type": "Point", "coordinates": [ 20.940443, 39.652058 ] } },
{ "type": "Feature", "properties": { "fid": 846, "mm_id": 1015344, "name": "ΓΥΜΝΑΣΙΟ ΔΟΛΙΑΝΩΝ - \"ΓΕΩΡΓΙΟΣ ΓΕΝΝΑΔΙΟΣ\"" }, "geometry": { "type": "Point", "coordinates": [ 20.57795, 39.899842 ] } },
{ "type": "Feature", "properties": { "fid": 847, "mm_id": 1015364, "name": "ΓΥΜΝΑΣΙΟ ΠΕΡΑΜΑΤΟΣ ΙΩΑΝΝΙΝΩΝ" }, "geometry": { "type": "Point", "coordinates": [ 20.847488, 39.692877 ] } },
{ "type": "Feature", "properties": { "fid": 848, "mm_id": 1015380, "name": "ΕΝΙΑΙΟ ΕΙΔΙΚΟ ΕΠΑΓΓΕΛΜΑΤΙΚΟ ΓΥΜΝΑΣΙΟ ΛΥΚΕΙΟ ΙΩΑΝΝΙΝΩΝ" }, "geometry": { "type": "Point", "coordinates": [ 20.84461, 39.649934 ] } },
{ "type": "Feature", "properties": { "fid": 849, "mm_id": 1015325, "name": "ΕΣΠΕΡΙΝΟ ΓΥΜΝΑΣΙΟ ΙΩΑΝΝΙΝΩΝ" }, "geometry": { "type": "Point", "coordinates": [ 20.850297, 39.665545 ] } },
{ "type": "Feature", "properties": { "fid": 850, "mm_id": 1015367, "name": "ΗΜΕΡΗΣΙΟ ΓΥΜΝΑΣΙΟ - ΓΕ.Λ. ΧΡΥΣΟΒΙΤΣΑΣ" }, "geometry": { "type": "Point", "coordinates": [ 21.092698, 39.764847 ] } },
{ "type": "Feature", "properties": { "fid": 851, "mm_id": 1015339, "name": "ΗΜΕΡΗΣΙΟ ΓΥΜΝΑΣΙΟ ΒΕΛΙΣΣΑΡΙΟΥ ΙΩΑΝΝΙΝΩΝ" }, "geometry": { "type": "Point", "coordinates": [ 20.844331, 39.649695 ] } },
{ "type": "Feature", "properties": { "fid": 852, "mm_id": 1015363, "name": "ΗΜΕΡΗΣΙΟ ΓΥΜΝΑΣΙΟ ΕΛΕΟΥΣΑΣ ΙΩΑΝΝΙΝΩΝ" }, "geometry": { "type": "Point", "coordinates": [ 20.788141, 39.701089 ] } },
{ "type": "Feature", "properties": { "fid": 853, "mm_id": 1015351, "name": "ΗΜΕΡΗΣΙΟ ΓΥΜΝΑΣΙΟ ΖΙΤΣΑΣ ΜΕ ΛΥΚΕΙΑΚΕΣ ΤΑΞΕΙΣ" }, "geometry": { "type": "Point", "coordinates": [ 20.649482, 39.754604 ] } },
{ "type": "Feature", "properties": { "fid": 854, "mm_id": 1015358, "name": "ΗΜΕΡΗΣΙΟ ΓΥΜΝΑΣΙΟ ΚΑΤΣΙΚΑ ΙΩΑΝΝΙΝΩΝ" }, "geometry": { "type": "Point", "coordinates": [ 20.888432, 39.620749 ] } },
{ "type": "Feature", "properties": { "fid": 855, "mm_id": 1015347, "name": "ΗΜΕΡΗΣΙΟ ΓΥΜΝΑΣΙΟ ΚΟΝΙΤΣΑΣ ΙΩΑΝΝΙΝΩΝ" }, "geometry": { "type": "Point", "coordinates": [ 20.74944, 40.047355 ] } },
{ "type": "Feature", "properties": { "fid": 856, "mm_id": 1015361, "name": "ΗΜΕΡΗΣΙΟ ΓΥΜΝΑΣΙΟ ΚΟΥΤΣΕΛΙΟΥ ΙΩΑΝΝΙΝΩΝ" }, "geometry": { "type": "Point", "coordinates": [ 20.914919, 39.593986 ] } },
{ "type": "Feature", "properties": { "fid": 857, "mm_id": 1015368, "name": "ΗΜΕΡΗΣΙΟ ΓΥΜΝΑΣΙΟ ΛΟΓΓΑΔΩΝ ΙΩΑΝΝΙΝΩΝ" }, "geometry": { "type": "Point", "coordinates": [ 20.935526, 39.659786 ] } },
{ "type": "Feature", "properties": { "fid": 858, "mm_id": 1015365, "name": "ΗΜΕΡΗΣΙΟ ΓΥΜΝΑΣΙΟ ΜΕΤΑΜΟΡΦΩΣΗΣ" }, "geometry": { "type": "Point", "coordinates": [ 20.73608, 39.792178 ] } },
{ "type": "Feature", "properties": { "fid": 859, "mm_id": 1015349, "name": "ΗΜΕΡΗΣΙΟ ΓΥΜΝΑΣΙΟ ΜΕΤΣΟΒΟΥ ΙΩΑΝΝΙΝΩΝ" }, "geometry": { "type": "Point", "coordinates": [ 21.182901, 39.771832 ] } },
{ "type": "Feature", "properties": { "fid": 860, "mm_id": 1015359, "name": "ΗΜΕΡΗΣΙΟ ΓΥΜΝΑΣΙΟ ΜΠΙΖΑΝΙΟΥ ΙΩΑΝΝΙΝΩΝ" }, "geometry": { "type": "Point", "coordinates": [ 20.863512, 39.564867 ] } },
{ "type": "Feature", "properties": { "fid": 861, "mm_id": 1015327, "name": "ΗΜΕΡΗΣΙΟ ΓΥΜΝΑΣΙΟ ΠΕΔΙΝΗΣ ΙΩΑΝΝΙΝΩΝ" }, "geometry": { "type": "Point", "coordinates": [ 20.84577, 39.597962 ] } },
{ "type": "Feature", "properties": { "fid": 862, "mm_id": 1015338, "name": "ΗΜΕΡΗΣΙΟ ΓΥΜΝΑΣΙΟ ΣΤΑΥΡΑΚΙΟΥ" }, "geometry": { "type": "Point", "coordinates": [ 20.8213, 39.651846 ] } },
{ "type": "Feature", "properties": { "fid": 863, "mm_id": 1026699, "name": "Ιδιωτικό Γυμνάσιο - ΖΩΓΡΑΦΕΙΟ Ι.Κ.Ε." }, "geometry": { "type": "Point", "coordinates": [ 20.850838, 39.616403 ] } },
{ "type": "Feature", "properties": { "fid": 864, "mm_id": 1001045, "name": "ΙΔΙΩΤΙΚΟ ΓΥΜΝΑΣΙΟ ΙΩΑΝΝΙΝΑ - ΔΩΔΩΝΑΙΑ ΕΚΠΑΙΔΕΥΤΗΡΙΑ" }, "geometry": { "type": "Point", "coordinates": [ 20.8213, 39.660291 ] } },
{ "type": "Feature", "properties": { "fid": 865, "mm_id": 1021310, "name": "ΙΔΙΩΤΙΚΟ ΓΥΜΝΑΣΙΟ-ΜΟΡΦΩΤΙΚΟΣ ΚΑΙ ΠΟΛΙΤΙΣΤΙΚΟΣ ΣΥΛΛΟΓΟΣ \" ΤΟ ΑΝΘΟΣ \"" }, "geometry": { "type": "Point", "coordinates": [ 20.939173, 39.659045 ] } },
{ "type": "Feature", "properties": { "fid": 866, "mm_id": 1015323, "name": "ΜΟΥΣΙΚΟ ΣΧΟΛΕΙΟ ΙΩΑΝΝΙΝΩΝ - \"ΝΙΚΟΛΑΟΣ ΔΟΥΜΠΑΣ\"" }, "geometry": { "type": "Point", "coordinates": [ 20.837657, 39.683187 ] } },
{ "type": "Feature", "properties": { "fid": 867, "mm_id": 1015322, "name": "ΠΡΟΤΥΠΟ ΓΥΜΝΑΣΙΟ ΖΩΣΙΜΑΙΑΣ ΣΧΟΛΗΣ" }, "geometry": { "type": "Point", "coordinates": [ 20.846319, 39.654373 ] } },
{ "type": "Feature", "properties": { "fid": 868, "mm_id": 1018693, "name": "\"ΑΛΕΞΑΝΔΡΕΙΟ\" - 2ο ΗΜΕΡΗΣΙΟ ΓΥΜΝΑΣΙΟ ΒΕΡΟΙΑΣ" }, "geometry": { "type": "Point", "coordinates": [ 22.196351, 40.528612 ] } },
{ "type": "Feature", "properties": { "fid": 869, "mm_id": 1018920, "name": "1ο ΗΜΕΡΗΣΙΟ ΓΥΜΝΑΣΙΟ ΑΛΕΞΑΝΔΡΕΙΑ ΗΜΑΘΙΑΣ" }, "geometry": { "type": "Point", "coordinates": [ 22.441002, 40.632201 ] } },
{ "type": "Feature", "properties": { "fid": 870, "mm_id": 1015103, "name": "1ο ΗΜΕΡΗΣΙΟ ΓΥΜΝΑΣΙΟ ΒΕΡΟΙΑΣ - ΦΙΛΙΠΠΕΙΟ" }, "geometry": { "type": "Point", "coordinates": [ 22.195036, 40.509492 ] } },
{ "type": "Feature", "properties": { "fid": 871, "mm_id": 1015116, "name": "1ο ΗΜΕΡΗΣΙΟ ΓΥΜΝΑΣΙΟ ΝΑΟΥΣΑΣ - ΛΑΠΠΕΙΟΝ" }, "geometry": { "type": "Point", "coordinates": [ 22.068663, 40.632841 ] } },
{ "type": "Feature", "properties": { "fid": 872, "mm_id": 1015111, "name": "2ο ΗΜΕΡΗΣΙΟ ΓΥΜΝΑΣΙΟ ΑΛΕΞΑΝΔΡΕΙΑΣ ΗΜΑΘΙΑΣ" }, "geometry": { "type": "Point", "coordinates": [ 22.444667, 40.622118 ] } },
{ "type": "Feature", "properties": { "fid": 873, "mm_id": 1015117, "name": "2ο ΗΜΕΡΗΣΙΟ ΓΥΜΝΑΣΙΟ ΝΑΟΥΣΑΣ" }, "geometry": { "type": "Point", "coordinates": [ 22.067893, 40.637378 ] } },
{ "type": "Feature", "properties": { "fid": 874, "mm_id": 1018197, "name": "3ο ΗΜΕΡΗΣΙΟ ΓΥΜΝΑΣΙΟ ΒΕΡΟΙΑΣ" }, "geometry": { "type": "Point", "coordinates": [ 22.207558, 40.520985 ] } },
{ "type": "Feature", "properties": { "fid": 875, "mm_id": 1015118, "name": "3ο ΗΜΕΡΗΣΙΟ ΓΥΜΝΑΣΙΟ ΝΑΟΥΣΑΣ - \"Φιλώτας Κόκκινος\"" }, "geometry": { "type": "Point", "coordinates": [ 22.057553, 40.625684 ] } },
{ "type": "Feature", "properties": { "fid": 876, "mm_id": 1015104, "name": "4ο ΗΜΕΡΗΣΙΟ ΓΥΜΝΑΣΙΟ ΒΕΡΟΙΑΣ" }, "geometry": { "type": "Point", "coordinates": [ 22.210399, 40.522171 ] } },
{ "type": "Feature", "properties": { "fid": 877, "mm_id": 1015105, "name": "5ο ΗΜΕΡΗΣΙΟ ΓΥΜΝΑΣΙΟ ΒΕΡΟΙΑΣ" }, "geometry": { "type": "Point", "coordinates": [ 22.215591, 40.509134 ] } },
{ "type": "Feature", "properties": { "fid": 878, "mm_id": 1015106, "name": "6ο ΗΜΕΡΗΣΙΟ ΓΥΜΝΑΣΙΟ ΒΕΡΟΙΑΣ" }, "geometry": { "type": "Point", "coordinates": [ 22.197162, 40.541478 ] } },
{ "type": "Feature", "properties": { "fid": 879, "mm_id": 1015121, "name": "ΓΥΜΝΑΣΙΟ ΒΕΡΓΙΝΑΣ \"ΜΑΝΟΛΗΣ ΑΝΔΡΟΝΙΚΟΣ\"" }, "geometry": { "type": "Point", "coordinates": [ 22.311029, 40.487886 ] } },
{ "type": "Feature", "properties": { "fid": 880, "mm_id": 1015124, "name": "Γυμνάσιο Κοπανού-<< Αθανάσιος Παπαδόπουλος>>" }, "geometry": { "type": "Point", "coordinates": [ 22.124578, 40.6348 ] } },
{ "type": "Feature", "properties": { "fid": 881, "mm_id": 1015123, "name": "ΓΥΜΝΑΣΙΟ ΜΕ ΛΥΚΕΙΑΚΕΣ ΤΑΞΕΙΣ ΡΙΖΩΜΑΤΩΝ ΗΜΑΘΙΑΣ" }, "geometry": { "type": "Point", "coordinates": [ 22.208946, 40.351994 ] } },
{ "type": "Feature", "properties": { "fid": 882, "mm_id": 1025100, "name": "ΕΝΙΑΙΟ ΕΙΔΙΚΟ ΕΠΑΓΓΕΛΜΑΤΙΚΟ ΓΥΜΝΑΣΙΟ - ΛΥΚΕΙΟ ΒΕΡΟΙΑΣ" }, "geometry": { "type": "Point", "coordinates": [ 22.199169, 40.543203 ] } },
{ "type": "Feature", "properties": { "fid": 883, "mm_id": 1015108, "name": "ΕΣΠΕΡΙΝΟ ΓΥΜΝΑΣΙΟ ΒΕΡΟΙΑΣ" }, "geometry": { "type": "Point", "coordinates": [ 22.210399, 40.522171 ] } },
{ "type": "Feature", "properties": { "fid": 884, "mm_id": 1015122, "name": "ΗΜΕΡΗΣΙΟ ΓΥΜΝΑΣΙΟ ΕΙΡΗΝΟΥΠΟΛΗΣ - ΛΥΚΕΙΑΚΕΣ ΤΑΞΕΙΣ" }, "geometry": { "type": "Point", "coordinates": [ 22.200846, 40.671753 ] } },
{ "type": "Feature", "properties": { "fid": 885, "mm_id": 1015126, "name": "ΗΜΕΡΗΣΙΟ ΓΥΜΝΑΣΙΟ ΕΠΙΣΚΟΠΗΣ" }, "geometry": { "type": "Point", "coordinates": [ 22.138802, 40.690613 ] } },
{ "type": "Feature", "properties": { "fid": 886, "mm_id": 1015125, "name": "ΗΜΕΡΗΣΙΟ ΓΥΜΝΑΣΙΟ ΚΑΒΑΣΙΛΩΝ ΗΜΑΘΙΑΣ" }, "geometry": { "type": "Point", "coordinates": [ 22.329215, 40.591765 ] } },
{ "type": "Feature", "properties": { "fid": 887, "mm_id": 1018921, "name": "ΗΜΕΡΗΣΙΟ ΓΥΜΝΑΣΙΟ ΜΑΚΡΟΧΩΡΙΟΥ - ΣΧΟΛΕΙΟ ΤΗΣ ΕΛΕΥΘΕΡΙΑΣ" }, "geometry": { "type": "Point", "coordinates": [ 22.24946, 40.552488 ] } },
{ "type": "Feature", "properties": { "fid": 888, "mm_id": 1015120, "name": "ΗΜΕΡΗΣΙΟ ΓΥΜΝΑΣΙΟ ΜΕΛΙΚΗΣ ΗΜΑΘΙΑΣ" }, "geometry": { "type": "Point", "coordinates": [ 22.400405, 40.52224 ] } },
{ "type": "Feature", "properties": { "fid": 889, "mm_id": 1015112, "name": "ΗΜΕΡΗΣΙΟ ΓΥΜΝΑΣΙΟ ΠΛΑΤΕΟΣ ΜΕ ΕΔΡΑ ΤΟ ΠΛΑΤΥ" }, "geometry": { "type": "Point", "coordinates": [ 22.5299, 40.642054 ] } },
{ "type": "Feature", "properties": { "fid": 890, "mm_id": 1015113, "name": "ΗΜΕΡΗΣΙΟ ΓΥΜΝΑΣΙΟ ΤΡΙΚΑΛΩΝ ΗΜΑΘΙΑΣ" }, "geometry": { "type": "Point", "coordinates": [ 22.558544, 40.594512 ] } },
{ "type": "Feature", "properties": { "fid": 891, "mm_id": 1027273, "name": "ΚΑΛΛΙΤΕΧΝΙΚΟ ΓΥΜΝΑΣΙΟ ΝΑΟΥΣΑΣ" }, "geometry": { "type": "Point", "coordinates": [ 22.06778, 40.637357 ] } },
{ "type": "Feature", "properties": { "fid": 892, "mm_id": 1015109, "name": "ΜΟΥΣΙΚΟ ΣΧΟΛΕΙΟ ΒΕΡΟΙΑΣ" }, "geometry": { "type": "Point", "coordinates": [ 22.238867, 40.496121 ] } },
{ "type": "Feature", "properties": { "fid": 893, "mm_id": 1015535, "name": "1ο ΗΜΕΡΗΣΙΟ ΓΥΜΝΑΣΙΟ ΚΕΡΚΥΡΑΣ" }, "geometry": { "type": "Point", "coordinates": [ 19.920104, 39.620636 ] } },
{ "type": "Feature", "properties": { "fid": 894, "mm_id": 1015536, "name": "2ο ΗΜΕΡΗΣΙΟ ΓΥΜΝΑΣΙΟ ΚΕΡΚΥΡΑΣ" }, "geometry": { "type": "Point", "coordinates": [ 19.921992, 39.621543 ] } },
{ "type": "Feature", "properties": { "fid": 895, "mm_id": 1015537, "name": "3ο ΗΜΕΡΗΣΙΟ ΓΥΜΝΑΣΙΟ ΚΕΡΚΥΡΑΣ" }, "geometry": { "type": "Point", "coordinates": [ 19.916438, 39.617062 ] } },
{ "type": "Feature", "properties": { "fid": 896, "mm_id": 1015538, "name": "4ο ΗΜΕΡΗΣΙΟ ΓΥΜΝΑΣΙΟ ΚΕΡΚΥΡΑΣ" }, "geometry": { "type": "Point", "coordinates": [ 19.916502, 39.617013 ] } },
{ "type": "Feature", "properties": { "fid": 897, "mm_id": 1015539, "name": "5ο ΗΜΕΡΗΣΙΟ ΓΥΜΝΑΣΙΟ ΚΕΡΚΥΡΑΣ" }, "geometry": { "type": "Point", "coordinates": [ 19.920668, 39.620404 ] } },
{ "type": "Feature", "properties": { "fid": 898, "mm_id": 1015543, "name": "6ο ΗΜΕΡΗΣΙΟ ΓΥΜΝΑΣΙΟ ΚΕΡΚΥΡΑΣ" }, "geometry": { "type": "Point", "coordinates": [ 19.914012, 39.626594 ] } },
{ "type": "Feature", "properties": { "fid": 899, "mm_id": 1015540, "name": "7ο ΗΜΕΡΗΣΙΟ ΓΥΜΝΑΣΙΟ ΚΕΡΚΥΡΑΣ" }, "geometry": { "type": "Point", "coordinates": [ 19.920051, 39.607477 ] } },
{ "type": "Feature", "properties": { "fid": 900, "mm_id": 1015546, "name": "ΓΥΜΝΑΣΙΟ ΑΓΙΟΥ ΙΩΑΝΝΗ" }, "geometry": { "type": "Point", "coordinates": [ 19.836696, 39.614901 ] } },
{ "type": "Feature", "properties": { "fid": 901, "mm_id": 1015552, "name": "ΓΥΜΝΑΣΙΟ ΑΜΦΙΠΑΓΙΤΩΝ  «ΑΝΔΡΕΑΣ ΚΑΛΒΟΣ»" }, "geometry": { "type": "Point", "coordinates": [ 19.672825, 39.788527 ] } },
{ "type": "Feature", "properties": { "fid": 902, "mm_id": 1015550, "name": "ΓΥΜΝΑΣΙΟ ΚΑΙ ΛΥΚΕΙΑΚΕΣ ΤΑΞΕΙΣ ΑΡΓΥΡΑΔΩΝ ΚΕΡΚΥΡΑΣ" }, "geometry": { "type": "Point", "coordinates": [ 19.966084, 39.438222 ] } },
{ "type": "Feature", "properties": { "fid": 903, "mm_id": 1015551, "name": "ΓΥΜΝΑΣΙΟ ΚΑΡΟΥΣΑΔΩΝ" }, "geometry": { "type": "Point", "coordinates": [ 19.744889, 39.781 ] } },
{ "type": "Feature", "properties": { "fid": 904, "mm_id": 1015545, "name": "ΓΥΜΝΑΣΙΟ ΦΑΙΑΚΩΝ ΚΕΡΚΥΡΑΣ" }, "geometry": { "type": "Point", "coordinates": [ 19.837669, 39.692098 ] } },
{ "type": "Feature", "properties": { "fid": 905, "mm_id": 1027284, "name": "ΕΝΙΑΙΟ ΕΙΔΙΚΟ ΕΠΑΓΓΕΛΜΑΤΙΚΟ ΓΥΜΝΑΣΙΟ (ΕΝ.Ε.Ε.ΓΥ.-Λ.) ΒΟΡΕΙΑΣ ΚΕΡΚΥΡΑΣ" }, "geometry": { "type": "Point", "coordinates": [ 19.744853, 39.780928 ] } },
{ "type": "Feature", "properties": { "fid": 906, "mm_id": 1015558, "name": "ΕΝΙΑΙΟ ΕΙΔΙΚΟ ΕΠΑΓΓΕΛΜΑΤΙΚΟ ΓΥΜΝΑΣΙΟ-ΛΥΚΕΙΟ ΚΕΡΚΥΡΑΣ" }, "geometry": { "type": "Point", "coordinates": [ 19.893674, 39.627357 ] } },
{ "type": "Feature", "properties": { "fid": 907, "mm_id": 1015541, "name": "ΕΣΠΕΡΙΝΟ ΓΥΜΝΑΣΙΟ ΚΕΡΚΥΡΑΣ" }, "geometry": { "type": "Point", "coordinates": [ 19.914512, 39.622174 ] } },
{ "type": "Feature", "properties": { "fid": 908, "mm_id": 1015549, "name": "ΗΜΕΡΗΣΙΟ ΓΥΜΝΑΣΙΟ ΑΓΡΟΥ" }, "geometry": { "type": "Point", "coordinates": [ 19.725353, 39.718752 ] } },
{ "type": "Feature", "properties": { "fid": 909, "mm_id": 1015557, "name": "ΗΜΕΡΗΣΙΟ ΓΥΜΝΑΣΙΟ ΘΙΝΑΛΙΟΥ ΚΕΡΚΥΡΑΣ - ΓΥΜΝΑΣΙΟ ΘΙΝΑΛΙΟΥ" }, "geometry": { "type": "Point", "coordinates": [ 19.821367, 39.79304 ] } },
{ "type": "Feature", "properties": { "fid": 910, "mm_id": 1015553, "name": "ΗΜΕΡΗΣΙΟ ΓΥΜΝΑΣΙΟ ΚΑΣΤΕΛΛΑΝΩΝ ΜΕΣΗΣ ΚΕΡΚΥΡΑΣ" }, "geometry": { "type": "Point", "coordinates": [ 19.866873, 39.563277 ] } },
{ "type": "Feature", "properties": { "fid": 911, "mm_id": 1015544, "name": "ΗΜΕΡΗΣΙΟ ΓΥΜΝΑΣΙΟ ΛΕΥΚΙΜΜΗΣ ΚΕΡΚΥΡΑΣ" }, "geometry": { "type": "Point", "coordinates": [ 20.071203, 39.422811 ] } },
{ "type": "Feature", "properties": { "fid": 912, "mm_id": 1015555, "name": "ΗΜΕΡΗΣΙΟ ΓΥΜΝΑΣΙΟ ΛΙΑΠΑΔΩΝ ΚΕΡΚΥΡΑΣ" }, "geometry": { "type": "Point", "coordinates": [ 19.737968, 39.673763 ] } },
{ "type": "Feature", "properties": { "fid": 913, "mm_id": 1015556, "name": "ΗΜΕΡΗΣΙΟ ΓΥΜΝΑΣΙΟ με Λ.Τ. ΚΑΣΣΙΟΠΗΣ ΚΕΡΚΥΡΑΣ" }, "geometry": { "type": "Point", "coordinates": [ 19.908492, 39.78962 ] } },
{ "type": "Feature", "properties": { "fid": 914, "mm_id": 1015548, "name": "ΗΜΕΡΗΣΙΟ ΓΥΜΝΑΣΙΟ ΠΑΞΩΝ" }, "geometry": { "type": "Point", "coordinates": [ 20.167846, 39.198909 ] } },
{ "type": "Feature", "properties": { "fid": 915, "mm_id": 1015554, "name": "ΗΜΕΡΗΣΙΟ ΓΥΜΝΑΣΙΟ ΣΚΡΙΠΕΡΟΥ ΚΕΡΚΥΡΑΣ ΜΕ ΛΥΚΕΙΑΚΕΣ ΤΑΞΕΙΣ" }, "geometry": { "type": "Point", "coordinates": [ 19.771543, 39.700108 ] } },
{ "type": "Feature", "properties": { "fid": 916, "mm_id": 1015542, "name": "ΜΟΥΣΙΚΟ ΓΥΜΝΑΣΙΟ ΚΕΡΚΥΡΑΣ" }, "geometry": { "type": "Point", "coordinates": [ 19.841147, 39.662704 ] } },
{ "type": "Feature", "properties": { "fid": 917, "mm_id": 1018033, "name": "1ο ΗΜΕΡΗΣΙΟ ΓΥΜΝΑΣΙΟ ΚΑΒΑΛΑΣ" }, "geometry": { "type": "Point", "coordinates": [ 24.416238, 40.938258 ] } },
{ "type": "Feature", "properties": { "fid": 918, "mm_id": 1015412, "name": "1ο ΗΜΕΡΗΣΙΟ ΓΥΜΝΑΣΙΟ ΧΡΥΣΟΥΠΟΛΗΣ ΚΑΒΑΛΑΣ" }, "geometry": { "type": "Point", "coordinates": [ 24.704868, 40.987682 ] } },
{ "type": "Feature", "properties": { "fid": 919, "mm_id": 1024645, "name": "2ο ΓΥΜΝΑΣΙΟ ΧΡΥΣΟΥΠΟΛΗΣ" }, "geometry": { "type": "Point", "coordinates": [ 24.701251, 40.978927 ] } },
{ "type": "Feature", "properties": { "fid": 920, "mm_id": 1015402, "name": "2ο ΗΜΕΡΗΣΙΟ ΓΥΜΝΑΣΙΟ ΚΑΒΑΛΑΣ" }, "geometry": { "type": "Point", "coordinates": [ 24.394795, 40.936748 ] } },
{ "type": "Feature", "properties": { "fid": 921, "mm_id": 1015403, "name": "3ο ΗΜΕΡΗΣΙΟ ΓΥΜΝΑΣΙΟ ΚΑΒΑΛΑΣ" }, "geometry": { "type": "Point", "coordinates": [ 24.402156, 40.938144 ] } },
{ "type": "Feature", "properties": { "fid": 922, "mm_id": 1015404, "name": "4ο ΗΜΕΡΗΣΙΟ ΓΥΜΝΑΣΙΟ ΚΑΒΑΛΑΣ - ΖΟΥΜΠΟΥΛΑΚΕΙΟ" }, "geometry": { "type": "Point", "coordinates": [ 24.417075, 40.939646 ] } },
{ "type": "Feature", "properties": { "fid": 923, "mm_id": 1015405, "name": "5ο ΗΜΕΡΗΣΙΟ ΓΥΜΝΑΣΙΟ ΚΑΒΑΛΑΣ" }, "geometry": { "type": "Point", "coordinates": [ 24.413307, 40.934913 ] } },
{ "type": "Feature", "properties": { "fid": 924, "mm_id": 1015406, "name": "6ο ΗΜΕΡΗΣΙΟ ΓΥΜΝΑΣΙΟ ΚΑΒΑΛΑΣ" }, "geometry": { "type": "Point", "coordinates": [ 24.412866, 40.937607 ] } },
{ "type": "Feature", "properties": { "fid": 925, "mm_id": 1015407, "name": "7ο ΗΜΕΡΗΣΙΟ ΓΥΜΝΑΣΙΟ ΚΑΒΑΛΑΣ" }, "geometry": { "type": "Point", "coordinates": [ 24.38856, 40.938496 ] } },
{ "type": "Feature", "properties": { "fid": 926, "mm_id": 1025270, "name": "Ενιαίο Ειδικό Επαγγελματικό Γυμνάσιο- Λύκειο ΚΑΒΑΛΑΣ" }, "geometry": { "type": "Point", "coordinates": [ 24.417627, 40.939705 ] } },
{ "type": "Feature", "properties": { "fid": 927, "mm_id": 1018222, "name": "ΕΣΠΕΡΙΝΟ ΓΥΜΝΑΣΙΟ ΚΑΒΑΛΑΣ" }, "geometry": { "type": "Point", "coordinates": [ 24.424345, 40.944205 ] } },
{ "type": "Feature", "properties": { "fid": 928, "mm_id": 1015424, "name": "ΗΜΕΡΗΣΙΟ ΓΥΜΝΑΣΙΟ ΑΜΥΓΔΑΛΕΩΝΑ ΚΑΒΑΛΑΣ" }, "geometry": { "type": "Point", "coordinates": [ 24.358605, 40.962636 ] } },
{ "type": "Feature", "properties": { "fid": 929, "mm_id": 1015410, "name": "ΗΜΕΡΗΣΙΟ ΓΥΜΝΑΣΙΟ ΕΛΕΥΘΕΡΟΥΠΟΛΗΣ ΚΑΒΑΛΑΣ" }, "geometry": { "type": "Point", "coordinates": [ 24.257928, 40.920525 ] } },
{ "type": "Feature", "properties": { "fid": 930, "mm_id": 1015422, "name": "ΗΜΕΡΗΣΙΟ ΓΥΜΝΑΣΙΟ ΚΕΡΑΜΩΤΗΣ ΚΑΒΑΛΑΣ" }, "geometry": { "type": "Point", "coordinates": [ 24.708881, 40.857667 ] } },
{ "type": "Feature", "properties": { "fid": 931, "mm_id": 1015420, "name": "ΗΜΕΡΗΣΙΟ ΓΥΜΝΑΣΙΟ ΚΡΗΝΙΔΩΝ ΚΑΒΑΛΑΣ" }, "geometry": { "type": "Point", "coordinates": [ 24.295309, 41.012657 ] } },
{ "type": "Feature", "properties": { "fid": 932, "mm_id": 1015415, "name": "ΗΜΕΡΗΣΙΟ ΓΥΜΝΑΣΙΟ ΝΕΑΣ ΚΑΡΒΑΛΗΣ" }, "geometry": { "type": "Point", "coordinates": [ 24.513004, 40.964448 ] } },
{ "type": "Feature", "properties": { "fid": 933, "mm_id": 1015423, "name": "ΗΜΕΡΗΣΙΟ ΓΥΜΝΑΣΙΟ ΝΕΑΣ ΠΕΡΑΜΟΥ ΚΑΒΑΛΑΣ" }, "geometry": { "type": "Point", "coordinates": [ 24.297714, 40.839012 ] } },
{ "type": "Feature", "properties": { "fid": 934, "mm_id": 1015419, "name": "ΗΜΕΡΗΣΙΟ ΓΥΜΝΑΣΙΟ ΝΙΚΗΣΙΑΝΗΣ" }, "geometry": { "type": "Point", "coordinates": [ 24.143552, 40.952854 ] } },
{ "type": "Feature", "properties": { "fid": 935, "mm_id": 1015418, "name": "ΗΜΕΡΗΣΙΟ ΓΥΜΝΑΣΙΟ ΠΟΔΟΧΩΡΙΟΥ ΚΑΒΑΛΑΣ" }, "geometry": { "type": "Point", "coordinates": [ 24.024641, 40.83038 ] } },
{ "type": "Feature", "properties": { "fid": 936, "mm_id": 1015408, "name": "ΜΟΥΣΙΚΟ ΓΥΜΝΑΣΙΟ ΚΑΒΑΛΑΣ ΜΕ ΛΥΚΕΙΑΚΕΣ ΤΑΞΕΙΣ" }, "geometry": { "type": "Point", "coordinates": [ 24.39804, 40.93521 ] } },
{ "type": "Feature", "properties": { "fid": 937, "mm_id": 1016065, "name": "1ο ΗΜΕΡΗΣΙΟ ΓΥΜΝΑΣΙΟ ΑΡΙΔΑΙΑΣ" }, "geometry": { "type": "Point", "coordinates": [ 22.063227, 40.97024 ] } },
{ "type": "Feature", "properties": { "fid": 938, "mm_id": 1016067, "name": "1ο ΗΜΕΡΗΣΙΟ ΓΥΜΝΑΣΙΟ ΓΙΑΝΝΙΤΣΩΝ" }, "geometry": { "type": "Point", "coordinates": [ 22.416318, 40.791226 ] } },
{ "type": "Feature", "properties": { "fid": 939, "mm_id": 1018236, "name": "1ο ΗΜΕΡΗΣΙΟ ΓΥΜΝΑΣΙΟ ΕΔΕΣΣΑΣ" }, "geometry": { "type": "Point", "coordinates": [ 22.04136, 40.797251 ] } },
{ "type": "Feature", "properties": { "fid": 940, "mm_id": 1016079, "name": "1ο ΗΜΕΡΗΣΙΟ ΓΥΜΝΑΣΙΟ ΚΡΥΑΣ ΒΡΥΣΗΣ \"ΤΕΛΛΟΣ ΑΓΑΠΗΝΟΣ\"" }, "geometry": { "type": "Point", "coordinates": [ 22.301883, 40.692176 ] } },
{ "type": "Feature", "properties": { "fid": 941, "mm_id": 1018237, "name": "2ο ΗΜΕΡΗΣΙΟ ΓΥΜΝΑΣΙΟ ΑΡΙΔΑΙΑΣ" }, "geometry": { "type": "Point", "coordinates": [ 22.063923, 40.974826 ] } },
{ "type": "Feature", "properties": { "fid": 942, "mm_id": 1016069, "name": "2ο ΗΜΕΡΗΣΙΟ ΓΥΜΝΑΣΙΟ ΓΙΑΝΝΙΤΣΩΝ \"ΚΥΡΙΛΛΟΣ & ΜΕΘΟΔΙΟΣ\"" }, "geometry": { "type": "Point", "coordinates": [ 22.402302, 40.783222 ] } },
{ "type": "Feature", "properties": { "fid": 943, "mm_id": 1016062, "name": "2ο ΗΜΕΡΗΣΙΟ ΓΥΜΝΑΣΙΟ ΕΔΕΣΣΑΣ" }, "geometry": { "type": "Point", "coordinates": [ 22.045968, 40.79536 ] } },
{ "type": "Feature", "properties": { "fid": 944, "mm_id": 1016080, "name": "2ο ΗΜΕΡΗΣΙΟ ΓΥΜΝΑΣΙΟ ΚΡΥΑΣ ΒΡΥΣΗΣ" }, "geometry": { "type": "Point", "coordinates": [ 22.31487, 40.690327 ] } },
{ "type": "Feature", "properties": { "fid": 945, "mm_id": 1016070, "name": "3ο ΗΜΕΡΗΣΙΟ ΓΥΜΝΑΣΙΟ ΓΙΑΝΝΙΤΣΩΝ" }, "geometry": { "type": "Point", "coordinates": [ 22.405897, 40.796893 ] } },
{ "type": "Feature", "properties": { "fid": 946, "mm_id": 1016063, "name": "3ο ΗΜΕΡΗΣΙΟ ΓΥΜΝΑΣΙΟ ΕΔΕΣΣΑΣ" }, "geometry": { "type": "Point", "coordinates": [ 22.042309, 40.806024 ] } },
{ "type": "Feature", "properties": { "fid": 947, "mm_id": 1016071, "name": "4ο ΗΜΕΡΗΣΙΟ ΓΥΜΝΑΣΙΟ ΓΙΑΝΝΙΤΣΩΝ \"Ο ΑΡΙΣΤΟΤΕΛΗΣ\"" }, "geometry": { "type": "Point", "coordinates": [ 22.423942, 40.798354 ] } },
{ "type": "Feature", "properties": { "fid": 948, "mm_id": 1025277, "name": "ΕΝΕΕΓΥΛ ΣΚΥΔΡΑΣ" }, "geometry": { "type": "Point", "coordinates": [ 22.207239, 40.83266 ] } },
{ "type": "Feature", "properties": { "fid": 949, "mm_id": 1016082, "name": "ΗΜΕΡΗΣΙΟ ΓΥΜΝΑΣΙΟ ΑΡΑΒΗΣΣΟΥ" }, "geometry": { "type": "Point", "coordinates": [ 22.30497, 40.845371 ] } },
{ "type": "Feature", "properties": { "fid": 950, "mm_id": 1016074, "name": "ΗΜΕΡΗΣΙΟ ΓΥΜΝΑΣΙΟ ΕΞΑΠΛΑΤΑΝΟΥ" }, "geometry": { "type": "Point", "coordinates": [ 22.13478, 40.975322 ] } },
{ "type": "Feature", "properties": { "fid": 951, "mm_id": 1016089, "name": "ΗΜΕΡΗΣΙΟ ΓΥΜΝΑΣΙΟ ΚΑΛΗΣ" }, "geometry": { "type": "Point", "coordinates": [ 22.180388, 40.823549 ] } },
{ "type": "Feature", "properties": { "fid": 952, "mm_id": 1016088, "name": "ΗΜΕΡΗΣΙΟ ΓΥΜΝΑΣΙΟ ΚΑΡΥΩΤΙΣΣΑΣ" }, "geometry": { "type": "Point", "coordinates": [ 22.323186, 40.771765 ] } },
{ "type": "Feature", "properties": { "fid": 953, "mm_id": 1016083, "name": "ΗΜΕΡΗΣΙΟ ΓΥΜΝΑΣΙΟ Λ.Τ. ΑΡΝΙΣΣΑΣ \"ΟΙΚΟΥΜΕΝΙΚΟΣ ΠΑΤΡΙΑΡΧΗΣ ΧΡΥΣΑΝΘΟΣ\"" }, "geometry": { "type": "Point", "coordinates": [ 21.835567, 40.796516 ] } },
{ "type": "Feature", "properties": { "fid": 954, "mm_id": 1016073, "name": "ΗΜΕΡΗΣΙΟ ΓΥΜΝΑΣΙΟ ΝΕΟΥ ΜΥΛΟΤΟΠΟΥ" }, "geometry": { "type": "Point", "coordinates": [ 22.349344, 40.816392 ] } },
{ "type": "Feature", "properties": { "fid": 955, "mm_id": 1016087, "name": "ΗΜΕΡΗΣΙΟ ΓΥΜΝΑΣΙΟ ΠΕΛΛΑΣ \"ΜΕΓΑΣ ΑΛΕΞΑΝΔΡΟΣ\"" }, "geometry": { "type": "Point", "coordinates": [ 22.520957, 40.756388 ] } },
{ "type": "Feature", "properties": { "fid": 956, "mm_id": 1016078, "name": "ΗΜΕΡΗΣΙΟ ΓΥΜΝΑΣΙΟ ΠΕΤΡΙΑΣ \"ΧΡΗΣΤΟΣ ΣΤΟΥΓΙΑΝΝΙΔΗΣ-ΛΙΛΗΣ\"" }, "geometry": { "type": "Point", "coordinates": [ 22.136734, 40.721133 ] } },
{ "type": "Feature", "properties": { "fid": 957, "mm_id": 1016085, "name": "ΗΜΕΡΗΣΙΟ ΓΥΜΝΑΣΙΟ ΠΟΛΥΚΑΡΠΙΟΥ" }, "geometry": { "type": "Point", "coordinates": [ 22.014024, 40.929989 ] } },
{ "type": "Feature", "properties": { "fid": 958, "mm_id": 1016086, "name": "ΗΜΕΡΗΣΙΟ ΓΥΜΝΑΣΙΟ ΠΡΟΜΑΧΩΝ" }, "geometry": { "type": "Point", "coordinates": [ 22.006808, 41.022393 ] } },
{ "type": "Feature", "properties": { "fid": 959, "mm_id": 1016076, "name": "ΗΜΕΡΗΣΙΟ ΓΥΜΝΑΣΙΟ ΣΚΥΔΡΑΣ" }, "geometry": { "type": "Point", "coordinates": [ 22.152772, 40.767606 ] } },
{ "type": "Feature", "properties": { "fid": 960, "mm_id": 1016068, "name": "ΜΟΥΣΙΚΟ ΣΧΟΛΕΙΟ ΓΙΑΝΝΙΤΣΩΝ" }, "geometry": { "type": "Point", "coordinates": [ 22.401853, 40.782868 ] } },
{ "type": "Feature", "properties": { "fid": 961, "mm_id": 1018042, "name": "2ο ΗΜΕΡΗΣΙΟ ΓΥΜΝΑΣΙΟ ΞΑΝΘΗΣ" }, "geometry": { "type": "Point", "coordinates": [ 24.891723, 41.137027 ] } },
{ "type": "Feature", "properties": { "fid": 962, "mm_id": 1016029, "name": "3ο ΗΜΕΡΗΣΙΟ ΓΥΜΝΑΣΙΟ ΞΑΝΘΗΣ - ΜΕΛΠΩ ΜΕΡΛΙΕ" }, "geometry": { "type": "Point", "coordinates": [ 24.891326, 41.137051 ] } },
{ "type": "Feature", "properties": { "fid": 963, "mm_id": 1016030, "name": "4ο ΗΜΕΡΗΣΙΟ ΓΥΜΝΑΣΙΟ ΞΑΝΘΗΣ" }, "geometry": { "type": "Point", "coordinates": [ 24.877659, 41.137888 ] } },
{ "type": "Feature", "properties": { "fid": 964, "mm_id": 1016031, "name": "5ο ΗΜΕΡΗΣΙΟ ΓΥΜΝΑΣΙΟ ΞΑΝΘΗΣ" }, "geometry": { "type": "Point", "coordinates": [ 24.876706, 41.124144 ] } },
{ "type": "Feature", "properties": { "fid": 965, "mm_id": 1016032, "name": "6ο ΗΜΕΡΗΣΙΟ ΓΥΜΝΑΣΙΟ ΞΑΝΘΗΣ - ΓΕΩΡΓΙΟΣ ΒΙΖΥΗΝΟΣ" }, "geometry": { "type": "Point", "coordinates": [ 24.877659, 41.137903 ] } },
{ "type": "Feature", "properties": { "fid": 966, "mm_id": 1018043, "name": "7ο ΗΜΕΡΗΣΙΟ ΓΥΜΝΑΣΙΟ ΞΑΝΘΗΣ" }, "geometry": { "type": "Point", "coordinates": [ 24.893071, 41.130739 ] } },
{ "type": "Feature", "properties": { "fid": 967, "mm_id": 1016036, "name": "8ο ΗΜΕΡΗΣΙΟ ΓΥΜΝΑΣΙΟ ΞΑΝΘΗΣ" }, "geometry": { "type": "Point", "coordinates": [ 24.903286, 41.134238 ] } },
{ "type": "Feature", "properties": { "fid": 968, "mm_id": 1016047, "name": "ΓΥΜΝΑΣΙΟ ΓΕΝΙΣΕΑΣ ' ΙΩΑΝΝΗΣ ΜΑΝΤΟΥΛΙΔΗΣ'" }, "geometry": { "type": "Point", "coordinates": [ 24.958191, 41.05874 ] } },
{ "type": "Feature", "properties": { "fid": 969, "mm_id": 1016048, "name": "ΓΥΜΝΑΣΙΟ ΤΟΞΟΤΩΝ ΞΑΝΘΗΣ" }, "geometry": { "type": "Point", "coordinates": [ 24.78228, 41.084925 ] } },
{ "type": "Feature", "properties": { "fid": 970, "mm_id": 1016028, "name": "ΔΗΜΟΣΙΟ ΩΝΑΣΕΙΟ ΣΧΟΛΕΙΟ - ΗΜΕΡΗΣΙΟ ΓΥΜΝΑΣΙΟ ΞΑΝΘΗΣ                                                                         \n(δυνάμει της παρ 7. του άρθρου 7 του Παραρτήματος Α’ του ν.5174/2025)" }, "geometry": { "type": "Point", "coordinates": [ 24.884946, 41.133171 ] } },
{ "type": "Feature", "properties": { "fid": 971, "mm_id": 1025354, "name": "ΕΝΙΑΙΟ ΕΙΔΙΚΟ ΕΠΑΓΓΕΛΜΑΤΙΚΟ ΓΥΜΝΑΣΙΟ-ΛΥΚΕΙΟ ΞΑΝΘΗΣ" }, "geometry": { "type": "Point", "coordinates": [ 24.840813, 40.953374 ] } },
{ "type": "Feature", "properties": { "fid": 972, "mm_id": 1016033, "name": "ΕΣΠΕΡΙΝΟ ΓΥΜΝΑΣΙΟ ΞΑΝΘΗΣ" }, "geometry": { "type": "Point", "coordinates": [ 24.893406, 41.133524 ] } },
{ "type": "Feature", "properties": { "fid": 973, "mm_id": 1016039, "name": "ΗΜΕΡΗΣΙΟ ΓΥΜΝΑΣΙΟ ΑΒΔΗΡΩΝ ΞΑΝΘΗΣ" }, "geometry": { "type": "Point", "coordinates": [ 24.951975, 40.979193 ] } },
{ "type": "Feature", "properties": { "fid": 974, "mm_id": 1016042, "name": "ΗΜΕΡΗΣΙΟ ΓΥΜΝΑΣΙΟ ΓΛΑΥΚΗΣ ΞΑΝΘΗΣ" }, "geometry": { "type": "Point", "coordinates": [ 24.988488, 41.283226 ] } },
{ "type": "Feature", "properties": { "fid": 975, "mm_id": 1016046, "name": "ΗΜΕΡΗΣΙΟ ΓΥΜΝΑΣΙΟ ΕΡΑΣΜΙΟΥ ΞΑΝΘΗΣ" }, "geometry": { "type": "Point", "coordinates": [ 24.825396, 40.932662 ] } },
{ "type": "Feature", "properties": { "fid": 976, "mm_id": 1016041, "name": "ΗΜΕΡΗΣΙΟ ΓΥΜΝΑΣΙΟ ΕΧΙΝΟΥ ΞΑΝΘΗΣ" }, "geometry": { "type": "Point", "coordinates": [ 24.969906, 41.277961 ] } },
{ "type": "Feature", "properties": { "fid": 977, "mm_id": 1016038, "name": "ΗΜΕΡΗΣΙΟ ΓΥΜΝΑΣΙΟ Λ.Τ. ΣΤΑΥΡΟΥΠΟΛΗΣ ΞΑΝΘΗΣ" }, "geometry": { "type": "Point", "coordinates": [ 24.705611, 41.194819 ] } },
{ "type": "Feature", "properties": { "fid": 978, "mm_id": 1018797, "name": "ΗΜΕΡΗΣΙΟ ΓΥΜΝΑΣΙΟ Ν. ΟΛΒΙΟΥ ΞΑΝΘΗΣ" }, "geometry": { "type": "Point", "coordinates": [ 24.801166, 41.027076 ] } },
{ "type": "Feature", "properties": { "fid": 979, "mm_id": 1016037, "name": "ΗΜΕΡΗΣΙΟ ΓΥΜΝΑΣΙΟ ΠΟΛΥΣΙΤΟΥ ΞΑΝΘΗΣ" }, "geometry": { "type": "Point", "coordinates": [ 25.027072, 41.109198 ] } },
{ "type": "Feature", "properties": { "fid": 980, "mm_id": 1016043, "name": "ΗΜΕΡΗΣΙΟ ΓΥΜΝΑΣΙΟ ΣΜΙΝΘΗΣ ΞΑΝΘΗΣ" }, "geometry": { "type": "Point", "coordinates": [ 24.881675, 41.229047 ] } },
{ "type": "Feature", "properties": { "fid": 981, "mm_id": 1001229, "name": "ΙΔΙΩΤΙΚΟ ΓΥΜΝΑΣΙΟ ΞΑΝΘΗ - ΑΞΙΟΝ" }, "geometry": { "type": "Point", "coordinates": [ 24.948835, 41.056586 ] } },
{ "type": "Feature", "properties": { "fid": 982, "mm_id": 1020753, "name": "ΜΕΙΟΝΟΤΙΚΟ ΓΥΜΝΑΣΙΟ - ΛΥΚΕΙΟ  ΞΑΝΘΗΣ" }, "geometry": { "type": "Point", "coordinates": [ 24.886826, 41.135139 ] } },
{ "type": "Feature", "properties": { "fid": 983, "mm_id": 1016035, "name": "ΜΟΥΣΙΚΟ ΓΥΜΝΑΣΙΟ ΞΑΝΘΗΣ ΜΕ ΛΥΚΕΙΑΚΕΣ ΤΑΞΕΙΣ" }, "geometry": { "type": "Point", "coordinates": [ 24.901741, 41.088301 ] } },
{ "type": "Feature", "properties": { "fid": 984, "mm_id": 1024714, "name": "ΠΡΟΤΥΠΟ ΕΚΚΛ/ΚΟ ΓΥΜΝΑΣΙΟ ΠΡΟΤΥΠΟ ΕΚΚΛ/ΚΟ ΛΥΚΕΙΟ ΞΑΝΘΗΣ \"ΑΓΙΟΙ ΠΕΝΤΕ ΝΕΟΜΑΡΤΥΡΕΣ ΟΙ ΕΚ ΣΑΜΟΘΡΑΚΗΣ\"" }, "geometry": { "type": "Point", "coordinates": [ 24.88287, 41.148648 ] } },
{ "type": "Feature", "properties": { "fid": 985, "mm_id": 1016168, "name": "1ο ΗΜΕΡΗΣΙΟ ΓΥΜΝΑΣΙΟ ΦΙΛΙΠΠΙΑΔΑΣ" }, "geometry": { "type": "Point", "coordinates": [ 20.880354, 39.207712 ] } },
{ "type": "Feature", "properties": { "fid": 986, "mm_id": 1016158, "name": "1ο ΠΡΟΤΥΠΟ ΓΥΜΝΑΣΙΟ ΠΡΕΒΕΖΑΣ ΜΕ Λ.Τ." }, "geometry": { "type": "Point", "coordinates": [ 20.750864, 38.953969 ] } },
{ "type": "Feature", "properties": { "fid": 987, "mm_id": 1016159, "name": "2ο ΓΥΜΝΑΣΙΟ ΠΡΕΒΕΖΑΣ" }, "geometry": { "type": "Point", "coordinates": [ 20.747131, 38.962565 ] } },
{ "type": "Feature", "properties": { "fid": 988, "mm_id": 1016169, "name": "2ο ΓΥΜΝΑΣΙΟ ΦΙΛΙΠΠΙΑΔΑΣ" }, "geometry": { "type": "Point", "coordinates": [ 20.881111, 39.206511 ] } },
{ "type": "Feature", "properties": { "fid": 989, "mm_id": 1016160, "name": "3ο ΗΜΕΡΗΣΙΟ ΓΥΜΝΑΣΙΟ ΠΡΕΒΕΖΑΣ" }, "geometry": { "type": "Point", "coordinates": [ 20.747008, 38.962723 ] } },
{ "type": "Feature", "properties": { "fid": 990, "mm_id": 1016163, "name": "ΓΥΜΝΑΣΙΟ ΖΑΛΟΓΓΟΥ" }, "geometry": { "type": "Point", "coordinates": [ 20.700928, 39.09062 ] } },
{ "type": "Feature", "properties": { "fid": 991, "mm_id": 1016165, "name": "ΓΥΜΝΑΣΙΟ ΘΕΣΠΡΩΤΙΚΟΥ \"ΕΥΣΤΡΑΤΙΑ ΖΟΡΜΠΑ-ΤΣΟΓΚΑ\"" }, "geometry": { "type": "Point", "coordinates": [ 20.785481, 39.256772 ] } },
{ "type": "Feature", "properties": { "fid": 992, "mm_id": 1016172, "name": "ΓΥΜΝΑΣΙΟ ΚΑΝΑΛΑΚΙΟΥ" }, "geometry": { "type": "Point", "coordinates": [ 20.598097, 39.236402 ] } },
{ "type": "Feature", "properties": { "fid": 993, "mm_id": 1016170, "name": "ΓΥΜΝΑΣΙΟ ΛΟΥΡΟΥ" }, "geometry": { "type": "Point", "coordinates": [ 20.75524, 39.166649 ] } },
{ "type": "Feature", "properties": { "fid": 994, "mm_id": 1016167, "name": "ΓΥΜΝΑΣΙΟ ΠΑΡΓΑΣ" }, "geometry": { "type": "Point", "coordinates": [ 20.406771, 39.283401 ] } },
{ "type": "Feature", "properties": { "fid": 995, "mm_id": 1016157, "name": "ΕΣΠΕΡΙΝΟ ΓΥΜΝΑΣΙΟ ΠΡΕΒΕΖΑΣ" }, "geometry": { "type": "Point", "coordinates": [ 20.740466, 38.955039 ] } },
{ "type": "Feature", "properties": { "fid": 996, "mm_id": 1016162, "name": "ΜΟΥΣΙΚΟ ΣΧΟΛΕΙΟ ΠΡΕΒΕΖΑΣ" }, "geometry": { "type": "Point", "coordinates": [ 20.745103, 38.980219 ] } },
{ "type": "Feature", "properties": { "fid": 997, "mm_id": 1018879, "name": "ΓΥΜΝΑΣΙΟ ΜΥΚΟΝΟΥ" }, "geometry": { "type": "Point", "coordinates": [ 25.331207, 37.438702 ] } },
{ "type": "Feature", "properties": { "fid": 998, "mm_id": 1021353, "name": "ΕΚΠΑΙΔΕΥΤΗΡΙΑ ΜΥΚΟΝΟΥ ΣΥΓΧΡΟΝΗ ΠΑΙΔΕΙΑ - ΙΔΙΩΤΙΚΟ ΓΥΜΝΑΣΙΟ" }, "geometry": { "type": "Point", "coordinates": [ 25.363759, 37.464629 ] } },
{ "type": "Feature", "properties": { "fid": 999, "mm_id": 1026312, "name": "ΗΜΕΡΗΣΙΟ ΓΥΜΝΑΣΙΟ ΑΝΩ ΜΕΡΑΣ ΜΥΚΟΝΟΥ" }, "geometry": { "type": "Point", "coordinates": [ 25.391053, 37.449574 ] } },
{ "type": "Feature", "properties": { "fid": 1000, "mm_id": 1014024, "name": "1ο ΗΜΕΡΗΣΙΟ ΓΥΜΝΑΣΙΟ ΒΟΛΙΣΣΟΥ ΧΙΟΥ - ΜΙΧ. ΠΑΠΑΜΑΥΡΟΣ" }, "geometry": { "type": "Point", "coordinates": [ 25.924851, 38.481493 ] } },
{ "type": "Feature", "properties": { "fid": 1001, "mm_id": 1001264, "name": "1ο ΠΕΙΡΑΜΑΤΙΚΟ ΓΥΜΝΑΣΙΟ ΧΙΟΥ - \"ΣΧΟΛΗ ΤΗΣ ΧΙΟΥ\"" }, "geometry": { "type": "Point", "coordinates": [ 26.136167, 38.36802 ] } },
{ "type": "Feature", "properties": { "fid": 1002, "mm_id": 1001265, "name": "2ο ΗΜΕΡΗΣΙΟ ΓΥΜΝΑΣΙΟ ΧΙΟΥ - ΛΙΒΑΝΕΙΟ" }, "geometry": { "type": "Point", "coordinates": [ 26.133825, 38.365064 ] } },
{ "type": "Feature", "properties": { "fid": 1003, "mm_id": 1001266, "name": "3ο ΗΜΕΡΗΣΙΟ ΓΥΜΝΑΣΙΟ ΧΙΟΥ - Ο ΑΔΑΜΑΝΤΙΟΣ ΚΟΡΑΗΣ" }, "geometry": { "type": "Point", "coordinates": [ 26.136892, 38.368457 ] } },
{ "type": "Feature", "properties": { "fid": 1004, "mm_id": 1001267, "name": "4ο ΗΜΕΡΗΣΙΟ ΓΥΜΝΑΣΙΟ ΧΙΟΥ" }, "geometry": { "type": "Point", "coordinates": [ 26.135634, 38.381189 ] } },
{ "type": "Feature", "properties": { "fid": 1005, "mm_id": 1025359, "name": "ΕΝΙΑΙΟ ΕΙΔΙΚΟ ΕΠΑΓΓΕΛΜΑΤΙΚΟ ΓΥΜΝΑΣΙΟ-ΛΥΚΕΙΟ ΧΙΟΥ" }, "geometry": { "type": "Point", "coordinates": [ 26.134223, 38.339884 ] } },
{ "type": "Feature", "properties": { "fid": 1006, "mm_id": 1014023, "name": "ΕΣΠΕΡΙΝΟ ΓΥΜΝΑΣΙΟ ΧΙΟΥ ΜΕ Λ.Τ" }, "geometry": { "type": "Point", "coordinates": [ 26.132742, 38.3349 ] } },
{ "type": "Feature", "properties": { "fid": 1007, "mm_id": 1001268, "name": "ΗΜΕΡΗΣΙΟ ΓΥΜΝΑΣΙΟ ΒΡΟΝΤΑΔΟΥ ΧΙΟΥ" }, "geometry": { "type": "Point", "coordinates": [ 26.133084, 38.405411 ] } },
{ "type": "Feature", "properties": { "fid": 1008, "mm_id": 1014027, "name": "ΗΜΕΡΗΣΙΟ ΓΥΜΝΑΣΙΟ ΚΑΛΑΜΩΤΗΣ" }, "geometry": { "type": "Point", "coordinates": [ 26.046786, 38.232831 ] } },
{ "type": "Feature", "properties": { "fid": 1009, "mm_id": 1014028, "name": "ΗΜΕΡΗΣΙΟ ΓΥΜΝΑΣΙΟ ΚΑΛΛΙΜΑΣΙΑΣ - «ΓΕΩΡΓΙΟΣ ΣΤΑΓΚΟΥΛΗΣ»" }, "geometry": { "type": "Point", "coordinates": [ 26.104379, 38.292434 ] } },
{ "type": "Feature", "properties": { "fid": 1010, "mm_id": 1001273, "name": "ΗΜΕΡΗΣΙΟ ΓΥΜΝΑΣΙΟ ΚΑΜΠΟΥ ΧΙΟΥ" }, "geometry": { "type": "Point", "coordinates": [ 26.133395, 38.336194 ] } },
{ "type": "Feature", "properties": { "fid": 1011, "mm_id": 1001270, "name": "ΗΜΕΡΗΣΙΟ ΓΥΜΝΑΣΙΟ ΚΑΡΔΑΜΥΛΩΝ - ΛΙΒΑΝΕΙΟ" }, "geometry": { "type": "Point", "coordinates": [ 26.112159, 38.540075 ] } },
{ "type": "Feature", "properties": { "fid": 1012, "mm_id": 1001272, "name": "ΗΜΕΡΗΣΙΟ ΓΥΜΝΑΣΙΟ ΛΤ ΟΙΝΟΥΣΣΩΝ" }, "geometry": { "type": "Point", "coordinates": [ 26.215221, 38.515461 ] } },
{ "type": "Feature", "properties": { "fid": 1013, "mm_id": 1014026, "name": "ΗΜΕΡΗΣΙΟ ΓΥΜΝΑΣΙΟ ΨΑΡΩΝ ΧΙΟΥ - ΓΥΜΝΑΣΙΟ ΨΑΡΩΝ ΙΩΑΝΝΗΣ ΒΑΡΒΑΚΗΣ" }, "geometry": { "type": "Point", "coordinates": [ 25.583204, 38.498977 ] } },
{ "type": "Feature", "properties": { "fid": 1014, "mm_id": 1001269, "name": "ΜΟΥΣΙΚΟ ΣΧΟΛΕΙΟ ΧΙΟΥ" }, "geometry": { "type": "Point", "coordinates": [ 26.137517, 38.310331 ] } },
{ "type": "Feature", "properties": { "fid": 1015, "mm_id": 1015034, "name": "1ο ΗΜΕΡΗΣΙΟ ΓΥΜΝΑΣΙΟ ΑΜΑΛΙΑΔΑΣ ΗΛΕΙΑΣ" }, "geometry": { "type": "Point", "coordinates": [ 21.35437, 37.795887 ] } },
{ "type": "Feature", "properties": { "fid": 1016, "mm_id": 1015024, "name": "1ο ΗΜΕΡΗΣΙΟ ΓΥΜΝΑΣΙΟ ΠΥΡΓΟΥ ΗΛΕΙΑΣ" }, "geometry": { "type": "Point", "coordinates": [ 21.438361, 37.67561 ] } },
{ "type": "Feature", "properties": { "fid": 1017, "mm_id": 1015035, "name": "2ο ΗΜΕΡΗΣΙΟ ΓΥΜΝΑΣΙΟ ΑΜΑΛΙΑΔΑΣ ΗΛΕΙΑΣ" }, "geometry": { "type": "Point", "coordinates": [ 21.348066, 37.789737 ] } },
{ "type": "Feature", "properties": { "fid": 1018, "mm_id": 1015025, "name": "2ο ΗΜΕΡΗΣΙΟ ΓΥΜΝΑΣΙΟ ΠΥΡΓΟΥ ΗΛΕΙΑΣ" }, "geometry": { "type": "Point", "coordinates": [ 21.435669, 37.67435 ] } },
{ "type": "Feature", "properties": { "fid": 1019, "mm_id": 1015036, "name": "3ο ΗΜΕΡΗΣΙΟ ΓΥΜΝΑΣΙΟ ΑΜΑΛΙΑΔΑΣ ΗΛΕΙΑΣ" }, "geometry": { "type": "Point", "coordinates": [ 21.352843, 37.806154 ] } },
{ "type": "Feature", "properties": { "fid": 1020, "mm_id": 1015026, "name": "3ο ΗΜΕΡΗΣΙΟ ΓΥΜΝΑΣΙΟ ΠΥΡΓΟΥ" }, "geometry": { "type": "Point", "coordinates": [ 21.432668, 37.668811 ] } },
{ "type": "Feature", "properties": { "fid": 1021, "mm_id": 1017916, "name": "4ο ΗΜΕΡΗΣΙΟ ΓΥΜΝΑΣΙΟ ΠΥΡΓΟΥ ΗΛΕΙΑΣ" }, "geometry": { "type": "Point", "coordinates": [ 21.444353, 37.66434 ] } },
{ "type": "Feature", "properties": { "fid": 1022, "mm_id": 1015056, "name": "ΓΥΜΝΑΣΙΟ ΝΕΑΣ ΦΙΓΑΛΕΙΑΣ ΗΛΕΙΑΣ" }, "geometry": { "type": "Point", "coordinates": [ 21.773008, 37.444466 ] } },
{ "type": "Feature", "properties": { "fid": 1023, "mm_id": 1015060, "name": "ΓΥΜΝΑΣΙΟ ΠΗΝΕΙΑΣ" }, "geometry": { "type": "Point", "coordinates": [ 21.517561, 37.854573 ] } },
{ "type": "Feature", "properties": { "fid": 1024, "mm_id": 1015057, "name": "ΕΝΙΑΙΟ ΕΙΔΙΚΟ ΕΠΑΓΓΕΛΜΑΤΙΚΟ ΓΥΜΝΑΣΙΟ-ΛΥΚΕΙΟ ΠΥΡΓΟΥ" }, "geometry": { "type": "Point", "coordinates": [ 21.346995, 37.716434 ] } },
{ "type": "Feature", "properties": { "fid": 1025, "mm_id": 1015041, "name": "ΕΣΠΕΡΙΝΟ ΓΥΜΝΑΣΙΟ & Λ.Τ. ΑΜΑΛΙΑΔΑΣ ΗΛΕΙΑΣ" }, "geometry": { "type": "Point", "coordinates": [ 21.354382, 37.795955 ] } },
{ "type": "Feature", "properties": { "fid": 1026, "mm_id": 1015028, "name": "ΕΣΠΕΡΙΝΟ ΓΥΜΝΑΣΙΟ ΠΥΡΓΟΥ - ΓΙΑΝΝΗΣ ΖΑΠΑΝΤΗΣ" }, "geometry": { "type": "Point", "coordinates": [ 21.433252, 37.669892 ] } },
{ "type": "Feature", "properties": { "fid": 1027, "mm_id": 1015052, "name": "ΗΜΕΡΗΣΙΟ ΓΥΜΝΑΣΙΟ ΑΝΔΡΑΒΙΔΑΣ ΗΛΕΙΑΣ" }, "geometry": { "type": "Point", "coordinates": [ 21.271574, 37.90269 ] } },
{ "type": "Feature", "properties": { "fid": 1028, "mm_id": 1015042, "name": "ΗΜΕΡΗΣΙΟ ΓΥΜΝΑΣΙΟ ΑΝΔΡΙΤΣΑΙΝΑΣ ΗΛΕΙΑΣ" }, "geometry": { "type": "Point", "coordinates": [ 21.908529, 37.48411 ] } },
{ "type": "Feature", "properties": { "fid": 1029, "mm_id": 1015045, "name": "ΗΜΕΡΗΣΙΟ ΓΥΜΝΑΣΙΟ ΑΡΧΑΙΑΣ ΟΛΥΜΠΙΑΣ" }, "geometry": { "type": "Point", "coordinates": [ 21.628312, 37.647625 ] } },
{ "type": "Feature", "properties": { "fid": 1030, "mm_id": 1015053, "name": "ΗΜΕΡΗΣΙΟ ΓΥΜΝΑΣΙΟ ΒΑΡΘΟΛΟΜΙΟΥ ΗΛΕΙΑΣ" }, "geometry": { "type": "Point", "coordinates": [ 21.210546, 37.859458 ] } },
{ "type": "Feature", "properties": { "fid": 1031, "mm_id": 1015030, "name": "ΗΜΕΡΗΣΙΟ ΓΥΜΝΑΣΙΟ ΒΟΥΝΑΡΓΟΥ ΗΛΕΙΑΣ" }, "geometry": { "type": "Point", "coordinates": [ 21.413664, 37.738242 ] } },
{ "type": "Feature", "properties": { "fid": 1032, "mm_id": 1015038, "name": "ΗΜΕΡΗΣΙΟ ΓΥΜΝΑΣΙΟ ΓΑΣΤΟΥΝΗΣ ΗΛΕΙΑΣ" }, "geometry": { "type": "Point", "coordinates": [ 21.255152, 37.848058 ] } },
{ "type": "Feature", "properties": { "fid": 1033, "mm_id": 1015066, "name": "ΗΜΕΡΗΣΙΟ ΓΥΜΝΑΣΙΟ ΓΟΥΜΕΡΟΥ" }, "geometry": { "type": "Point", "coordinates": [ 21.615095, 37.762262 ] } },
{ "type": "Feature", "properties": { "fid": 1034, "mm_id": 1015029, "name": "ΗΜΕΡΗΣΙΟ ΓΥΜΝΑΣΙΟ ΕΠΙΤΑΛΙΟΥ  Κωδ. 1501040" }, "geometry": { "type": "Point", "coordinates": [ 21.491712, 37.626009 ] } },
{ "type": "Feature", "properties": { "fid": 1035, "mm_id": 1015047, "name": "ΗΜΕΡΗΣΙΟ ΓΥΜΝΑΣΙΟ ΖΑΧΑΡΩ ΗΛΕΙΑΣ - ΓΥΜΝΑΣΙΟ ΖΑΧΑΡΩΣ" }, "geometry": { "type": "Point", "coordinates": [ 21.645271, 37.482817 ] } },
{ "type": "Feature", "properties": { "fid": 1036, "mm_id": 1015063, "name": "ΗΜΕΡΗΣΙΟ ΓΥΜΝΑΣΙΟ ΚΑΛΛΙΘΕΑΣ ΜΕ ΛΤ" }, "geometry": { "type": "Point", "coordinates": [ 21.82519, 37.551144 ] } },
{ "type": "Feature", "properties": { "fid": 1037, "mm_id": 1015065, "name": "ΗΜΕΡΗΣΙΟ ΓΥΜΝΑΣΙΟ ΚΑΡΑΤΟΥΛΑ ΗΛΕΙΑΣ" }, "geometry": { "type": "Point", "coordinates": [ 21.537882, 37.739414 ] } },
{ "type": "Feature", "properties": { "fid": 1038, "mm_id": 1015049, "name": "ΗΜΕΡΗΣΙΟ ΓΥΜΝΑΣΙΟ ΚΡΕΣΤΕΝΩΝ - «ΔΙΟΝΥΣΙΟΣ ΣΙΜΟΠΟΥΛΟΣ»" }, "geometry": { "type": "Point", "coordinates": [ 21.61471, 37.591757 ] } },
{ "type": "Feature", "properties": { "fid": 1039, "mm_id": 1015051, "name": "ΗΜΕΡΗΣΙΟ ΓΥΜΝΑΣΙΟ ΛΕΧΑΙΝΩΝ ΗΛΕΙΑΣ" }, "geometry": { "type": "Point", "coordinates": [ 21.263565, 37.938992 ] } },
{ "type": "Feature", "properties": { "fid": 1040, "mm_id": 1015048, "name": "ΗΜΕΡΗΣΙΟ ΓΥΜΝΑΣΙΟ ΜΑΚΡΙΣΙΩΝ ΗΛΕΙΑΣ" }, "geometry": { "type": "Point", "coordinates": [ 21.599499, 37.608216 ] } },
{ "type": "Feature", "properties": { "fid": 1041, "mm_id": 1018195, "name": "ΗΜΕΡΗΣΙΟ ΓΥΜΝΑΣΙΟ ΝΕΟΧΩΡΙΟΥ ΗΛΕΙΑΣ \"ΝΤΙΝΟΣ ΨΥΧΟΓΙΟΣ\"" }, "geometry": { "type": "Point", "coordinates": [ 21.207038, 37.907465 ] } },
{ "type": "Feature", "properties": { "fid": 1042, "mm_id": 1015059, "name": "ΗΜΕΡΗΣΙΟ ΓΥΜΝΑΣΙΟ ΠΑΝΟΠΟΥΛΟΥ" }, "geometry": { "type": "Point", "coordinates": [ 21.688256, 37.819201 ] } },
{ "type": "Feature", "properties": { "fid": 1043, "mm_id": 1015044, "name": "ΗΜΕΡΗΣΙΟ ΓΥΜΝΑΣΙΟ ΠΕΛΟΠΙΟΥ ΗΛΕΙΑΣ" }, "geometry": { "type": "Point", "coordinates": [ 21.591956, 37.67424 ] } },
{ "type": "Feature", "properties": { "fid": 1044, "mm_id": 1018794, "name": "ΗΜΕΡΗΣΙΟ ΓΥΜΝΑΣΙΟ ΣΑΒΑΛΙΩΝ ΗΛΕΙΑΣ" }, "geometry": { "type": "Point", "coordinates": [ 21.293387, 37.822441 ] } },
{ "type": "Feature", "properties": { "fid": 1045, "mm_id": 1015069, "name": "ΗΜΕΡΗΣΙΟ ΓΥΜΝΑΣΙΟ ΤΡΑΓΑΝΟΥ ΗΛΕΙΑΣ - ΓΥΜΝΑΣΙΟ ΤΡΑΓΑΝΟΥ" }, "geometry": { "type": "Point", "coordinates": [ 21.320419, 37.894827 ] } },
{ "type": "Feature", "properties": { "fid": 1046, "mm_id": 1015070, "name": "ΗΜΕΡΗΣΙΟ ΓΥΜΝΑΣΙΟ ΧΑΒΑΡΙΟΥ ΗΛΕΙΑΣ" }, "geometry": { "type": "Point", "coordinates": [ 21.384433, 37.849895 ] } },
{ "type": "Feature", "properties": { "fid": 1047, "mm_id": 1015058, "name": "ΗΜΕΡΗΣΙΟ ΓΥΜΝΑΣΙΟ- ΛΥΚΕΙΑΚΕΣ ΤΑΞΕΙΣ ΛΑΜΠΕΙΑΣ ΗΛΕΙΑΣ" }, "geometry": { "type": "Point", "coordinates": [ 21.80728, 37.858122 ] } },
{ "type": "Feature", "properties": { "fid": 1048, "mm_id": 1015061, "name": "ΗΜΕΡΗΣΙΟ ΓΥΜΝΑΣΙΟ-Λ.Τ. ΒΑΣΙΛΑΚΙΟΥ" }, "geometry": { "type": "Point", "coordinates": [ 21.759767, 37.64868 ] } },
{ "type": "Feature", "properties": { "fid": 1049, "mm_id": 1015054, "name": "ΜΟΥΣΙΚΟ ΓΥΜΝΑΣΙΟ ΒΑΡΘΟΛΟΜΙΟΥ ΜΕ ΛΥΚΕΙΑΚΕΣ ΤΑΞΕΙΣ" }, "geometry": { "type": "Point", "coordinates": [ 21.203311, 37.85539 ] } },
{ "type": "Feature", "properties": { "fid": 1050, "mm_id": 1015160, "name": "10ο ΗΜΕΡΗΣΙΟ ΓΥΜΝΑΣΙΟ ΗΡΑΚΛΕΙΟΥ ΚΡΗΤΗΣ" }, "geometry": { "type": "Point", "coordinates": [ 25.105853, 35.329292 ] } },
{ "type": "Feature", "properties": { "fid": 1051, "mm_id": 1018200, "name": "11ο ΗΜΕΡΗΣΙΟ ΓΥΜΝΑΣΙΟ ΗΡΑΚΛΕΙΟΥ" }, "geometry": { "type": "Point", "coordinates": [ 25.117912, 35.339645 ] } },
{ "type": "Feature", "properties": { "fid": 1052, "mm_id": 1015161, "name": "12ο ΗΜΕΡΗΣΙΟ ΓΥΜΝΑΣΙΟ ΗΡΑΚΛΕΙΟΥ «Οδυσσέας Ελύτης»" }, "geometry": { "type": "Point", "coordinates": [ 25.150266, 35.335856 ] } },
{ "type": "Feature", "properties": { "fid": 1053, "mm_id": 1018922, "name": "13ο ΗΜΕΡΗΣΙΟ ΓΥΜΝΑΣΙΟ ΗΡΑΚΛΕΙΟΥ" }, "geometry": { "type": "Point", "coordinates": [ 25.152762, 35.312744 ] } },
{ "type": "Feature", "properties": { "fid": 1054, "mm_id": 1015149, "name": "1ο ΗΜΕΡΗΣΙΟ ΓΥΜΝΑΣΙΟ ΗΡΑΚΛΕΙΟΥ - ΚΑΠΕΤΑΝΑΚΕΙΟ" }, "geometry": { "type": "Point", "coordinates": [ 25.139023, 35.33704 ] } },
{ "type": "Feature", "properties": { "fid": 1055, "mm_id": 1015152, "name": "2ο ΗΜΕΡΗΣΙΟ ΓΥΜΝΑΣΙΟ ΗΡΑΚΛΕΙΟΥ" }, "geometry": { "type": "Point", "coordinates": [ 25.125696, 35.331439 ] } },
{ "type": "Feature", "properties": { "fid": 1056, "mm_id": 1015153, "name": "3ο ΗΜΕΡΗΣΙΟ ΓΥΜΝΑΣΙΟ ΗΡΑΚΛΕΙΟΥ" }, "geometry": { "type": "Point", "coordinates": [ 25.141655, 35.325474 ] } },
{ "type": "Feature", "properties": { "fid": 1057, "mm_id": 1015154, "name": "4ο ΗΜΕΡΗΣΙΟ ΓΥΜΝΑΣΙΟ ΗΡΑΚΛΕΙΟΥ" }, "geometry": { "type": "Point", "coordinates": [ 25.122011, 35.331127 ] } },
{ "type": "Feature", "properties": { "fid": 1058, "mm_id": 1015155, "name": "5ο ΗΜΕΡΗΣΙΟ ΓΥΜΝΑΣΙΟ ΗΡΑΚΛΕΙΟΥ" }, "geometry": { "type": "Point", "coordinates": [ 25.137228, 35.311855 ] } },
{ "type": "Feature", "properties": { "fid": 1059, "mm_id": 1015156, "name": "6ο ΗΜΕΡΗΣΙΟ ΓΥΜΝΑΣΙΟ ΗΡΑΚΛΕΙΟΥ" }, "geometry": { "type": "Point", "coordinates": [ 25.139281, 35.340343 ] } },
{ "type": "Feature", "properties": { "fid": 1060, "mm_id": 1015157, "name": "7ο ΓΥΜΝΑΣΙΟ ΗΡΑΚΛΕΙΟΥ" }, "geometry": { "type": "Point", "coordinates": [ 25.14836, 35.307585 ] } },
{ "type": "Feature", "properties": { "fid": 1061, "mm_id": 1015158, "name": "8ο ΗΜΕΡΗΣΙΟ ΓΥΜΝΑΣΙΟ ΗΡΑΚΛΕΙΟΥ" }, "geometry": { "type": "Point", "coordinates": [ 25.11001, 35.333722 ] } },
{ "type": "Feature", "properties": { "fid": 1062, "mm_id": 1015159, "name": "9ο ΗΜΕΡΗΣΙΟ ΓΥΜΝΑΣΙΟ ΗΡΑΚΛΕΙΟΥ" }, "geometry": { "type": "Point", "coordinates": [ 25.117642, 35.330931 ] } },
{ "type": "Feature", "properties": { "fid": 1063, "mm_id": 1015184, "name": "ΓΥΜΝΑΣΙΟ ΓΟΥΒΩΝ ΗΡΑΚΛΕΙΟΥ ΚΡΗΤΗΣ" }, "geometry": { "type": "Point", "coordinates": [ 25.282844, 35.326324 ] } },
{ "type": "Feature", "properties": { "fid": 1064, "mm_id": 1015163, "name": "ΓΥΜΝΑΣΙΟ ΕΠΙΣΚΟΠΗΣ ΗΡΑΚΛΕΙΟΥ" }, "geometry": { "type": "Point", "coordinates": [ 25.233594, 35.260394 ] } },
{ "type": "Feature", "properties": { "fid": 1065, "mm_id": 1015032, "name": "ΓΥΜΝΑΣΙΟ ΕΥΡΩΠΑΪΚΗΣ ΠΑΙΔΕΙΑΣ ΗΡΑΚΛΕΙΟΥ ΚΡΗΤΗΣ" }, "geometry": { "type": "Point", "coordinates": [ 25.12717, 35.340158 ] } },
{ "type": "Feature", "properties": { "fid": 1066, "mm_id": 1015188, "name": "ΓΥΜΝΑΣΙΟ ΜΑΛΙΩΝ ΗΡΑΚΛΕΙΟΥ" }, "geometry": { "type": "Point", "coordinates": [ 25.45677, 35.284476 ] } },
{ "type": "Feature", "properties": { "fid": 1067, "mm_id": 1018199, "name": "ΕΙΔΙΚΟ ΓΥΜΝΑΣΙΟ ΗΡΑΚΛΕΙΟΥ" }, "geometry": { "type": "Point", "coordinates": [ 25.152255, 35.313603 ] } },
{ "type": "Feature", "properties": { "fid": 1068, "mm_id": 1015201, "name": "ΕΝΙΑΙΟ ΕΙΔΙΚΟ ΕΠΑΓΓΕΛΜΑΤΙΚΟ ΓΥΜΝΑΣΙΟ ΚΑΙ ΛΥΚΕΙΟ ΗΡΑΚΛΕΙΟΥ" }, "geometry": { "type": "Point", "coordinates": [ 25.283325, 35.327347 ] } },
{ "type": "Feature", "properties": { "fid": 1069, "mm_id": 1015162, "name": "ΕΣΠΕΡΙΝΟ ΓΥΜΝΑΣΙΟ ΗΡΑΚΛΕΙΟΥ" }, "geometry": { "type": "Point", "coordinates": [ 25.138841, 35.33304 ] } },
{ "type": "Feature", "properties": { "fid": 1070, "mm_id": 1015182, "name": "ΕΣΠΕΡΙΝΟ ΓΥΜΝΑΣΙΟ ΤΥΜΠΑΚΙΟΥ ΜΕ Α , Β , Γ  ΛΥΚΕΙΑΚΕΣ ΤΑΞΕΙΣ" }, "geometry": { "type": "Point", "coordinates": [ 24.766467, 35.067224 ] } },
{ "type": "Feature", "properties": { "fid": 1071, "mm_id": 1015178, "name": "ΗΜΕΡΗΣΙΟ ΓΥΜΝΑΣΙΟ ΑΓΙΑΣ ΒΑΡΒΑΡΑΣ ΗΡΑΚΛΕΙΟΥ" }, "geometry": { "type": "Point", "coordinates": [ 25.001129, 35.139285 ] } },
{ "type": "Feature", "properties": { "fid": 1072, "mm_id": 1015164, "name": "ΗΜΕΡΗΣΙΟ ΓΥΜΝΑΣΙΟ ΑΓΙΟΥ ΜΥΡΩΝΑ ΗΡΑΚΛΕΙΟΥ" }, "geometry": { "type": "Point", "coordinates": [ 25.030019, 35.236837 ] } },
{ "type": "Feature", "properties": { "fid": 1073, "mm_id": 1015191, "name": "ΗΜΕΡΗΣΙΟ ΓΥΜΝΑΣΙΟ ΑΓΙΩΝ ΔΕΚΑ ΗΡΑΚΛΕΙΟΥ" }, "geometry": { "type": "Point", "coordinates": [ 24.96, 35.06 ] } },
{ "type": "Feature", "properties": { "fid": 1074, "mm_id": 1015167, "name": "ΗΜΕΡΗΣΙΟ ΓΥΜΝΑΣΙΟ ΑΡΚΑΛΟΧΩΡΙΟΥ ΗΡΑΚΛΕΙΟΥ" }, "geometry": { "type": "Point", "coordinates": [ 25.268048, 35.148713 ] } },
{ "type": "Feature", "properties": { "fid": 1075, "mm_id": 1015169, "name": "ΗΜΕΡΗΣΙΟ ΓΥΜΝΑΣΙΟ ΑΡΧΑΝΩΝ ΗΡΑΚΛΕΙΟΥ" }, "geometry": { "type": "Point", "coordinates": [ 25.157339, 35.230426 ] } },
{ "type": "Feature", "properties": { "fid": 1076, "mm_id": 1015185, "name": "ΗΜΕΡΗΣΙΟ ΓΥΜΝΑΣΙΟ ΑΣΗΜΙΟΥ ΗΡΑΚΛΕΙΟΥ" }, "geometry": { "type": "Point", "coordinates": [ 25.091336, 35.046637 ] } },
{ "type": "Feature", "properties": { "fid": 1077, "mm_id": 1015190, "name": "ΗΜΕΡΗΣΙΟ ΓΥΜΝΑΣΙΟ ΒΑΓΙΟΝΙΑΣ ΗΡΑΚΛΕΙΟΥ" }, "geometry": { "type": "Point", "coordinates": [ 24.996222, 35.009544 ] } },
{ "type": "Feature", "properties": { "fid": 1078, "mm_id": 1015186, "name": "ΗΜΕΡΗΣΙΟ ΓΥΜΝΑΣΙΟ ΒΕΝΕΡΑΤΟΥ" }, "geometry": { "type": "Point", "coordinates": [ 25.038666, 35.198645 ] } },
{ "type": "Feature", "properties": { "fid": 1079, "mm_id": 1015171, "name": "ΗΜΕΡΗΣΙΟ ΓΥΜΝΑΣΙΟ ΒΙΑΝΝΟΥ \"ΙΩΑΝΝΗΣ ΚΟΝΔΥΛΑΚΗΣ\"" }, "geometry": { "type": "Point", "coordinates": [ 25.412631, 35.051575 ] } },
{ "type": "Feature", "properties": { "fid": 1080, "mm_id": 1015200, "name": "ΗΜΕΡΗΣΙΟ ΓΥΜΝΑΣΙΟ ΓΑΖΙΟΥ" }, "geometry": { "type": "Point", "coordinates": [ 25.069612, 35.322052 ] } },
{ "type": "Feature", "properties": { "fid": 1081, "mm_id": 1015192, "name": "ΗΜΕΡΗΣΙΟ ΓΥΜΝΑΣΙΟ ΓΕΡΓΕΡΗΣ ΗΡΑΚΛΕΙΟΥ" }, "geometry": { "type": "Point", "coordinates": [ 24.94054, 35.131545 ] } },
{ "type": "Feature", "properties": { "fid": 1082, "mm_id": 1015183, "name": "ΗΜΕΡΗΣΙΟ ΓΥΜΝΑΣΙΟ ΖΑΡΟΥ ΗΡΑΚΛΕΙΟΥ" }, "geometry": { "type": "Point", "coordinates": [ 24.900029, 35.127589 ] } },
{ "type": "Feature", "properties": { "fid": 1083, "mm_id": 1015193, "name": "ΗΜΕΡΗΣΙΟ ΓΥΜΝΑΣΙΟ ΘΡΑΨΑΝΟΥ ΗΡΑΚΛΕΙΟΥ" }, "geometry": { "type": "Point", "coordinates": [ 25.281133, 35.187826 ] } },
{ "type": "Feature", "properties": { "fid": 1084, "mm_id": 1015172, "name": "ΗΜΕΡΗΣΙΟ ΓΥΜΝΑΣΙΟ ΚΑΣΤΕΛΛΙΟΥ ΠΕΔΙΑΔΟΣ ΗΡΑΚΛΕΙΟΥ" }, "geometry": { "type": "Point", "coordinates": [ 25.340406, 35.206553 ] } },
{ "type": "Feature", "properties": { "fid": 1085, "mm_id": 1018201, "name": "ΗΜΕΡΗΣΙΟ ΓΥΜΝΑΣΙΟ ΚΡΟΥΣΩΝΑ ΗΡΑΚΛΕΙΟΥ" }, "geometry": { "type": "Point", "coordinates": [ 24.983053, 35.230414 ] } },
{ "type": "Feature", "properties": { "fid": 1086, "mm_id": 1015187, "name": "ΗΜΕΡΗΣΙΟ ΓΥΜΝΑΣΙΟ ΛΙΜΕΝΑ ΧΕΡΣΟΝΗΣΟΥ ΗΡΑΚΛΕΙΟΥ" }, "geometry": { "type": "Point", "coordinates": [ 25.38715, 35.313168 ] } },
{ "type": "Feature", "properties": { "fid": 1087, "mm_id": 1015179, "name": "ΗΜΕΡΗΣΙΟ ΓΥΜΝΑΣΙΟ ΜΕΛΕΣΩΝ ΗΡΑΚΛΕΙΟΥ - ΜΑΛΙΩΤΕΙΟ ΕΚΠΑΙΔΕΥΤΗΡΙΟ" }, "geometry": { "type": "Point", "coordinates": [ 25.199642, 35.190647 ] } },
{ "type": "Feature", "properties": { "fid": 1088, "mm_id": 1015174, "name": "ΗΜΕΡΗΣΙΟ ΓΥΜΝΑΣΙΟ ΜΟΙΡΩΝ" }, "geometry": { "type": "Point", "coordinates": [ 24.868742, 35.053472 ] } },
{ "type": "Feature", "properties": { "fid": 1089, "mm_id": 1015180, "name": "ΗΜΕΡΗΣΙΟ ΓΥΜΝΑΣΙΟ ΜΟΧΟΥ ΗΡΑΚΛΕΙΟΥ" }, "geometry": { "type": "Point", "coordinates": [ 25.42854, 35.259059 ] } },
{ "type": "Feature", "properties": { "fid": 1090, "mm_id": 1015199, "name": "ΗΜΕΡΗΣΙΟ ΓΥΜΝΑΣΙΟ ΝΕΑΣ ΑΛΙΚΑΡΝΑΣΣΟΥ" }, "geometry": { "type": "Point", "coordinates": [ 25.162856, 35.334014 ] } },
{ "type": "Feature", "properties": { "fid": 1091, "mm_id": 1015175, "name": "ΗΜΕΡΗΣΙΟ ΓΥΜΝΑΣΙΟ ΠΟΜΠΙΑΣ" }, "geometry": { "type": "Point", "coordinates": [ 24.865016, 35.01061 ] } },
{ "type": "Feature", "properties": { "fid": 1092, "mm_id": 1015165, "name": "ΗΜΕΡΗΣΙΟ ΓΥΜΝΑΣΙΟ ΠΡΟΦΗΤΗ ΗΛΙΑ ΗΡΑΚΛΕΙΟΥ" }, "geometry": { "type": "Point", "coordinates": [ 25.100681, 35.209784 ] } },
{ "type": "Feature", "properties": { "fid": 1093, "mm_id": 1015196, "name": "ΗΜΕΡΗΣΙΟ ΓΥΜΝΑΣΙΟ ΠΥΡΓΟΥ ΜΟΝΟΦΑΤΣΙΟΥ" }, "geometry": { "type": "Point", "coordinates": [ 25.15138, 35.007972 ] } },
{ "type": "Feature", "properties": { "fid": 1094, "mm_id": 1015194, "name": "ΗΜΕΡΗΣΙΟ ΓΥΜΝΑΣΙΟ ΤΕΦΕΛΙ ΜΟΝΟΦΑΤΣΙΟΥ ΗΡΑΚΛΕΙΟΥ - ΓΥΜΝΑΣΙΟ ΤΕΦΕΛΙΟΥ" }, "geometry": { "type": "Point", "coordinates": [ 25.159234, 35.094726 ] } },
{ "type": "Feature", "properties": { "fid": 1095, "mm_id": 1015198, "name": "ΗΜΕΡΗΣΙΟ ΓΥΜΝΑΣΙΟ ΤΥΛΙΣΟΥ \"ΙΩΑΝΝΗΣ ΠΕΡΔΙΚΑΡΗΣ\"" }, "geometry": { "type": "Point", "coordinates": [ 25.017868, 35.304775 ] } },
{ "type": "Feature", "properties": { "fid": 1096, "mm_id": 1015181, "name": "ΗΜΕΡΗΣΙΟ ΓΥΜΝΑΣΙΟ ΤΥΜΠΑΚΙΟΥ - ΚΑ: 1713010" }, "geometry": { "type": "Point", "coordinates": [ 24.766217, 35.067092 ] } },
{ "type": "Feature", "properties": { "fid": 1097, "mm_id": 1015176, "name": "ΗΜΕΡΗΣΙΟ ΓΥΜΝΑΣΙΟ ΧΑΡΑΚΑ ΗΡΑΚΛΕΙΟΥ" }, "geometry": { "type": "Point", "coordinates": [ 25.119789, 35.015751 ] } },
{ "type": "Feature", "properties": { "fid": 1098, "mm_id": 1021279, "name": "ΙΔΙΩΤΙΚΟ ΓΥΜΝΑΣΙΟ - ΕΚΠΑΙΔΕΥΤΗΡΙΟ \"ΤΟ ΠΑΓΚΡΗΤΙΟΝ\"" }, "geometry": { "type": "Point", "coordinates": [ 25.158373, 35.314504 ] } },
{ "type": "Feature", "properties": { "fid": 1099, "mm_id": 1015208, "name": "ΚΑΛΛΙΤΕΧΝΙΚΟ ΣΧΟΛΕΙΟ ΗΡΑΚΛΕΙΟΥ (ΓΥΜΝΑΣΙΟ ΚΑΙ ΓΕΝΙΚΟ ΛΥΚΕΙΟ)" }, "geometry": { "type": "Point", "coordinates": [ 25.282655, 35.326981 ] } },
{ "type": "Feature", "properties": { "fid": 1100, "mm_id": 1015151, "name": "ΜΟΥΣΙΚΟ ΣΧΟΛΕΙΟ ΗΡΑΚΛΕΙΟΥ (ΓΥΜΝΑΣΙΟ ΚΑΙ ΓΕΝΙΚΟ ΛΥΚΕΙΟ)" }, "geometry": { "type": "Point", "coordinates": [ 25.283541, 35.327705 ] } },
{ "type": "Feature", "properties": { "fid": 1101, "mm_id": 1015148, "name": "ΠΡΟΤΥΠΟ ΓΥΜΝΑΣΙΟ ΗΡΑΚΛΕΙΟΥ" }, "geometry": { "type": "Point", "coordinates": [ 25.102762, 35.311155 ] } },
{ "type": "Feature", "properties": { "fid": 1102, "mm_id": 1015593, "name": "1ο ΗΜΕΡΗΣΙΟ ΓΥΜΝΑΣΙΟ ΒΑΠΤΙΣΤΗΣ ΚΙΛΚΙΣ" }, "geometry": { "type": "Point", "coordinates": [ 22.768597, 40.993557 ] } },
{ "type": "Feature", "properties": { "fid": 1103, "mm_id": 1015578, "name": "1ο ΗΜΕΡΗΣΙΟ ΓΥΜΝΑΣΙΟ ΚΙΛΚΙΣ" }, "geometry": { "type": "Point", "coordinates": [ 22.865857, 40.986016 ] } },
{ "type": "Feature", "properties": { "fid": 1104, "mm_id": 1015595, "name": "1ο ΗΜΕΡΗΣΙΟ ΓΥΜΝΑΣΙΟ ΠΛΑΤΑΝΙΑΣ ΚΙΛΚΙΣ - ΓΥΜΝΑΣΙΟ ΠΛΑΤΑΝΙΑΣ" }, "geometry": { "type": "Point", "coordinates": [ 22.594856, 41.062412 ] } },
{ "type": "Feature", "properties": { "fid": 1105, "mm_id": 1015587, "name": "1ο ΗΜΕΡΗΣΙΟ ΓΥΜΝΑΣΙΟ ΠΟΛΥΚΑΣΤΡΟ ΚΙΛΚΙΣ" }, "geometry": { "type": "Point", "coordinates": [ 22.570687, 40.996783 ] } },
{ "type": "Feature", "properties": { "fid": 1106, "mm_id": 1015579, "name": "2ο ΠΕΙΡΑΜΑΤΙΚΟ ΓΥΜΝΑΣΙΟ ΚΙΛΚΙΣ" }, "geometry": { "type": "Point", "coordinates": [ 22.880824, 40.997515 ] } },
{ "type": "Feature", "properties": { "fid": 1107, "mm_id": 1015580, "name": "3ο Ημερήσιο  Γυμνάσιο  Κιλκίς" }, "geometry": { "type": "Point", "coordinates": [ 22.867643, 41.000792 ] } },
{ "type": "Feature", "properties": { "fid": 1108, "mm_id": 1026658, "name": "ΕΝΙΑΙΟ ΕΙΔΙΚΟ ΕΠΑΓΓΕΛΜΑΤΙΚΟ ΓΥΜΝΑΣΙΟ-ΛΥΚΕΙΟ (ΕΝ.Ε.Ε.ΓΥ.-Λ.) ΚΙΛΚΙΣ" }, "geometry": { "type": "Point", "coordinates": [ 22.885853, 40.991391 ] } },
{ "type": "Feature", "properties": { "fid": 1109, "mm_id": 1015581, "name": "ΕΣΠΕΡΙΝΟ ΓΥΜΝΑΣΙΟ ΚΙΛΚΙΣ" }, "geometry": { "type": "Point", "coordinates": [ 22.884414, 40.990711 ] } },
{ "type": "Feature", "properties": { "fid": 1110, "mm_id": 1015583, "name": "ΗΜΕΡΗΣΙΟ ΓΥΜΝΑΣΙΟ ΑΞΙΟΥΠΟΛΗΣ ΚΙΛΚΙΣ" }, "geometry": { "type": "Point", "coordinates": [ 22.535754, 40.986545 ] } },
{ "type": "Feature", "properties": { "fid": 1111, "mm_id": 1015584, "name": "ΗΜΕΡΗΣΙΟ ΓΥΜΝΑΣΙΟ ΓΟΥΜΕΝΙΣΣΑΣ ΚΙΛΚΙΣ" }, "geometry": { "type": "Point", "coordinates": [ 22.45013, 40.950578 ] } },
{ "type": "Feature", "properties": { "fid": 1112, "mm_id": 1015591, "name": "ΗΜΕΡΗΣΙΟ ΓΥΜΝΑΣΙΟ ΕΥΚΑΡΠΙΑΣ ΚΙΛΚΙΣ" }, "geometry": { "type": "Point", "coordinates": [ 22.90815, 41.079442 ] } },
{ "type": "Feature", "properties": { "fid": 1113, "mm_id": 1015588, "name": "ΗΜΕΡΗΣΙΟ ΓΥΜΝΑΣΙΟ ΕΥΡΩΠΟΥ ΚΙΛΚΙΣ" }, "geometry": { "type": "Point", "coordinates": [ 22.548159, 40.894929 ] } },
{ "type": "Feature", "properties": { "fid": 1114, "mm_id": 1015590, "name": "ΗΜΕΡΗΣΙΟ ΓΥΜΝΑΣΙΟ ΚΑΜΠΑΝΗΣ ΚΙΛΚΙΣ" }, "geometry": { "type": "Point", "coordinates": [ 22.916984, 40.896497 ] } },
{ "type": "Feature", "properties": { "fid": 1115, "mm_id": 1015594, "name": "ΗΜΕΡΗΣΙΟ ΓΥΜΝΑΣΙΟ ΝΕΟΥ ΑΓΙΟΝΕΡΙΟΥ" }, "geometry": { "type": "Point", "coordinates": [ 22.707943, 40.812953 ] } },
{ "type": "Feature", "properties": { "fid": 1116, "mm_id": 1015589, "name": "ΗΜΕΡΗΣΙΟ ΓΥΜΝΑΣΙΟ ΝΕΟΥ ΓΥΝΑΙΚΟΚΑΣΤΡΟΥ ΚΙΛΚΙΣ" }, "geometry": { "type": "Point", "coordinates": [ 22.750231, 40.914804 ] } },
{ "type": "Feature", "properties": { "fid": 1117, "mm_id": 1015586, "name": "ΗΜΕΡΗΣΙΟ ΓΥΜΝΑΣΙΟ Σ.Σ ΜΟΥΡΙΩΝ ΚΙΛΚΙΣ - Σ.Σ. ΜΟΥΡΙΩΝ" }, "geometry": { "type": "Point", "coordinates": [ 22.839919, 41.26146 ] } },
{ "type": "Feature", "properties": { "fid": 1118, "mm_id": 1015585, "name": "ΗΜΕΡΗΣΙΟ ΓΥΜΝΑΣΙΟ ΧΕΡΣΟΥ ΚΙΛΚΙΣ" }, "geometry": { "type": "Point", "coordinates": [ 22.780241, 41.088624 ] } },
{ "type": "Feature", "properties": { "fid": 1119, "mm_id": 1012149, "name": "ΓΥΜΝΑΣΙΟ ΑΡΧΙΛΟΧΟΥ ΠΑΡΟΥ" }, "geometry": { "type": "Point", "coordinates": [ 25.24789, 37.050795 ] } },
{ "type": "Feature", "properties": { "fid": 1120, "mm_id": 1001104, "name": "ΓΥΜΝΑΣΙΟ Λ.Τ. ΑΝΤΙΠΑΡΟΥ" }, "geometry": { "type": "Point", "coordinates": [ 25.081415, 37.04034 ] } },
{ "type": "Feature", "properties": { "fid": 1121, "mm_id": 1018226, "name": "ΓΥΜΝΑΣΙΟ ΝΑΟΥΣΑΣ ΠΑΡΟΥ" }, "geometry": { "type": "Point", "coordinates": [ 25.23717, 37.119133 ] } },
{ "type": "Feature", "properties": { "fid": 1122, "mm_id": 1013034, "name": "ΓΥΜΝΑΣΙΟ ΠΑΡΟΥ" }, "geometry": { "type": "Point", "coordinates": [ 25.152933, 37.083991 ] } },
{ "type": "Feature", "properties": { "fid": 1123, "mm_id": 1026343, "name": "Ενιαίο Ειδικό Επαγγελματικό Γυμνάσιο- Λύκειο (ΕΝ.Ε.Ε.ΓΥ.-Λ.) Πάρου" }, "geometry": { "type": "Point", "coordinates": [ 25.186712, 37.11375 ] } },
{ "type": "Feature", "properties": { "fid": 1124, "mm_id": 1000834, "name": "1ο ΗΜΕΡΗΣΙΟ ΓΥΜΝΑΣΙΟ ΕΡΕΤΡΙΑΣ ΕΥΒΟΙΑΣ" }, "geometry": { "type": "Point", "coordinates": [ 23.788417, 38.395321 ] } },
{ "type": "Feature", "properties": { "fid": 1125, "mm_id": 1013817, "name": "1ο ΗΜΕΡΗΣΙΟ ΓΥΜΝΑΣΙΟ ΙΣΤΙΑΙΑΣ ΕΥΒΟΙΑΣ" }, "geometry": { "type": "Point", "coordinates": [ 23.152714, 38.952855 ] } },
{ "type": "Feature", "properties": { "fid": 1126, "mm_id": 1014217, "name": "1ο ΗΜΕΡΗΣΙΟ ΓΥΜΝΑΣΙΟ ΧΑΛΚΙΔΑΣ ΕΥΒΟΙΑΣ - «ΑΛΕΞΑΝΔΡΟΣ ΠΑΠΑΔΙΑΜΑΝΤΗΣ»" }, "geometry": { "type": "Point", "coordinates": [ 23.599098, 38.468837 ] } },
{ "type": "Feature", "properties": { "fid": 1127, "mm_id": 1013819, "name": "1ο ΗΜΕΡΗΣΙΟ ΓΥΜΝΑΣΙΟ ΩΡΕΩΝ ΑΓΙΟΣ ΙΑΚΩΒΟΣ Ο ΕΝ ΕΥΒΟΙΑ" }, "geometry": { "type": "Point", "coordinates": [ 23.092766, 38.950725 ] } },
{ "type": "Feature", "properties": { "fid": 1128, "mm_id": 1000821, "name": "2ο ΗΜΕΡΗΣΙΟ ΓΥΜΝΑΣΙΟ ΧΑΛΚΙΔΑΣ ΕΥΒΟΙΑΣ" }, "geometry": { "type": "Point", "coordinates": [ 23.597304, 38.455721 ] } },
{ "type": "Feature", "properties": { "fid": 1129, "mm_id": 1018792, "name": "3ο ΗΜΕΡΗΣΙΟ ΓΥΜΝΑΣΙΟ ΧΑΛΚΙΔΑΣ ΕΥΒΟΙΑΣ" }, "geometry": { "type": "Point", "coordinates": [ 23.602227, 38.46621 ] } },
{ "type": "Feature", "properties": { "fid": 1130, "mm_id": 1000823, "name": "4ο ΗΜΕΡΗΣΙΟ ΓΥΜΝΑΣΙΟ ΧΑΛΚΙΔΑΣ" }, "geometry": { "type": "Point", "coordinates": [ 23.59878, 38.459364 ] } },
{ "type": "Feature", "properties": { "fid": 1131, "mm_id": 1013090, "name": "5ο ΠΡΟΤΥΠΟ ΓΥΜΝΑΣΙΟ ΧΑΛΚΙΔΑΣ ΕΥΒΟΙΑΣ" }, "geometry": { "type": "Point", "coordinates": [ 23.607599, 38.466194 ] } },
{ "type": "Feature", "properties": { "fid": 1132, "mm_id": 1000824, "name": "6ο ΗΜΕΡΗΣΙΟ ΓΥΜΝΑΣΙΟ ΧΑΛΚΙΔΑΣ ΕΥΒΟΙΑΣ" }, "geometry": { "type": "Point", "coordinates": [ 23.602227, 38.46621 ] } },
{ "type": "Feature", "properties": { "fid": 1133, "mm_id": 1000825, "name": "7ο ΗΜΕΡΗΣΙΟ ΓΥΜΝΑΣΙΟ ΧΑΛΚΙΔΑΣ ΕΥΒΟΙΑΣ" }, "geometry": { "type": "Point", "coordinates": [ 23.632181, 38.489744 ] } },
{ "type": "Feature", "properties": { "fid": 1134, "mm_id": 1012413, "name": "ΓΥΜΝΑΣΙΟ ΔΡΟΣΙΑΣ ΕΥΒΟΙΑΣ" }, "geometry": { "type": "Point", "coordinates": [ 23.552952, 38.483018 ] } },
{ "type": "Feature", "properties": { "fid": 1135, "mm_id": 1012187, "name": "ΓΥΜΝΑΣΙΟ ΚΑΝΗΘΟΥ ΧΑΛΚΙΔΑΣ" }, "geometry": { "type": "Point", "coordinates": [ 23.579055, 38.469986 ] } },
{ "type": "Feature", "properties": { "fid": 1136, "mm_id": 1013238, "name": "ΓΥΜΝΑΣΙΟ ΝΕΑΣ ΑΡΤΑΚΗΣ" }, "geometry": { "type": "Point", "coordinates": [ 23.640172, 38.508426 ] } },
{ "type": "Feature", "properties": { "fid": 1137, "mm_id": 1000843, "name": "ΕΝΙΑΙΟ ΕΙΔΙΚΟ ΕΠΑΓΓΕΛΜΑΤΙΚΟ ΓΥΜΝΑΣΙΟ - ΛΥΚΕΙΟ ΕΥΒΟΙΑΣ" }, "geometry": { "type": "Point", "coordinates": [ 23.561959, 38.399905 ] } },
{ "type": "Feature", "properties": { "fid": 1138, "mm_id": 1000822, "name": "ΕΣΠΕΡΙΝΟ ΓΥΜΝΑΣΙΟ ΧΑΛΚΙΔΑΣ" }, "geometry": { "type": "Point", "coordinates": [ 23.602227, 38.46621 ] } },
{ "type": "Feature", "properties": { "fid": 1139, "mm_id": 1013833, "name": "ΗΜΕΡΗΣΙΟ ΓΥΜΝΑΣΙΟ - ΛΥΚΕΙΑΚΕΣ ΤΑΞΕΙΣ ΣΤΥΡΩΝ ΕΥΒΟΙΑΣ" }, "geometry": { "type": "Point", "coordinates": [ 24.238403, 38.159925 ] } },
{ "type": "Feature", "properties": { "fid": 1140, "mm_id": 1000830, "name": "ΗΜΕΡΗΣΙΟ ΓΥΜΝΑΣΙΟ ΑΛΙΒΕΡΙΟΥ" }, "geometry": { "type": "Point", "coordinates": [ 24.033231, 38.407517 ] } },
{ "type": "Feature", "properties": { "fid": 1141, "mm_id": 1000833, "name": "ΗΜΕΡΗΣΙΟ ΓΥΜΝΑΣΙΟ ΑΜΑΡΥΝΘΟΥ ΕΥΒΟΙΑΣ" }, "geometry": { "type": "Point", "coordinates": [ 23.877108, 38.394182 ] } },
{ "type": "Feature", "properties": { "fid": 1142, "mm_id": 1000831, "name": "ΗΜΕΡΗΣΙΟ ΓΥΜΝΑΣΙΟ ΑΥΛΩΝΑΡΙΟΥ" }, "geometry": { "type": "Point", "coordinates": [ 24.12134, 38.503279 ] } },
{ "type": "Feature", "properties": { "fid": 1143, "mm_id": 1018027, "name": "ΗΜΕΡΗΣΙΟ ΓΥΜΝΑΣΙΟ ΒΑΘΕΟΣ ΑΥΛΙΔΑΣ" }, "geometry": { "type": "Point", "coordinates": [ 23.601935, 38.40334 ] } },
{ "type": "Feature", "properties": { "fid": 1144, "mm_id": 1013031, "name": "ΗΜΕΡΗΣΙΟ ΓΥΜΝΑΣΙΟ ΒΑΣΙΛΙΚΟΥ ΕΥΒΟΙΑΣ" }, "geometry": { "type": "Point", "coordinates": [ 23.676766, 38.425262 ] } },
{ "type": "Feature", "properties": { "fid": 1145, "mm_id": 1018793, "name": "ΗΜΕΡΗΣΙΟ ΓΥΜΝΑΣΙΟ ΓΥΜΝΟΥ ΕΥΒΟΙΑΣ" }, "geometry": { "type": "Point", "coordinates": [ 23.885133, 38.445147 ] } },
{ "type": "Feature", "properties": { "fid": 1146, "mm_id": 1000837, "name": "ΗΜΕΡΗΣΙΟ ΓΥΜΝΑΣΙΟ ΚΑΘΕΝΩΝ ΕΥΒΟΙΑΣ" }, "geometry": { "type": "Point", "coordinates": [ 23.77326, 38.57294 ] } },
{ "type": "Feature", "properties": { "fid": 1147, "mm_id": 1013818, "name": "ΗΜΕΡΗΣΙΟ ΓΥΜΝΑΣΙΟ ΚΑΙ ΤΡΕΙΣ ΛΥΚΕΙΑΚΕΣ ΤΑΞΕΙΣ ΓΟΥΒΩΝ ΕΥΒΟΙΑΣ - «ΓΕΩΡΓΙΟΣ ΔΡΟΣΙΝΗΣ»" }, "geometry": { "type": "Point", "coordinates": [ 23.247091, 39.00673 ] } },
{ "type": "Feature", "properties": { "fid": 1148, "mm_id": 1013821, "name": "ΗΜΕΡΗΣΙΟ ΓΥΜΝΑΣΙΟ ΚΑΡΥΣΤΟΥ ΕΥΒΟΙΑΣ" }, "geometry": { "type": "Point", "coordinates": [ 24.422803, 38.020139 ] } },
{ "type": "Feature", "properties": { "fid": 1149, "mm_id": 1013823, "name": "ΗΜΕΡΗΣΙΟ ΓΥΜΝΑΣΙΟ ΚΟΝΙΣΤΡΩΝ" }, "geometry": { "type": "Point", "coordinates": [ 24.025014, 38.547055 ] } },
{ "type": "Feature", "properties": { "fid": 1150, "mm_id": 1013835, "name": "ΗΜΕΡΗΣΙΟ ΓΥΜΝΑΣΙΟ ΚΡΙΕΖΩΝ" }, "geometry": { "type": "Point", "coordinates": [ 24.136429, 38.39384 ] } },
{ "type": "Feature", "properties": { "fid": 1151, "mm_id": 1013822, "name": "ΗΜΕΡΗΣΙΟ ΓΥΜΝΑΣΙΟ ΚΥΜΗΣ ΕΥΒΟΙΑΣ" }, "geometry": { "type": "Point", "coordinates": [ 24.10832, 38.635334 ] } },
{ "type": "Feature", "properties": { "fid": 1152, "mm_id": 1013825, "name": "ΗΜΕΡΗΣΙΟ ΓΥΜΝΑΣΙΟ ΛΙΜΝΗΣ ΕΥΒΟΙΑΣ" }, "geometry": { "type": "Point", "coordinates": [ 23.326327, 38.763054 ] } },
{ "type": "Feature", "properties": { "fid": 1153, "mm_id": 1013826, "name": "ΗΜΕΡΗΣΙΟ ΓΥΜΝΑΣΙΟ ΛΟΥΤΡΩΝ ΑΙΔΗΨΟΥ ΕΥΒΟΙΑΣ" }, "geometry": { "type": "Point", "coordinates": [ 23.045772, 38.859725 ] } },
{ "type": "Feature", "properties": { "fid": 1154, "mm_id": 1015689, "name": "ΓΥΜΝΑΣΙΟ ΒΕΛΟΥ ΚΟΡΙΝΘΙΑΣ" }, "geometry": { "type": "Point", "coordinates": [ 22.767636, 37.976262 ] } },
{ "type": "Feature", "properties": { "fid": 1155, "mm_id": 1027283, "name": "ΕΝΙΑΙΟ ΕΙΔΙΚΟ ΕΠΑΓΓΕΛΜΑΤΙΚΟ ΓΥΜΝΑΣΙΟ (ΕΝ.Ε.Ε.ΓΥ.-Λ.) ΑΡΧΑΓΓΕΛΟΥ" }, "geometry": { "type": "Point", "coordinates": [ 28.116945, 36.215507 ] } },
{ "type": "Feature", "properties": { "fid": 1156, "mm_id": 1016081, "name": "ΗΜΕΡΗΣΙΟ ΓΥΜΝΑΣΙΟ ΦΟΥΣΤΑΝΗΣ" }, "geometry": { "type": "Point", "coordinates": [ 22.169997, 41.055588 ] } },
{ "type": "Feature", "properties": { "fid": 1157, "mm_id": 1016161, "name": "4ο ΓΥΜΝΑΣΙΟ ΠΡΕΒΕΖΑΣ" }, "geometry": { "type": "Point", "coordinates": [ 20.739555, 38.958388 ] } },
{ "type": "Feature", "properties": { "fid": 1158, "mm_id": 1015062, "name": "ΗΜΕΡΗΣΙΟ ΓΥΜΝΑΣΙΟ ΒΑΡΔΑ ΗΛΕΙΑΣ - ΓΥΜΝΑΣΙΟ ΒΑΡΔΑΣ" }, "geometry": { "type": "Point", "coordinates": [ 21.36812, 38.031676 ] } },
{ "type": "Feature", "properties": { "fid": 1159, "mm_id": 1015055, "name": "ΗΜΕΡΗΣΙΟ ΓΥΜΝΑΣΙΟ ΛΑΛΑΣ ΗΛΕΙΑΣ" }, "geometry": { "type": "Point", "coordinates": [ 21.715874, 37.709478 ] } },
{ "type": "Feature", "properties": { "fid": 1160, "mm_id": 1011976, "name": "ΗΜΕΡΗΣΙΟ ΓΥΜΝΑΣΙΟ ΜΑΚΡΥΚΑΠΑΣ ΕΥΒΟΙΑΣ" }, "geometry": { "type": "Point", "coordinates": [ 23.744511, 38.607583 ] } },
{ "type": "Feature", "properties": { "fid": 1161, "mm_id": 1013829, "name": "ΗΜΕΡΗΣΙΟ ΓΥΜΝΑΣΙΟ ΜΑΝΤΟΥΔΙΟΥ" }, "geometry": { "type": "Point", "coordinates": [ 23.476874, 38.798721 ] } },
{ "type": "Feature", "properties": { "fid": 1162, "mm_id": 1013834, "name": "ΗΜΕΡΗΣΙΟ ΓΥΜΝΑΣΙΟ ΜΑΡΜΑΡΙΟΥ ΕΥΒΟΙΑΣ" }, "geometry": { "type": "Point", "coordinates": [ 24.322909, 38.04769 ] } },
{ "type": "Feature", "properties": { "fid": 1163, "mm_id": 1000826, "name": "ΗΜΕΡΗΣΙΟ ΓΥΜΝΑΣΙΟ ΝΕΑΣ ΛΑΜΨΑΚΟΥ - ΑΝΑΞΑΓΟΡΕΙΟ" }, "geometry": { "type": "Point", "coordinates": [ 23.628491, 38.432023 ] } },
{ "type": "Feature", "properties": { "fid": 1164, "mm_id": 1013830, "name": "ΗΜΕΡΗΣΙΟ ΓΥΜΝΑΣΙΟ ΠΡΟΚΟΠΙΟΥ ΕΥΒΟΙΑΣ - «Όσιος Ιωάννης ο Ρώσος»" }, "geometry": { "type": "Point", "coordinates": [ 23.495886, 38.734694 ] } },
{ "type": "Feature", "properties": { "fid": 1165, "mm_id": 1013832, "name": "ΗΜΕΡΗΣΙΟ ΓΥΜΝΑΣΙΟ ΣΚΥΡΟΥ" }, "geometry": { "type": "Point", "coordinates": [ 24.561966, 38.902126 ] } },
{ "type": "Feature", "properties": { "fid": 1166, "mm_id": 1000836, "name": "ΗΜΕΡΗΣΙΟ ΓΥΜΝΑΣΙΟ ΣΤΕΝΗΣ ΕΥΒΟΙΑΣ" }, "geometry": { "type": "Point", "coordinates": [ 23.837578, 38.58411 ] } },
{ "type": "Feature", "properties": { "fid": 1167, "mm_id": 1000828, "name": "ΗΜΕΡΗΣΙΟ ΓΥΜΝΑΣΙΟ ΨΑΧΝΩΝ ΕΥΒΟΙΑΣ" }, "geometry": { "type": "Point", "coordinates": [ 23.643164, 38.579814 ] } },
{ "type": "Feature", "properties": { "fid": 1168, "mm_id": 1024302, "name": "ΜΟΥΣΙΚΟ ΓΥΜΝΑΣΙΟ ΧΑΛΚΙΔΑΣ ΜΕ Λ.Τ. \"ΝΙΚΟΣ ΣΚΑΛΚΩΤΑΣ\"" }, "geometry": { "type": "Point", "coordinates": [ 23.596828, 38.384963 ] } },
{ "type": "Feature", "properties": { "fid": 1169, "mm_id": 1000775, "name": "1ο ΗΜΕΡΗΣΙΟ ΓΥΜΝΑΣΙΟ ΚΩ - ΙΠΠΟΚΡΑΤΕΙΟ" }, "geometry": { "type": "Point", "coordinates": [ 27.296103, 36.887748 ] } },
{ "type": "Feature", "properties": { "fid": 1170, "mm_id": 1000776, "name": "2ο ΗΜΕΡΗΣΙΟ ΓΥΜΝΑΣΙΟ ΚΩ - ΙΠΠΟΚΡΑΤΕΙΟ" }, "geometry": { "type": "Point", "coordinates": [ 27.281645, 36.908674 ] } },
{ "type": "Feature", "properties": { "fid": 1171, "mm_id": 1026825, "name": "3ο ΗΜΕΡΗΣΙΟ ΓΥΜΝΑΣΙΟ ΚΩ" }, "geometry": { "type": "Point", "coordinates": [ 27.296187, 36.886421 ] } },
{ "type": "Feature", "properties": { "fid": 1172, "mm_id": 1017849, "name": "ΕΣΠΕΡΙΝΟ ΓΥΜΝΑΣΙΟ Λ.Τ. ΚΩ" }, "geometry": { "type": "Point", "coordinates": [ 27.279635, 36.893011 ] } },
{ "type": "Feature", "properties": { "fid": 1173, "mm_id": 1018789, "name": "ΗΜΕΡΗΣΙΟ ΓΥΜΝΑΣΙΟ ΑΝΤΙΜΑΧΕΙΑΣ" }, "geometry": { "type": "Point", "coordinates": [ 27.088145, 36.804353 ] } },
{ "type": "Feature", "properties": { "fid": 1174, "mm_id": 1000778, "name": "ΗΜΕΡΗΣΙΟ ΓΥΜΝΑΣΙΟ ΖΗΠΑΡΙΟΥ" }, "geometry": { "type": "Point", "coordinates": [ 27.207699, 36.874101 ] } },
{ "type": "Feature", "properties": { "fid": 1175, "mm_id": 1000777, "name": "ΗΜΕΡΗΣΙΟ ΓΥΜΝΑΣΙΟ ΚΕΦΑΛΟΥ" }, "geometry": { "type": "Point", "coordinates": [ 26.959221, 36.742017 ] } },
{ "type": "Feature", "properties": { "fid": 1176, "mm_id": 1000791, "name": "ΗΜΕΡΗΣΙΟ ΓΥΜΝΑΣΙΟ με ΛΥΚΕΙΑΚΕΣ ΤΑΞΕΙΣ ΝΙΣΥΡΟΥ" }, "geometry": { "type": "Point", "coordinates": [ 27.13325, 36.609649 ] } },
{ "type": "Feature", "properties": { "fid": 1177, "mm_id": 1016191, "name": "1ο ΗΜΕΡΗΣΙΟ ΓΥΜΝΑΣΙΟ ΡΕΘΥΜΝΟΥ" }, "geometry": { "type": "Point", "coordinates": [ 24.468645, 35.363543 ] } },
{ "type": "Feature", "properties": { "fid": 1178, "mm_id": 1016192, "name": "2ο ΗΜΕΡΗΣΙΟ ΓΥΜΝΑΣΙΟ ΡΕΘΥΜΝΟΥ" }, "geometry": { "type": "Point", "coordinates": [ 24.480845, 35.362458 ] } },
{ "type": "Feature", "properties": { "fid": 1179, "mm_id": 1016193, "name": "3ο ΗΜΕΡΗΣΙΟ ΓΥΜΝΑΣΙΟ ΡΕΘΥΜΝΟΥ" }, "geometry": { "type": "Point", "coordinates": [ 24.475143, 35.366036 ] } },
{ "type": "Feature", "properties": { "fid": 1180, "mm_id": 1016194, "name": "4ο ΗΜΕΡΗΣΙΟ ΓΥΜΝΑΣΙΟ ΡΕΘΥΜΝΟΥ" }, "geometry": { "type": "Point", "coordinates": [ 24.511734, 35.365743 ] } },
{ "type": "Feature", "properties": { "fid": 1181, "mm_id": 1016214, "name": "5ο ΗΜΕΡΗΣΙΟ ΓΥΜΝΑΣΙΟ ΡΕΘΥΜΝΟΥ - ΑΡΣΑΝΙΟ ΓΥΜΝΑΣΙΟ" }, "geometry": { "type": "Point", "coordinates": [ 24.587365, 35.382338 ] } },
{ "type": "Feature", "properties": { "fid": 1182, "mm_id": 1025279, "name": "Ενιαίο Ειδικό Επαγγελματικό Γυμνάσιο -Λύκειο ΡΕΘΥΜΝΗΣ" }, "geometry": { "type": "Point", "coordinates": [ 24.445191, 35.364235 ] } },
{ "type": "Feature", "properties": { "fid": 1183, "mm_id": 1016198, "name": "ΗΜΕΡΗΣΙΟ ΓΥΜΝΑΣΙΟ ΑΝΩΓΕΙΩΝ ΡΕΘΥΜΝΟΥ - ΣΤΑΥΡΑΚΕΙΟ" }, "geometry": { "type": "Point", "coordinates": [ 24.880799, 35.292058 ] } },
{ "type": "Feature", "properties": { "fid": 1184, "mm_id": 1016212, "name": "ΗΜΕΡΗΣΙΟ ΓΥΜΝΑΣΙΟ ΑΤΣΙΠΟΠΟΥΛΟΥ - ΓΥΜΝΑΣΙΟ ΑΤΣΙΠΟΠΟΥΛΟΥ" }, "geometry": { "type": "Point", "coordinates": [ 24.436412, 35.344596 ] } },
{ "type": "Feature", "properties": { "fid": 1185, "mm_id": 1016210, "name": "ΗΜΕΡΗΣΙΟ ΓΥΜΝΑΣΙΟ ΓΑΡΑΖΟΥ ΡΕΘΥΜΝΟΥ - ΓΥΜΝΑΣΙΟ ΓΑΡΑΖΟΥ" }, "geometry": { "type": "Point", "coordinates": [ 24.783431, 35.343704 ] } },
{ "type": "Feature", "properties": { "fid": 1186, "mm_id": 1016199, "name": "ΗΜΕΡΗΣΙΟ ΓΥΜΝΑΣΙΟ ΕΠΙΣΚΟΠΗΣ ΡΕΘΥΜΝΟΥ - ΓΥΜΝΑΣΙΟ ΕΠΙΣΚΟΠΗΣ" }, "geometry": { "type": "Point", "coordinates": [ 24.336739, 35.322868 ] } },
{ "type": "Feature", "properties": { "fid": 1187, "mm_id": 1016206, "name": "ΗΜΕΡΗΣΙΟ ΓΥΜΝΑΣΙΟ ΚΟΞΑΡΕΣ" }, "geometry": { "type": "Point", "coordinates": [ 24.466295, 35.22476 ] } },
{ "type": "Feature", "properties": { "fid": 1188, "mm_id": 1016211, "name": "ΗΜΕΡΗΣΙΟ ΓΥΜΝΑΣΙΟ ΚΡΑΝΑΣ ΡΕΘΥΜΝΟΥ" }, "geometry": { "type": "Point", "coordinates": [ 24.812949, 35.300691 ] } },
{ "type": "Feature", "properties": { "fid": 1189, "mm_id": 1016201, "name": "ΗΜΕΡΗΣΙΟ ΓΥΜΝΑΣΙΟ ΠΑΝΟΡΜΟΥ ΡΕΘΥΜΝΟΥ" }, "geometry": { "type": "Point", "coordinates": [ 24.688537, 35.416631 ] } },
{ "type": "Feature", "properties": { "fid": 1190, "mm_id": 1016202, "name": "ΗΜΕΡΗΣΙΟ ΓΥΜΝΑΣΙΟ ΠΕΡΑΜΑΤΟΣ ΡΕΘΥΜΝΟΥ" }, "geometry": { "type": "Point", "coordinates": [ 24.702521, 35.368356 ] } },
{ "type": "Feature", "properties": { "fid": 1191, "mm_id": 1016205, "name": "ΗΜΕΡΗΣΙΟ ΓΥΜΝΑΣΙΟ ΣΠΗΛΙΟΥ" }, "geometry": { "type": "Point", "coordinates": [ 24.531398, 35.22022 ] } },
{ "type": "Feature", "properties": { "fid": 1192, "mm_id": 1016213, "name": "ΗΜΕΡΗΣΙΟ ΓΥΜΝΑΣΙΟ ΣΥΒΡΙΤΟΥ ΡΕΘΥΜΝΟΥ" }, "geometry": { "type": "Point", "coordinates": [ 24.636028, 35.252231 ] } },
{ "type": "Feature", "properties": { "fid": 1193, "mm_id": 1016209, "name": "ΗΜΕΡΗΣΙΟ ΓΥΜΝΑΣΙΟ ΦΟΥΡΦΟΥΡΑ ΡΕΘΥΜΝΟΥ" }, "geometry": { "type": "Point", "coordinates": [ 24.712755, 35.214558 ] } },
{ "type": "Feature", "properties": { "fid": 1194, "mm_id": 1016196, "name": "ΜΟΥΣΙΚΟ ΓΥΜΝΑΣΙΟ ΡΕΘΥΜΝΟΥ" }, "geometry": { "type": "Point", "coordinates": [ 24.482362, 35.364389 ] } },
{ "type": "Feature", "properties": { "fid": 1195, "mm_id": 1016195, "name": "ΠΕΙΡΑΜΑΤΙΚΟ ΓΥΜΝΑΣΙΟ ΡΕΘΥΜΝΟΥ ΠΑΝΕΠΙΣΤΗΜΙΟΥ ΚΡΗΤΗΣ" }, "geometry": { "type": "Point", "coordinates": [ 24.501738, 35.365261 ] } },
{ "type": "Feature", "properties": { "fid": 1196, "mm_id": 1001052, "name": "1ο ΗΜΕΡΗΣΙΟ ΓΥΜΝΑΣΙΟ ΑΡΓΟΣΤΟΛΙΟΥ ΚΕΦΑΛΛΟΝΙΑΣ - ΚΟΡΓΙΑΛΕΝΕΙΟ" }, "geometry": { "type": "Point", "coordinates": [ 20.485575, 38.177549 ] } },
{ "type": "Feature", "properties": { "fid": 1197, "mm_id": 1014219, "name": "2ο ΗΜΕΡΗΣΙΟ ΓΥΜΝΑΣΙΟ ΑΡΓΟΣΤΟΛΙΟΥ \"ΙΩΣΗΦ ΜΟΜΦΕΡΡΑΤΟΣ\" (2501020)" }, "geometry": { "type": "Point", "coordinates": [ 20.485774, 38.18307 ] } },
{ "type": "Feature", "properties": { "fid": 1198, "mm_id": 1013242, "name": "3ο ΗΜΕΡΗΣΙΟ ΓΥΜΝΑΣΙΟ ΑΡΓΟΣΤΟΛΙΟΥ ΚΕΦΑΛΟΝΙΑΣ \"ΡΟΚΚΟΣ ΧΟΪΔΑΣ\"" }, "geometry": { "type": "Point", "coordinates": [ 20.485609, 38.178614 ] } },
{ "type": "Feature", "properties": { "fid": 1199, "mm_id": 1001058, "name": "ΓΥΜΝΑΣΙΟ ΜΕ ΛΥΚΕΙΑΚΕΣ ΤΑΞΕΙΣ ΜΕΣΟΒΟΥΝΙΩΝ ΚΕΦΑΛΟΝΙΑΣ" }, "geometry": { "type": "Point", "coordinates": [ 20.569388, 38.407391 ] } },
{ "type": "Feature", "properties": { "fid": 1200, "mm_id": 1025352, "name": "ΕΝΙΑΙΟ ΕΙΔΙΚΟ ΕΠΑΓΓΕΛΜΑΤΙΚΟ ΓΥΜΝΑΣΙΟ-ΛΥΚΕΙΟ ΚΕΦΑΛΟΝΙΑΣ" }, "geometry": { "type": "Point", "coordinates": [ 20.485716, 38.177367 ] } },
{ "type": "Feature", "properties": { "fid": 1201, "mm_id": 1001053, "name": "ΕΣΠΕΡΙΝΟ ΓΥΜΝΑΣΙΟ - ΤΑΞΕΙΣ ΛΥΚΕΙΟΥ ΑΡΓΟΣΤΟΛΙΟΥ" }, "geometry": { "type": "Point", "coordinates": [ 20.485344, 38.178509 ] } },
{ "type": "Feature", "properties": { "fid": 1202, "mm_id": 1001054, "name": "ΗΜΕΡΗΣΙΟ ΒΑΛΛΙΑΝΕΙΟ ΓΥΜΝΑΣΙΟ ΚΕΡΑΜΕΙΩΝ ΚΕΦΑΛΟΝΙΑΣ" }, "geometry": { "type": "Point", "coordinates": [ 20.562305, 38.118698 ] } },
{ "type": "Feature", "properties": { "fid": 1203, "mm_id": 1014220, "name": "ΗΜΕΡΗΣΙΟ ΓΥΜΝΑΣΙΟ  ΛΗΞΟΥΡΙΟΥ-ΠΕΤΡΙΤΣΕΙΟ" }, "geometry": { "type": "Point", "coordinates": [ 20.437531, 38.20342 ] } },
{ "type": "Feature", "properties": { "fid": 1204, "mm_id": 1014290, "name": "ΗΜΕΡΗΣΙΟ ΓΥΜΝΑΣΙΟ ΑΓΙΑΣ ΘΕΚΛΗΣ ΚΕΦΑΛΛΟΝΙΑΣ - ΓΥΜΝΑΣΙΟ ΑΓΙΑΣ ΘΕΚΛΗΣ" }, "geometry": { "type": "Point", "coordinates": [ 20.38456, 38.245423 ] } },
{ "type": "Feature", "properties": { "fid": 1205, "mm_id": 1014221, "name": "ΗΜΕΡΗΣΙΟ ΓΥΜΝΑΣΙΟ ΠΑΣΤΡΑΣ ΚΕΦΑΛΛΟΝΙΑΣ - ΓΥΜΝΑΣΙΟ ΠΑΣΤΡΑΣ" }, "geometry": { "type": "Point", "coordinates": [ 20.759117, 38.084398 ] } },
{ "type": "Feature", "properties": { "fid": 1206, "mm_id": 1001055, "name": "ΗΜΕΡΗΣΙΟ ΓΥΜΝΑΣΙΟ ΣΑΜΗΣ ΚΕΦΑΛΟΝΙΑΣ - ΓΥΜΝΑΣΙΟ ΣΑΜΗΣ" }, "geometry": { "type": "Point", "coordinates": [ 20.641967, 38.248213 ] } },
{ "type": "Feature", "properties": { "fid": 1207, "mm_id": 1026311, "name": "ΜΟΥΣΙΚΟ ΓΥΜΝΑΣΙΟ ΚΕΦΑΛΟΝΙΑΣ" }, "geometry": { "type": "Point", "coordinates": [ 20.436071, 38.208036 ] } },
{ "type": "Feature", "properties": { "fid": 1208, "mm_id": 1000740, "name": "\"ΓΥΜΝΑΣΙΟ ΑΝΑΓΕΝΝΗΣΗ\"" }, "geometry": { "type": "Point", "coordinates": [ 21.760799, 38.236174 ] } },
{ "type": "Feature", "properties": { "fid": 1209, "mm_id": 1014710, "name": "10ο ΗΜΕΡΗΣΙΟ ΓΥΜΝΑΣΙΟ ΠΑΤΡΑΣ" }, "geometry": { "type": "Point", "coordinates": [ 21.736701, 38.216651 ] } },
{ "type": "Feature", "properties": { "fid": 1210, "mm_id": 1017914, "name": "11ο ΗΜΕΡΗΣΙΟ ΓΥΜΝΑΣΙΟ ΠΑΤΡΑΣ - \"Δ. ΣΙΦΑΚΑΚΗΣ\"" }, "geometry": { "type": "Point", "coordinates": [ 21.743789, 38.221649 ] } },
{ "type": "Feature", "properties": { "fid": 1211, "mm_id": 1014705, "name": "12ο ΗΜΕΡΗΣΙΟ ΓΥΜΝΑΣΙΟ ΠΑΤΡΩΝ" }, "geometry": { "type": "Point", "coordinates": [ 21.738808, 38.228924 ] } },
{ "type": "Feature", "properties": { "fid": 1212, "mm_id": 1014706, "name": "13ο ΗΜΕΡΗΣΙΟ ΓΥΜΝΑΣΙΟ ΠΑΤΡΑΣ" }, "geometry": { "type": "Point", "coordinates": [ 21.758233, 38.273157 ] } },
{ "type": "Feature", "properties": { "fid": 1213, "mm_id": 1014718, "name": "14ο ΗΜΕΡΗΣΙΟ ΓΥΜΝΑΣΙΟ ΠΑΤΡΩΝ" }, "geometry": { "type": "Point", "coordinates": [ 21.716729, 38.21114 ] } },
{ "type": "Feature", "properties": { "fid": 1214, "mm_id": 1014719, "name": "15ο ΗΜΕΡΗΣΙΟ ΓΥΜΝΑΣΙΟ ΠΑΤΡΩΝ" }, "geometry": { "type": "Point", "coordinates": [ 21.752831, 38.262168 ] } },
{ "type": "Feature", "properties": { "fid": 1215, "mm_id": 1014720, "name": "16ο ΗΜΕΡΗΣΙΟ ΓΥΜΝΑΣΙΟ ΠΑΤΡΩΝ" }, "geometry": { "type": "Point", "coordinates": [ 21.765653, 38.275358 ] } },
{ "type": "Feature", "properties": { "fid": 1216, "mm_id": 1014721, "name": "17ο ΗΜΕΡΗΣΙΟ ΓΥΜΝΑΣΙΟ ΠΑΤΡΩΝ" }, "geometry": { "type": "Point", "coordinates": [ 21.755023, 38.234396 ] } },
{ "type": "Feature", "properties": { "fid": 1217, "mm_id": 1014722, "name": "18ο ΓΥΜΝΑΣΙΟ ΠΑΤΡΩΝ ΚΑΙ ΤΑΞΕΙΣ ΓΥΜΝΑΣΙΟΥ ΚΑΙ ΛΥΚΕΙΟΥ ΚΩΦΩΝ ΚΑΙ ΒΑΡΗΚΟΩΝ" }, "geometry": { "type": "Point", "coordinates": [ 21.754578, 38.244083 ] } },
{ "type": "Feature", "properties": { "fid": 1218, "mm_id": 1014726, "name": "19ο ΗΜΕΡΗΣΙΟ ΓΥΜΝΑΣΙΟ ΠΑΤΡΩΝ" }, "geometry": { "type": "Point", "coordinates": [ 21.726035, 38.214293 ] } },
{ "type": "Feature", "properties": { "fid": 1219, "mm_id": 1014716, "name": "1ο ΕΣΠΕΡΙΝΟ ΓΥΜΝΑΣΙΟ ΠΑΤΡΩΝ" }, "geometry": { "type": "Point", "coordinates": [ 21.739423, 38.248148 ] } },
{ "type": "Feature", "properties": { "fid": 1220, "mm_id": 1014733, "name": "1ο ΗΜΕΡΗΣΙΟ ΓΥΜΝΑΣΙΟ ΑΙΓΙΟΥ" }, "geometry": { "type": "Point", "coordinates": [ 22.079248, 38.2514 ] } },
{ "type": "Feature", "properties": { "fid": 1221, "mm_id": 1014758, "name": "1ο ΗΜΕΡΗΣΙΟ ΓΥΜΝΑΣΙΟ ΒΡΑΧΝΑΙΙΚΩΝ" }, "geometry": { "type": "Point", "coordinates": [ 21.671753, 38.164899 ] } },
{ "type": "Feature", "properties": { "fid": 1222, "mm_id": 1014749, "name": "1ο ΗΜΕΡΗΣΙΟ ΓΥΜΝΑΣΙΟ ΜΑΖΑΡΑΚΙΟΥ ΑΧΑΪΑΣ" }, "geometry": { "type": "Point", "coordinates": [ 21.655568, 38.063978 ] } },
{ "type": "Feature", "properties": { "fid": 1223, "mm_id": 1014724, "name": "1ο ΗΜΕΡΗΣΙΟ ΓΥΜΝΑΣΙΟ ΠΑΡΑΛΙΑΣ ΠΑΤΡΩΝ" }, "geometry": { "type": "Point", "coordinates": [ 21.699764, 38.199453 ] } },
{ "type": "Feature", "properties": { "fid": 1224, "mm_id": 1014701, "name": "1ο ΗΜΕΡΗΣΙΟ ΓΥΜΝΑΣΙΟ ΠΑΤΡΩΝ" }, "geometry": { "type": "Point", "coordinates": [ 21.740685, 38.256728 ] } },
{ "type": "Feature", "properties": { "fid": 1225, "mm_id": 1014727, "name": "20ο ΗΜΕΡΗΣΙΟ ΓΥΜΝΑΣΙΟ ΠΑΤΡΩΝ" }, "geometry": { "type": "Point", "coordinates": [ 21.77304, 38.208713 ] } },
{ "type": "Feature", "properties": { "fid": 1226, "mm_id": 1014728, "name": "21ο ΗΜΕΡΗΣΙΟ ΓΥΜΝΑΣΙΟ ΠΑΤΡΩΝ" }, "geometry": { "type": "Point", "coordinates": [ 21.74944, 38.263543 ] } },
{ "type": "Feature", "properties": { "fid": 1227, "mm_id": 1014734, "name": "2ο ΓΥΜΝΑΣΙΟ ΑΙΓΙΟΥ" }, "geometry": { "type": "Point", "coordinates": [ 22.079808, 38.25151 ] } },
{ "type": "Feature", "properties": { "fid": 1228, "mm_id": 1014717, "name": "2ο ΕΣΠΕΡΙΝΟ ΓΥΜΝΑΣΙΟ ΠΑΤΡΩΝ" }, "geometry": { "type": "Point", "coordinates": [ 21.746286, 38.230545 ] } },
{ "type": "Feature", "properties": { "fid": 1229, "mm_id": 1014725, "name": "2ο ΗΜΕΡΗΣΙΟ ΓΥΜΝΑΣΙΟ ΠΑΡΑΛΙΑΣ ΠΑΤΡΩΝ" }, "geometry": { "type": "Point", "coordinates": [ 21.710604, 38.192165 ] } },
{ "type": "Feature", "properties": { "fid": 1230, "mm_id": 1018025, "name": "2ο ΗΜΕΡΗΣΙΟ ΓΥΜΝΑΣΙΟ ΠΑΤΡΑΣ" }, "geometry": { "type": "Point", "coordinates": [ 21.730224, 38.243266 ] } },
{ "type": "Feature", "properties": { "fid": 1231, "mm_id": 1014736, "name": "3ο ΗΜΕΡΗΣΙΟ ΓΥΜΝΑΣΙΟ ΑΙΓΙΟΥ" }, "geometry": { "type": "Point", "coordinates": [ 22.097775, 38.247292 ] } },
{ "type": "Feature", "properties": { "fid": 1232, "mm_id": 1014702, "name": "3ο ΗΜΕΡΗΣΙΟ ΓΥΜΝΑΣΙΟ ΠΑΤΡΩΝ" }, "geometry": { "type": "Point", "coordinates": [ 21.73529, 38.239688 ] } },
{ "type": "Feature", "properties": { "fid": 1233, "mm_id": 1014737, "name": "4ο ΗΜΕΡΗΣΙΟ ΓΥΜΝΑΣΙΟ ΑΙΓΙΟΥ" }, "geometry": { "type": "Point", "coordinates": [ 22.081361, 38.239715 ] } },
{ "type": "Feature", "properties": { "fid": 1234, "mm_id": 1014703, "name": "4ο ΗΜΕΡΗΣΙΟ ΓΥΜΝΑΣΙΟ ΠΑΤΡΑΣ" }, "geometry": { "type": "Point", "coordinates": [ 21.746537, 38.237251 ] } },
{ "type": "Feature", "properties": { "fid": 1235, "mm_id": 1014712, "name": "5ο ΗΜΕΡΗΣΙΟ ΓΥΜΝΑΣΙΟ ΠΑΤΡΑΣ" }, "geometry": { "type": "Point", "coordinates": [ 21.746413, 38.237914 ] } },
{ "type": "Feature", "properties": { "fid": 1236, "mm_id": 1014713, "name": "6ο ΗΜΕΡΗΣΙΟ ΓΥΜΝΑΣΙΟ ΠΑΤΡΩΝ" }, "geometry": { "type": "Point", "coordinates": [ 21.741468, 38.257132 ] } },
{ "type": "Feature", "properties": { "fid": 1237, "mm_id": 1014714, "name": "7ο ΗΜΕΡΗΣΙΟ ΓΥΜΝΑΣΙΟ ΠΑΤΡΑΣ" }, "geometry": { "type": "Point", "coordinates": [ 21.73529, 38.239688 ] } },
{ "type": "Feature", "properties": { "fid": 1238, "mm_id": 1014715, "name": "8ο ΗΜΕΡΗΣΙΟ ΓΥΜΝΑΣΙΟ ΠΑΤΡΩΝ" }, "geometry": { "type": "Point", "coordinates": [ 21.740131, 38.232477 ] } },
{ "type": "Feature", "properties": { "fid": 1239, "mm_id": 1014704, "name": "9ο ΗΜΕΡΗΣΙΟ ΓΥΜΝΑΣΙΟ ΠΑΤΡΩΝ" }, "geometry": { "type": "Point", "coordinates": [ 21.738919, 38.24798 ] } },
{ "type": "Feature", "properties": { "fid": 1240, "mm_id": 1020891, "name": "ΑΡΣΑΚΕΙΟ ΓΥΜΝΑΣΙΟ ΠΑΤΡΑΣ" }, "geometry": { "type": "Point", "coordinates": [ 21.817915, 38.301428 ] } },
{ "type": "Feature", "properties": { "fid": 1241, "mm_id": 1014732, "name": "ΓΥΜΝΑΣΙΟ ΑΓΙΟΥ ΒΑΣΙΛΕΙΟΥ ΑΧΑΪΑΣ" }, "geometry": { "type": "Point", "coordinates": [ 21.816775, 38.304316 ] } },
{ "type": "Feature", "properties": { "fid": 1242, "mm_id": 1014751, "name": "ΓΥΜΝΑΣΙΟ ΑΚΡΑΤΑΣ" }, "geometry": { "type": "Point", "coordinates": [ 22.320986, 38.154618 ] } },
{ "type": "Feature", "properties": { "fid": 1243, "mm_id": 1014779, "name": "ΕΝ.Ε.Ε.ΓΥ.- Λ. ΠΑΤΡΩΝ" }, "geometry": { "type": "Point", "coordinates": [ 21.750094, 38.254997 ] } },
{ "type": "Feature", "properties": { "fid": 1244, "mm_id": 1026896, "name": "Ενιαίο Ειδικό Επαγγελματικό Γυμνάσιο - Λύκειο (ΕΝ.Ε.Ε.ΓΥ.-Λ.) Αιγίου" }, "geometry": { "type": "Point", "coordinates": [ 22.089467, 38.243976 ] } },
{ "type": "Feature", "properties": { "fid": 1245, "mm_id": 1014738, "name": "ΕΣΠΕΡΙΝΟ ΓΥΜΝΑΣΙΟ ΑΙΓΙΟΥ" }, "geometry": { "type": "Point", "coordinates": [ 22.072205, 38.249532 ] } },
{ "type": "Feature", "properties": { "fid": 1246, "mm_id": 1014756, "name": "ΗΜΕΡΗΣΙΟ ΓΥΜΝΑΣΙΟ - Λ.Τ. ΦΑΡΩΝ ΑΧΑΪΑΣ" }, "geometry": { "type": "Point", "coordinates": [ 21.716165, 38.090115 ] } },
{ "type": "Feature", "properties": { "fid": 1247, "mm_id": 1014750, "name": "ΗΜΕΡΗΣΙΟ ΓΥΜΝΑΣΙΟ - ΛΥΚΕΙΑΚΕΣ ΤΑΞΕΙΣ ΧΑΛΑΝΔΡΙΤΣΑΣ ΑΧΑΪΑΣ" }, "geometry": { "type": "Point", "coordinates": [ 21.779439, 38.108842 ] } },
{ "type": "Feature", "properties": { "fid": 1248, "mm_id": 1014759, "name": "ΗΜΕΡΗΣΙΟ ΓΥΜΝΑΣΙΟ ΑΙΓΕΙΡΑΣ - ΓΥΜΝΑΣΙΟ ΑΙΓΕΙΡΑΣ" }, "geometry": { "type": "Point", "coordinates": [ 22.35848, 38.148119 ] } },
{ "type": "Feature", "properties": { "fid": 1249, "mm_id": 1014753, "name": "ΗΜΕΡΗΣΙΟ ΓΥΜΝΑΣΙΟ ΔΑΦΝΗ-ΚΑΛΑΒΡΥΤΩΝ - ΓΥΜΝΑΣΙΟ ΔΑΦΝΗΣ ΚΑΛΑΒΡΥΤΩΝ" }, "geometry": { "type": "Point", "coordinates": [ 22.020444, 37.816005 ] } },
{ "type": "Feature", "properties": { "fid": 1250, "mm_id": 1014711, "name": "ΗΜΕΡΗΣΙΟ ΓΥΜΝΑΣΙΟ ΔΕΜΕΝΙΚΩΝ ΑΧΑΪΑΣ" }, "geometry": { "type": "Point", "coordinates": [ 21.739945, 38.201552 ] } },
{ "type": "Feature", "properties": { "fid": 1251, "mm_id": 1014752, "name": "ΗΜΕΡΗΣΙΟ ΓΥΜΝΑΣΙΟ ΔΙΑΚΟΠΤΟΥ ΑΧΑΪΑΣ" }, "geometry": { "type": "Point", "coordinates": [ 22.200309, 38.194323 ] } },
{ "type": "Feature", "properties": { "fid": 1252, "mm_id": 1014745, "name": "ΗΜΕΡΗΣΙΟ ΓΥΜΝΑΣΙΟ ΕΡΥΜΑΝΘΕΙΑΣ ΑΧΑΪΑΣ" }, "geometry": { "type": "Point", "coordinates": [ 21.72856, 37.98046 ] } },
{ "type": "Feature", "properties": { "fid": 1253, "mm_id": 1014757, "name": "ΗΜΕΡΗΣΙΟ ΓΥΜΝΑΣΙΟ ΚΑΙ ΛΥΚΕΙΑΚΕΣ ΤΑΞΕΙΣ ΡΙΟΛΟΥ ΑΧΑΪΑΣ" }, "geometry": { "type": "Point", "coordinates": [ 21.455633, 38.054242 ] } },
{ "type": "Feature", "properties": { "fid": 1254, "mm_id": 1014740, "name": "ΗΜΕΡΗΣΙΟ ΓΥΜΝΑΣΙΟ ΚΑΛΑΒΡΥΤΩΝ - ΕΥΣΕΒΙΟΣ ΚΗΠΟΥΡΓΟΣ" }, "geometry": { "type": "Point", "coordinates": [ 22.112509, 38.033957 ] } },
{ "type": "Feature", "properties": { "fid": 1255, "mm_id": 1014735, "name": "ΗΜΕΡΗΣΙΟ ΓΥΜΝΑΣΙΟ ΚΑΜΑΡΩΝ ΑΧΑΪΑΣ" }, "geometry": { "type": "Point", "coordinates": [ 22.00399, 38.301152 ] } },
{ "type": "Feature", "properties": { "fid": 1256, "mm_id": 1014742, "name": "ΗΜΕΡΗΣΙΟ ΓΥΜΝΑΣΙΟ ΚΑΤΩ ΑΧΑΪΑΣ" }, "geometry": { "type": "Point", "coordinates": [ 21.559122, 38.14391 ] } },
{ "type": "Feature", "properties": { "fid": 1257, "mm_id": 1014709, "name": "ΗΜΕΡΗΣΙΟ ΓΥΜΝΑΣΙΟ ΚΑΤΩ ΚΑΣΤΡΙΤΣΙΟΥ" }, "geometry": { "type": "Point", "coordinates": [ 21.789452, 38.279707 ] } },
{ "type": "Feature", "properties": { "fid": 1258, "mm_id": 1014754, "name": "ΗΜΕΡΗΣΙΟ ΓΥΜΝΑΣΙΟ ΚΛΕΙΤΟΡΙΑΣ" }, "geometry": { "type": "Point", "coordinates": [ 22.123683, 37.898361 ] } },
{ "type": "Feature", "properties": { "fid": 1259, "mm_id": 1014743, "name": "ΗΜΕΡΗΣΙΟ ΓΥΜΝΑΣΙΟ ΛΑΚΚΟΠΕΤΡΑΣ ΑΧΑΪΑΣ" }, "geometry": { "type": "Point", "coordinates": [ 21.459675, 38.172377 ] } },
{ "type": "Feature", "properties": { "fid": 1260, "mm_id": 1014746, "name": "ΗΜΕΡΗΣΙΟ ΓΥΜΝΑΣΙΟ ΛΑΠΠΑ ΑΧΑΪΑΣ" }, "geometry": { "type": "Point", "coordinates": [ 21.419948, 38.093205 ] } },
{ "type": "Feature", "properties": { "fid": 1261, "mm_id": 1014748, "name": "ΗΜΕΡΗΣΙΟ ΓΥΜΝΑΣΙΟ ΛΟΥΣΙΚΩΝ ΑΧΑΪΑΣ" }, "geometry": { "type": "Point", "coordinates": [ 21.596832, 38.109447 ] } },
{ "type": "Feature", "properties": { "fid": 1262, "mm_id": 1014760, "name": "ΗΜΕΡΗΣΙΟ ΓΥΜΝΑΣΙΟ ΟΒΡΥΑΣ ΠΑΤΡΩΝ ΑΧΑΪΑΣ" }, "geometry": { "type": "Point", "coordinates": [ 21.722127, 38.188792 ] } },
{ "type": "Feature", "properties": { "fid": 1263, "mm_id": 1014761, "name": "ΗΜΕΡΗΣΙΟ ΓΥΜΝΑΣΙΟ ΡΙΟΥ ΠΑΤΡΑΣ ΑΧΑΪΑΣ" }, "geometry": { "type": "Point", "coordinates": [ 21.786091, 38.300433 ] } },
{ "type": "Feature", "properties": { "fid": 1264, "mm_id": 1014747, "name": "ΗΜΕΡΗΣΙΟ ΓΥΜΝΑΣΙΟ ΣΑΓΑΙΪΚΩΝ ΑΧΑΪΑΣ" }, "geometry": { "type": "Point", "coordinates": [ 21.472243, 38.106909 ] } },
{ "type": "Feature", "properties": { "fid": 1265, "mm_id": 1014731, "name": "ΗΜΕΡΗΣΙΟ ΓΥΜΝΑΣΙΟ ΣΑΡΑΒΑΛΙΟΥ ΑΧΑΪΑΣ" }, "geometry": { "type": "Point", "coordinates": [ 21.752262, 38.193125 ] } },
{ "type": "Feature", "properties": { "fid": 1266, "mm_id": 1014762, "name": "ΗΜΕΡΗΣΙΟ ΓΥΜΝΑΣΙΟ ΣΤΑΥΡΟΔΡΟΜΙΟΥ ΑΧΑΪΑΣ" }, "geometry": { "type": "Point", "coordinates": [ 21.680034, 37.939397 ] } },
{ "type": "Feature", "properties": { "fid": 1267, "mm_id": 1014755, "name": "ΗΜΕΡΗΣΙΟ ΓΥΜΝΑΣΙΟ ΨΩΦΙΔΑΣ ΑΧΑΪΑΣ" }, "geometry": { "type": "Point", "coordinates": [ 21.889847, 37.868573 ] } },
{ "type": "Feature", "properties": { "fid": 1268, "mm_id": 1027073, "name": "Ιδιωτικό Γυμνάσιο - ΘΕΜΕΛΙΟ SCHOOL" }, "geometry": { "type": "Point", "coordinates": [ 21.764399, 38.276813 ] } },
{ "type": "Feature", "properties": { "fid": 1269, "mm_id": 1014708, "name": "ΜΟΥΣΙΚΟ ΣΧΟΛΕΙΟ ΠΑΤΡΩΝ (ΜΟΥΣΙΚΟ ΓΥΜΝΑΣΙΟ - ΜΟΥΣΙΚΟ ΛΥΚΕΙΟ)" }, "geometry": { "type": "Point", "coordinates": [ 21.763037, 38.223055 ] } },
{ "type": "Feature", "properties": { "fid": 1270, "mm_id": 1014700, "name": "ΠΕΙΡΑΜΑΤΙΚΟ ΓΥΜΝΑΣΙΟ ΠΑΝΕΠΙΣΤΗΜΙΟΥ ΠΑΤΡΩΝ" }, "geometry": { "type": "Point", "coordinates": [ 21.790771, 38.280558 ] } },
{ "type": "Feature", "properties": { "fid": 1271, "mm_id": 1018917, "name": "ΠΡΟΤΥΠΟ ΓΥΜΝΑΣΙΟ ΠΑΤΡΩΝ" }, "geometry": { "type": "Point", "coordinates": [ 21.745852, 38.230358 ] } },
{ "type": "Feature", "properties": { "fid": 1272, "mm_id": 1013827, "name": "ΗΜΕΡΗΣΙΟ ΓΥΜΝΑΣΙΟ ΜΕ ΛΥΚΕΙΑΚΕΣ ΤΑΞΕΙΣ ΑΓΙΑΣ ΑΝΝΑΣ" }, "geometry": { "type": "Point", "coordinates": [ 23.399853, 38.859608 ] } }
]
}
