{
"type": "FeatureCollection",
"name": "lykeia_points",
"crs": { "type": "name", "properties": { "name": "urn:ogc:def:crs:OGC:1.3:CRS84" } },
"features": [
{ "type": "Feature", "properties": { "fid": 1, "mm_id": 1001152, "name": "ΓΕ.Λ. ΜΗΛΟΥ" }, "geometry": { "type": "Point", "coordinates": [ 24.426081, 36.743312 ] } },
{ "type": "Feature", "properties": { "fid": 2, "mm_id": 1012032, "name": "ΕΠΑ.Λ. ΜΗΛΟΥ" }, "geometry": { "type": "Point", "coordinates": [ 24.426882, 36.741283 ] } },
{ "type": "Feature", "properties": { "fid": 3, "mm_id": 1001131, "name": "ΕΠΑ.Λ. ΣΙΦΝΟΥ" }, "geometry": { "type": "Point", "coordinates": [ 24.725211, 36.969756 ] } },
{ "type": "Feature", "properties": { "fid": 4, "mm_id": 1000810, "name": "1ο ΗΜΕΡΗΣΙΟ ΓΕΝΙΚΟ ΛΥΚΕΙΟ ΚΑΛΥΜΝΟΥ - ΝΙΚΗΦΟΡΕΙΟ" }, "geometry": { "type": "Point", "coordinates": [ 26.971958, 36.956698 ] } },
{ "type": "Feature", "properties": { "fid": 5, "mm_id": 1000794, "name": "1ο ΗΜΕΡΗΣΙΟ ΕΠΑΛ ΚΑΛΥΜΝΟΥ - ΕΠΑΛ ΚΑΛΥΜΝΟΥ" }, "geometry": { "type": "Point", "coordinates": [ 26.963879, 36.958704 ] } },
{ "type": "Feature", "properties": { "fid": 6, "mm_id": 1000798, "name": "1ο ΗΜΕΡΗΣΙΟ ΕΠΑΛ ΛΕΡΟΥ" }, "geometry": { "type": "Point", "coordinates": [ 26.850144, 37.13077 ] } },
{ "type": "Feature", "properties": { "fid": 7, "mm_id": 1000800, "name": "1ο ΗΜΕΡΗΣΙΟ ΕΠΑΛ ΠΑΤΜΟΥ" }, "geometry": { "type": "Point", "coordinates": [ 26.540425, 37.315684 ] } },
{ "type": "Feature", "properties": { "fid": 8, "mm_id": 1000811, "name": "2ο ΗΜΕΡΗΣΙΟ ΓΕΝΙΚΟ ΛΥΚΕΙΟ ΚΑΛΥΜΝΟΥ" }, "geometry": { "type": "Point", "coordinates": [ 26.970564, 36.952197 ] } },
{ "type": "Feature", "properties": { "fid": 9, "mm_id": 1026968, "name": "ΕΣΠΕΡΙΝΟ ΕΠΑΛ ΚΑΛΥΜΝΟΥ" }, "geometry": { "type": "Point", "coordinates": [ 26.964095, 36.958491 ] } },
{ "type": "Feature", "properties": { "fid": 10, "mm_id": 1000813, "name": "ΗΜΕΡΗΣΙΟ ΓΕΝΙΚΟ ΛΥΚΕΙΟ ΛΕΡΟΥ - ΜΠΟΥΛΑΦΕΝΤΕΙΟ" }, "geometry": { "type": "Point", "coordinates": [ 26.855248, 37.153881 ] } },
{ "type": "Feature", "properties": { "fid": 11, "mm_id": 1000814, "name": "ΗΜΕΡΗΣΙΟ ΓΕΝΙΚΟ ΛΥΚΕΙΟ ΠΑΤΜΟΥ - ΓΕΝΝΕΙΟ" }, "geometry": { "type": "Point", "coordinates": [ 26.540407, 37.315578 ] } },
{ "type": "Feature", "properties": { "fid": 12, "mm_id": 1024702, "name": "ΠΡΟΤΥΠΟ ΕΚΚΛΗΣΙΑΣΤΙΚΟ ΓΥΜΝΑΣΙΟ-ΠΡΟΤΥΠΟ ΕΚΚΛΗΣΙΑΣΤΙΚΟ ΛΥΚΕΙΟ \nΤΗΣ ΠΑΤΜΙΑΔΟΣ ΕΚΚΛΗΣΙΑΣΤΙΚΗΣ ΣΧΟΛΗΣ" }, "geometry": { "type": "Point", "coordinates": [ 26.544331, 37.313568 ] } },
{ "type": "Feature", "properties": { "fid": 13, "mm_id": 1001149, "name": "ΓΕ.Λ. ΑΝΔΡΟΥ" }, "geometry": { "type": "Point", "coordinates": [ 24.935799, 37.8351 ] } },
{ "type": "Feature", "properties": { "fid": 14, "mm_id": 1001136, "name": "ΕΠΑ.Λ. ΑΝΔΡΟΥ-ΝΙΚΟΛΑΟΣ ΑΛΕΞΑΝΔΡΟΥ ΚΑΪΡΗΣ" }, "geometry": { "type": "Point", "coordinates": [ 24.93345, 37.835049 ] } },
{ "type": "Feature", "properties": { "fid": 15, "mm_id": 1001129, "name": "1ο ΗΜΕΡΗΣΙΟ ΕΠΑ.Λ. ΙΟΥ" }, "geometry": { "type": "Point", "coordinates": [ 25.278378, 36.723845 ] } },
{ "type": "Feature", "properties": { "fid": 16, "mm_id": 1001150, "name": "ΓΕΝΙΚΟ ΛΥΚΕΙΟ ΘΗΡΑΣ" }, "geometry": { "type": "Point", "coordinates": [ 25.435272, 36.417065 ] } },
{ "type": "Feature", "properties": { "fid": 17, "mm_id": 1027285, "name": "ΕΝΙΑΙΟ ΕΙΔΙΚΟ ΕΠΑΓΓΕΛΜΑΤΙΚΟ ΓΥΜΝΑΣΙΟ (ΕΝ.Ε.Ε.ΓΥ.-Λ.) ΘΗΡΑΣ" }, "geometry": { "type": "Point", "coordinates": [ 25.449891, 36.398343 ] } },
{ "type": "Feature", "properties": { "fid": 18, "mm_id": 1024646, "name": "ΕΣΠΕΡΙΝΟ ΕΠΑ.Λ. ΘΗΡΑΣ" }, "geometry": { "type": "Point", "coordinates": [ 25.438256, 36.386664 ] } },
{ "type": "Feature", "properties": { "fid": 19, "mm_id": 1011775, "name": "ΗΜΕΡΗΣΙΟ ΕΠΑΛ ΘΗΡΑΣ" }, "geometry": { "type": "Point", "coordinates": [ 25.438335, 36.386714 ] } },
{ "type": "Feature", "properties": { "fid": 20, "mm_id": 1012421, "name": "ΓΕΝΙΚΟ ΛΥΚΕΙΟ ΤΗΝΟΥ" }, "geometry": { "type": "Point", "coordinates": [ 25.167877, 37.539325 ] } },
{ "type": "Feature", "properties": { "fid": 21, "mm_id": 1001133, "name": "ΕΠΑ.Λ. ΤΗΝΟΥ" }, "geometry": { "type": "Point", "coordinates": [ 25.167945, 37.539159 ] } },
{ "type": "Feature", "properties": { "fid": 22, "mm_id": 1001142, "name": "ΕΝΙΑΙΟ ΕΙΔΙΚΟ ΕΠΑΓΓΕΛΜΑΤΙΚΟ ΓΥΜΝΑΣΙΟ - ΛΥΚΕΙΟ (ΕΝ.Ε.Ε.ΓΥ.-Λ.) ΣΥΡΟΥ" }, "geometry": { "type": "Point", "coordinates": [ 24.937477, 37.424779 ] } },
{ "type": "Feature", "properties": { "fid": 23, "mm_id": 1001146, "name": "ΕΣΠΕΡΙΝΟ ΕΠΑΛ ΣΥΡΟΥ - ΣΧΟΛΗ ΜΗΧΑΝΙΚΩΝ ΕΜΠΟΡΙΚΟΥ ΝΑΥΤΙΚΟΥ" }, "geometry": { "type": "Point", "coordinates": [ 24.937323, 37.424257 ] } },
{ "type": "Feature", "properties": { "fid": 24, "mm_id": 1001147, "name": "ΗΜΕΡΗΣΙΟ ΓΕ.Λ. ΣΥΡΟΥ" }, "geometry": { "type": "Point", "coordinates": [ 24.937371, 37.423957 ] } },
{ "type": "Feature", "properties": { "fid": 25, "mm_id": 1026763, "name": "Ιδιωτικό Λύκειο - ΒΑΜΒΑΚΑΡΕΙΟ ΓΕΝΙΚΟ ΛΥΚΕΙΟ" }, "geometry": { "type": "Point", "coordinates": [ 24.93931, 37.44825 ] } },
{ "type": "Feature", "properties": { "fid": 26, "mm_id": 1026977, "name": "Πρότυπο Επαγγελματικό Λύκειο (Π.ΕΠΑ.Λ.) Σύρου" }, "geometry": { "type": "Point", "coordinates": [ 24.937395, 37.424242 ] } },
{ "type": "Feature", "properties": { "fid": 27, "mm_id": 1000796, "name": "1ο ΗΜΕΡΗΣΙΟ ΕΠΑΛ ΚΑΡΠΑΘΟΥ" }, "geometry": { "type": "Point", "coordinates": [ 27.214436, 35.507544 ] } },
{ "type": "Feature", "properties": { "fid": 28, "mm_id": 1000812, "name": "ΗΜΕΡΗΣΙΟ ΓΕΝΙΚΟ ΛΥΚΕΙΟ ΑΠΕΡΙΟΥ" }, "geometry": { "type": "Point", "coordinates": [ 27.170962, 35.550355 ] } },
{ "type": "Feature", "properties": { "fid": 29, "mm_id": 1012188, "name": "ΕΠΑ.Λ. ΚΕΑΣ" }, "geometry": { "type": "Point", "coordinates": [ 24.340255, 37.637428 ] } },
{ "type": "Feature", "properties": { "fid": 30, "mm_id": 1001143, "name": "1o ΕΠΑ.Λ. Νάξου - Μιχάλης Κατσάνης" }, "geometry": { "type": "Point", "coordinates": [ 25.496105, 37.057969 ] } },
{ "type": "Feature", "properties": { "fid": 31, "mm_id": 1001127, "name": "1ο ΕΠΑ.Λ. ΑΜΟΡΓΟΥ" }, "geometry": { "type": "Point", "coordinates": [ 25.900507, 36.832239 ] } },
{ "type": "Feature", "properties": { "fid": 32, "mm_id": 1001153, "name": "ΓΕ.Λ. ΝΑΞΟΥ - \"ΜΑΝΩΛΗΣ ΓΛΕΖΟΣ\"" }, "geometry": { "type": "Point", "coordinates": [ 25.380146, 37.103128 ] } },
{ "type": "Feature", "properties": { "fid": 33, "mm_id": 1001154, "name": "ΓΕΝΙΚΟ ΛΥΚΕΙΟ ΤΡΑΓΑΙΑΣ" }, "geometry": { "type": "Point", "coordinates": [ 25.483642, 37.064477 ] } },
{ "type": "Feature", "properties": { "fid": 34, "mm_id": 1001134, "name": "ΕΝΙΑΙΟ ΕΙΔΙΚΟ ΕΠΑΓΓΕΛΜΑΤΙΚΟ ΓΥΜΝΑΣΙΟ - ΛΥΚΕΙΟ ΝΑΞΟΥ" }, "geometry": { "type": "Point", "coordinates": [ 25.495573, 37.057406 ] } },
{ "type": "Feature", "properties": { "fid": 35, "mm_id": 1026649, "name": "ΕΣΠΕΡΙΝΟ ΓΕΝΙΚΟ ΛΥΚΕΙΟ ΝΑΞΟΥ" }, "geometry": { "type": "Point", "coordinates": [ 25.380126, 37.1031 ] } },
{ "type": "Feature", "properties": { "fid": 36, "mm_id": 1026648, "name": "Εσπερινό ΕΠΑ.Λ. Νάξου" }, "geometry": { "type": "Point", "coordinates": [ 25.495729, 37.057789 ] } },
{ "type": "Feature", "properties": { "fid": 37, "mm_id": 1000804, "name": "1ο ΕΣΠΕΡΙΝΟ ΕΠΑΛ ΡΟΔΟΥ" }, "geometry": { "type": "Point", "coordinates": [ 28.232214, 36.430013 ] } },
{ "type": "Feature", "properties": { "fid": 38, "mm_id": 1000805, "name": "1ο ΗΜΕΡΗΣΙΟ ΓΕΝΙΚΟ ΛΥΚΕΙΟ ΡΟΔΟΥ - ΒΕΝΕΤΟΚΛΕΙΟ" }, "geometry": { "type": "Point", "coordinates": [ 28.223226, 36.436677 ] } },
{ "type": "Feature", "properties": { "fid": 39, "mm_id": 1000793, "name": "1ο ΗΜΕΡΗΣΙΟ ΕΠΑΛ ΡΟΔΟΥ" }, "geometry": { "type": "Point", "coordinates": [ 28.231933, 36.430146 ] } },
{ "type": "Feature", "properties": { "fid": 40, "mm_id": 1000795, "name": "1ο ΗΜΕΡΗΣΙΟ ΕΠΑΛ ΣΥΜΗΣ - ΕΠΑΛ ΣΥΜΗΣ" }, "geometry": { "type": "Point", "coordinates": [ 27.842581, 36.603239 ] } },
{ "type": "Feature", "properties": { "fid": 41, "mm_id": 1000806, "name": "2ο ΓΕΝΙΚΟ ΛΥΚΕΙΟ ΡΟΔΟΥ" }, "geometry": { "type": "Point", "coordinates": [ 28.228019, 36.437603 ] } },
{ "type": "Feature", "properties": { "fid": 42, "mm_id": 1000807, "name": "3ο ΗΜΕΡΗΣΙΟ ΓΕΝΙΚΟ ΛΥΚΕΙΟ ΡΟΔΟΥ" }, "geometry": { "type": "Point", "coordinates": [ 28.22193, 36.439699 ] } },
{ "type": "Feature", "properties": { "fid": 43, "mm_id": 1000818, "name": "4ο ΗΜΕΡΗΣΙΟ ΓΕΝΙΚΟ ΛΥΚΕΙΟ ΡΟΔΟΥ" }, "geometry": { "type": "Point", "coordinates": [ 28.208268, 36.421888 ] } },
{ "type": "Feature", "properties": { "fid": 44, "mm_id": 1012411, "name": "ΓΕΝΙΚΟ ΛΥΚΕΙΟ ΑΡΧΑΓΓΕΛΟΥ" }, "geometry": { "type": "Point", "coordinates": [ 28.116415, 36.215885 ] } },
{ "type": "Feature", "properties": { "fid": 45, "mm_id": 1027283, "name": "ΕΝΙΑΙΟ ΕΙΔΙΚΟ ΕΠΑΓΓΕΛΜΑΤΙΚΟ ΓΥΜΝΑΣΙΟ (ΕΝ.Ε.Ε.ΓΥ.-Λ.) ΑΡΧΑΓΓΕΛΟΥ" }, "geometry": { "type": "Point", "coordinates": [ 28.116945, 36.215507 ] } },
{ "type": "Feature", "properties": { "fid": 46, "mm_id": 1000797, "name": "ΕΝΙΑΙΟ ΕΙΔΙΚΟ ΕΠΑΓΓΕΛΜΑΤΙΚΟ ΓΥΜΝΑΣΙΟ-ΛΥΚΕΙΟ ΡΟΔΟΥ" }, "geometry": { "type": "Point", "coordinates": [ 28.228338, 36.435257 ] } },
{ "type": "Feature", "properties": { "fid": 47, "mm_id": 1012409, "name": "ΕΣΠΕΡΙΝΟ ΓΕΝΙΚΟ ΛΥΚΕΙΟ ΡΟΔΟΥ - ΒΕΝΕΤΟΚΛΕΙΟ" }, "geometry": { "type": "Point", "coordinates": [ 28.223256, 36.436527 ] } },
{ "type": "Feature", "properties": { "fid": 48, "mm_id": 1000809, "name": "ΗΜΕΡΗΣΙΟ ΓΕΝΙΚΟ ΛΥΚΕΙΟ ΑΦΑΝΤΟΥ ΡΟΔΟΥ" }, "geometry": { "type": "Point", "coordinates": [ 28.163188, 36.296964 ] } },
{ "type": "Feature", "properties": { "fid": 49, "mm_id": 1018192, "name": "ΗΜΕΡΗΣΙΟ ΓΕΝΙΚΟ ΛΥΚΕΙΟ ΙΑΛΥΣΟΥ ΡΟΔΟΥ" }, "geometry": { "type": "Point", "coordinates": [ 28.144173, 36.414843 ] } },
{ "type": "Feature", "properties": { "fid": 50, "mm_id": 1000808, "name": "ΗΜΕΡΗΣΙΟ ΓΕΝΙΚΟ ΛΥΚΕΙΟ ΚΡΕΜΑΣΤΗΣ ΡΟΔΟΥ - ΓΕΝΙΚΟ ΛΥΚΕΙΟ ΚΡΕΜΑΣΤΗΣ" }, "geometry": { "type": "Point", "coordinates": [ 28.119117, 36.40587 ] } },
{ "type": "Feature", "properties": { "fid": 51, "mm_id": 1012410, "name": "ΗΜΕΡΗΣΙΟ ΓΕΝΙΚΟ ΛΥΚΕΙΟ ΣΟΡΩΝΗΣ ΡΟΔΟΥ" }, "geometry": { "type": "Point", "coordinates": [ 28.005352, 36.362961 ] } },
{ "type": "Feature", "properties": { "fid": 52, "mm_id": 1012408, "name": "ΗΜΕΡΗΣΙΟ ΕΠΑ.Λ ΑΡΧΑΓΓΕΛΟΥ ΡΟΔΟΥ" }, "geometry": { "type": "Point", "coordinates": [ 28.116994, 36.216221 ] } },
{ "type": "Feature", "properties": { "fid": 53, "mm_id": 1018691, "name": "ΗΜΕΡΗΣΙΟ ΕΠΑΛ ΠΑΡΑΔΕΙΣΙΟΥ ΡΟΔΟΥ - ΕΠΑ.Λ ΠΑΡΑΔΕΙΣΙΟΥ" }, "geometry": { "type": "Point", "coordinates": [ 28.081547, 36.400913 ] } },
{ "type": "Feature", "properties": { "fid": 54, "mm_id": 1000815, "name": "ΙΔΙΩΤΙΚΟ ΓΕΝΙΚΟ ΛΥΚΕΙΟ ΕΚΠΑΙΔΕΥΤΗΡΙΑ ΔΩΔΕΚΑΝΗΣΟΥ - \"ΡΟΔΙΩΝ ΠΑΙΔΕΙΑ\"" }, "geometry": { "type": "Point", "coordinates": [ 28.206014, 36.419917 ] } },
{ "type": "Feature", "properties": { "fid": 55, "mm_id": 1024403, "name": "ΙΔΙΩΤΙΚΟ ΗΜΕΡΗΣΙΟ ΛΥΚΕΙΟ - ΙΔΙΩΤΙΚΑ ΕΚΠΑΙΔΕΥΤΗΡΙΑ ΡΟΔΟΥ ΠΥΘΑΓΟΡΑΣ" }, "geometry": { "type": "Point", "coordinates": [ 28.186087, 36.366046 ] } },
{ "type": "Feature", "properties": { "fid": 56, "mm_id": 1026969, "name": "ΠΡΟΤΥΠΟ ΕΠΑΓΓΕΛΜΑΤΙΚΟ ΛΥΚΕΙΟ ΡΟΔΟΥ Π.ΕΠΑ.Λ." }, "geometry": { "type": "Point", "coordinates": [ 28.190205, 36.414232 ] } },
{ "type": "Feature", "properties": { "fid": 57, "mm_id": 1001157, "name": "ΓΕ.Λ. ΜΥΚΟΝΟΥ" }, "geometry": { "type": "Point", "coordinates": [ 25.33758, 37.442399 ] } },
{ "type": "Feature", "properties": { "fid": 58, "mm_id": 1001125, "name": "ΕΠΑ.Λ. ΜΥΚΟΝΟΥ" }, "geometry": { "type": "Point", "coordinates": [ 25.337544, 37.442499 ] } },
{ "type": "Feature", "properties": { "fid": 59, "mm_id": 1027279, "name": "Εσπερινό ΕΠΑ.Λ. Μυκόνου" }, "geometry": { "type": "Point", "coordinates": [ 25.337312, 37.442645 ] } },
{ "type": "Feature", "properties": { "fid": 60, "mm_id": 1021355, "name": "ΙΔΙΩΤΙΚΑ ΕΚΠΑΙΔΕΥΤΗΡΙΑ ΜΥΚΟΝΟΥ ΣΥΓΧΡΟΝΗ ΠΑΙΔΕΙΑ - ΙΔΙΩΤΙΚΟ ΛΥΚΕΙΟ" }, "geometry": { "type": "Point", "coordinates": [ 25.35849, 37.467442 ] } },
{ "type": "Feature", "properties": { "fid": 61, "mm_id": 1001155, "name": "ΓΕ.Λ.  ΠΑΡΟΥ" }, "geometry": { "type": "Point", "coordinates": [ 25.151986, 37.08483 ] } },
{ "type": "Feature", "properties": { "fid": 62, "mm_id": 1001156, "name": "ΓΕ.Λ. ΝΑΟΥΣΑΣ ΠΑΡΟΥ" }, "geometry": { "type": "Point", "coordinates": [ 25.233137, 37.118672 ] } },
{ "type": "Feature", "properties": { "fid": 63, "mm_id": 1026343, "name": "Ενιαίο Ειδικό Επαγγελματικό Γυμνάσιο- Λύκειο (ΕΝ.Ε.Ε.ΓΥ.-Λ.) Πάρου" }, "geometry": { "type": "Point", "coordinates": [ 25.186712, 37.11375 ] } },
{ "type": "Feature", "properties": { "fid": 64, "mm_id": 1001138, "name": "ΕΠΑ.Λ. ΠΑΡΟΥ" }, "geometry": { "type": "Point", "coordinates": [ 25.162246, 37.092499 ] } },
{ "type": "Feature", "properties": { "fid": 65, "mm_id": 1027102, "name": "Εσπερινό ΕΠΑ.Λ  Πάρου" }, "geometry": { "type": "Point", "coordinates": [ 25.160614, 37.091384 ] } },
{ "type": "Feature", "properties": { "fid": 66, "mm_id": 1012412, "name": "1ο ΗΜΕΡΗΣΙΟ ΓΕΝΙΚΟ ΛΥΚΕΙΟ ΚΩ  \"ΙΠΠΟΚΡΑΤΕΙΟ\"" }, "geometry": { "type": "Point", "coordinates": [ 27.292035, 36.892865 ] } },
{ "type": "Feature", "properties": { "fid": 67, "mm_id": 1012144, "name": "1ο ΗΜΕΡΗΣΙΟ ΕΠΑΛ ΚΩ" }, "geometry": { "type": "Point", "coordinates": [ 27.280664, 36.900489 ] } },
{ "type": "Feature", "properties": { "fid": 68, "mm_id": 1000819, "name": "2ο ΗΜΕΡΗΣΙΟ ΓΕΝΙΚΟ ΛΥΚΕΙΟ ΚΩ - \"ΟΔΥΣΣΕΑΣ ΕΛΥΤΗΣ\"" }, "geometry": { "type": "Point", "coordinates": [ 27.279856, 36.89316 ] } },
{ "type": "Feature", "properties": { "fid": 69, "mm_id": 1027098, "name": "ΕΣΠΕΡΙΝΟ ΕΠΑΛ ΚΩ" }, "geometry": { "type": "Point", "coordinates": [ 27.280519, 36.900249 ] } },
{ "type": "Feature", "properties": { "fid": 70, "mm_id": 1018790, "name": "ΗΜΕΡΗΣΙΟ ΓΕΝΙΚΟ ΛΥΚΕΙΟ ΑΝΤΙΜΑΧΕΙΑΣ ΚΩ" }, "geometry": { "type": "Point", "coordinates": [ 27.088017, 36.804404 ] } },
{ "type": "Feature", "properties": { "fid": 71, "mm_id": 1025333, "name": "ΗΜΕΡΗΣΙΟ ΓΕΝΙΚΟ ΛΥΚΕΙΟ ΖΗΠΑΡΙΟΥ" }, "geometry": { "type": "Point", "coordinates": [ 27.215306, 36.881687 ] } },
{ "type": "Feature", "properties": { "fid": 72, "mm_id": 1014487, "name": "1ο ΗΜΕΡΗΣΙΟ ΓΕΝΙΚΟ ΛΥΚΕΙΟ ΑΓΡΙΝΙΟΥ" }, "geometry": { "type": "Point", "coordinates": [ 21.415713, 38.632824 ] } },
{ "type": "Feature", "properties": { "fid": 73, "mm_id": 1014493, "name": "1ο ΗΜΕΡΗΣΙΟ ΓΕΝΙΚΟ ΛΥΚΕΙΟ ΜΕΣΟΛΟΓΓΙΟΥ - ΠΑΛΑΜΑΪΚΗ ΣΧΟΛΗ" }, "geometry": { "type": "Point", "coordinates": [ 21.42449, 38.36439 ] } },
{ "type": "Feature", "properties": { "fid": 74, "mm_id": 1014501, "name": "1ο ΗΜΕΡΗΣΙΟ ΓΕΝΙΚΟ ΛΥΚΕΙΟ ΝΑΥΠΑΚΤΟΥ - ΑΓΕΛΑΟΣ Ο ΝΑΥΠΑΚΤΙΟΣ" }, "geometry": { "type": "Point", "coordinates": [ 21.82363, 38.390665 ] } },
{ "type": "Feature", "properties": { "fid": 75, "mm_id": 1014472, "name": "1ο ΗΜΕΡΗΣΙΟ ΕΠΑΛ ΑΓΡΙΝΙΟΥ" }, "geometry": { "type": "Point", "coordinates": [ 21.390681, 38.637305 ] } },
{ "type": "Feature", "properties": { "fid": 76, "mm_id": 1014474, "name": "1ο ΗΜΕΡΗΣΙΟ ΕΠΑΛ ΑΜΦΙΛΟΧΙΑΣ" }, "geometry": { "type": "Point", "coordinates": [ 21.163553, 38.849347 ] } },
{ "type": "Feature", "properties": { "fid": 77, "mm_id": 1014479, "name": "1ο ΗΜΕΡΗΣΙΟ ΕΠΑΛ ΒΟΝΙΤΣΑΣ ΑΙΤΩΛΟΑΚΑΡΝΑΝΙΑΣ" }, "geometry": { "type": "Point", "coordinates": [ 20.885546, 38.915206 ] } },
{ "type": "Feature", "properties": { "fid": 78, "mm_id": 1014478, "name": "1ο ΗΜΕΡΗΣΙΟ ΕΠΑΛ ΚΑΙΝΟΥΡΓΙΟΥ - ΕΠΑΛ ΚΑΙΝΟΥΡΓΙΟΥ" }, "geometry": { "type": "Point", "coordinates": [ 21.483599, 38.603939 ] } },
{ "type": "Feature", "properties": { "fid": 79, "mm_id": 1014485, "name": "1ο ΗΜΕΡΗΣΙΟ ΕΠΑΛ ΚΑΤΟΧΗΣ ΑΙΤΩΛΟΑΚΑΡΝΑΝΙΑΣ" }, "geometry": { "type": "Point", "coordinates": [ 21.25279, 38.412522 ] } },
{ "type": "Feature", "properties": { "fid": 80, "mm_id": 1014477, "name": "1ο ΗΜΕΡΗΣΙΟ ΕΠΑΛ ΜΑΚΡΥΝΕΙΑΣ" }, "geometry": { "type": "Point", "coordinates": [ 21.461156, 38.524839 ] } },
{ "type": "Feature", "properties": { "fid": 81, "mm_id": 1014476, "name": "1ο ΗΜΕΡΗΣΙΟ ΕΠΑΛ ΜΕΣΟΛΟΓΓΙΟΥ" }, "geometry": { "type": "Point", "coordinates": [ 21.437015, 38.367827 ] } },
{ "type": "Feature", "properties": { "fid": 82, "mm_id": 1014475, "name": "1ο ΗΜΕΡΗΣΙΟ ΕΠΑΛ ΝΑΥΠΑΚΤΟΥ" }, "geometry": { "type": "Point", "coordinates": [ 21.82258, 38.392046 ] } },
{ "type": "Feature", "properties": { "fid": 83, "mm_id": 1014488, "name": "2ο ΗΜΕΡΗΣΙΟ ΓΕΝΙΚΟ ΛΥΚΕΙΟ ΑΓΡΙΝΙΟΥ" }, "geometry": { "type": "Point", "coordinates": [ 21.421983, 38.613925 ] } },
{ "type": "Feature", "properties": { "fid": 84, "mm_id": 1014494, "name": "2ο ΗΜΕΡΗΣΙΟ ΓΕΝΙΚΟ ΛΥΚΕΙΟ ΜΕΣΟΛΟΓΓΙΟΥ - \"ΣΧΟΛΗ ΕΛΛΗΝΙΚΩΝ ΜΑΘΗΜΑΤΩΝ\"" }, "geometry": { "type": "Point", "coordinates": [ 21.421294, 38.383977 ] } },
{ "type": "Feature", "properties": { "fid": 85, "mm_id": 1014502, "name": "2ο ΗΜΕΡΗΣΙΟ ΓΕΝΙΚΟ ΛΥΚΕΙΟ ΝΑΥΠΑΚΤΟΥ" }, "geometry": { "type": "Point", "coordinates": [ 21.822685, 38.391795 ] } },
{ "type": "Feature", "properties": { "fid": 86, "mm_id": 1014473, "name": "2ο ΗΜΕΡΗΣΙΟ ΕΠΑΛ ΑΓΡΙΝΙΟΥ" }, "geometry": { "type": "Point", "coordinates": [ 21.389988, 38.624027 ] } },
{ "type": "Feature", "properties": { "fid": 87, "mm_id": 1014490, "name": "3ο ΗΜΕΡΗΣΙΟ ΓΕΝΙΚΟ ΛΥΚΕΙΟ ΑΓΡΙΝΙΟΥ" }, "geometry": { "type": "Point", "coordinates": [ 21.40714, 38.621718 ] } },
{ "type": "Feature", "properties": { "fid": 88, "mm_id": 1014486, "name": "4ο ΗΜΕΡΗΣΙΟ ΓΕΝΙΚΟ ΛΥΚΕΙΟ ΑΓΡΙΝΙΟΥ" }, "geometry": { "type": "Point", "coordinates": [ 21.389752, 38.636867 ] } },
{ "type": "Feature", "properties": { "fid": 89, "mm_id": 1014509, "name": "5ο ΗΜΕΡΗΣΙΟ ΓΕΝΙΚΟ ΛΥΚΕΙΟ ΑΓΡΙΝΙΟΥ" }, "geometry": { "type": "Point", "coordinates": [ 21.390675, 38.62515 ] } },
{ "type": "Feature", "properties": { "fid": 90, "mm_id": 1024323, "name": "6ο ΗΜΕΡΗΣΙΟ ΓΕΝΙΚΟ ΛΥΚΕΙΟ ΑΓΡΙΝΙΟΥ- ΑΡΧΙΜΑΝΔΡΙΤΗΣ ΑΠΟΣΤΟΛΟΣ ΦΑΦΟΥΤΗΣ" }, "geometry": { "type": "Point", "coordinates": [ 21.419773, 38.630464 ] } },
{ "type": "Feature", "properties": { "fid": 91, "mm_id": 1014496, "name": "ΓΕΝΙΚΟ ΛΥΚΕΙΟ ΑΜΦΙΛΟΧΙΑΣ" }, "geometry": { "type": "Point", "coordinates": [ 21.164011, 38.857246 ] } },
{ "type": "Feature", "properties": { "fid": 92, "mm_id": 1014500, "name": "ΓΕΝΙΚΟ ΛΥΚΕΙΟ ΘΕΡΜΟΥ ΑΙΤΩΛΟΑΚΑΡΝΑΝΙΑΣ" }, "geometry": { "type": "Point", "coordinates": [ 21.665131, 38.565947 ] } },
{ "type": "Feature", "properties": { "fid": 93, "mm_id": 1014503, "name": "ΓΕΝΙΚΟ ΛΥΚΕΙΟ ΚΑΤΟΥΝΑΣ" }, "geometry": { "type": "Point", "coordinates": [ 21.114651, 38.78053 ] } },
{ "type": "Feature", "properties": { "fid": 94, "mm_id": 1014505, "name": "ΓΕΝΙΚΟ ΛΥΚΕΙΟ ΜΥΤΙΚΑ ΑΙΤΩΛΟΑΚΑΡΝΑΝΙΑΣ" }, "geometry": { "type": "Point", "coordinates": [ 20.947195, 38.670177 ] } },
{ "type": "Feature", "properties": { "fid": 95, "mm_id": 1014453, "name": "ΕΝΙΑΙΟ ΕΙΔΙΚΟ ΕΠΑΓΓΕΛΜΑΤΙΚΟ ΓΥΜΝΑΣΙΟ - ΛΥΚΕΙΟ ΑΓΡΙΝΙΟΥ" }, "geometry": { "type": "Point", "coordinates": [ 21.373453, 38.664366 ] } },
{ "type": "Feature", "properties": { "fid": 96, "mm_id": 1025258, "name": "ΕΝΙΑΙΟ ΕΙΔΙΚΟ ΕΠΑΓΓΕΛΜΑΤΙΚΟ ΓΥΜΝΑΣΙΟ - ΛΥΚΕΙΟ ΜΕΣΟΛΟΓΓΙΟΥ" }, "geometry": { "type": "Point", "coordinates": [ 21.424735, 38.364582 ] } },
{ "type": "Feature", "properties": { "fid": 97, "mm_id": 1024639, "name": "ΕΣΠΕΡΙΝΟ ΕΠΑ.Λ. ΑΓΡΙΝΙΟΥ" }, "geometry": { "type": "Point", "coordinates": [ 21.390319, 38.637027 ] } },
{ "type": "Feature", "properties": { "fid": 98, "mm_id": 1027045, "name": "ΕΣΠΕΡΙΝΟ ΕΠΑ.Λ. ΝΑΥΠΑΚΤΟΥ" }, "geometry": { "type": "Point", "coordinates": [ 21.834873, 38.392978 ] } },
{ "type": "Feature", "properties": { "fid": 99, "mm_id": 1014495, "name": "ΗΜΕΡΗΣΙΟ ΓΕΝΙΚΟ ΛΥΚΕΙΟ ΑΙΤΩΛΙΚΟΥ ΑΙΤΩΛΟΑΚΑΡΝΑΝΙΑΣ - ΕΥΓΕΝΙΟΣ ΓΙΑΝΝΟΥΛΗΣ" }, "geometry": { "type": "Point", "coordinates": [ 21.352563, 38.433931 ] } },
{ "type": "Feature", "properties": { "fid": 100, "mm_id": 1014497, "name": "ΗΜΕΡΗΣΙΟ ΓΕΝΙΚΟ ΛΥΚΕΙΟ ΑΣΤΑΚΟΥ ΑΙΤΩΛΟΑΚΑΡΝΑΝΙΑΣ" }, "geometry": { "type": "Point", "coordinates": [ 21.074364, 38.534242 ] } },
{ "type": "Feature", "properties": { "fid": 101, "mm_id": 1014498, "name": "ΗΜΕΡΗΣΙΟ ΓΕΝΙΚΟ ΛΥΚΕΙΟ ΒΟΝΙΤΣΑΣ ΑΙΤΩΛΟΑΚΑΡΝΑΝΙΑΣ" }, "geometry": { "type": "Point", "coordinates": [ 20.889172, 38.915143 ] } },
{ "type": "Feature", "properties": { "fid": 102, "mm_id": 1014499, "name": "ΗΜΕΡΗΣΙΟ ΓΕΝΙΚΟ ΛΥΚΕΙΟ ΓΑΒΑΛΟΥΣ ΑΙΤΩΛΟΑΚΑΡΝΑΝΙΑΣ" }, "geometry": { "type": "Point", "coordinates": [ 21.534201, 38.526826 ] } },
{ "type": "Feature", "properties": { "fid": 103, "mm_id": 1014508, "name": "ΗΜΕΡΗΣΙΟ ΓΕΝΙΚΟ ΛΥΚΕΙΟ ΕΜΠΕΣΟΥ ΑΙΤΩΛΟΑΚΑΡΝΑΝΙΑΣ" }, "geometry": { "type": "Point", "coordinates": [ 21.319852, 39.023415 ] } },
{ "type": "Feature", "properties": { "fid": 104, "mm_id": 1014506, "name": "ΗΜΕΡΗΣΙΟ ΓΕΝΙΚΟ ΛΥΚΕΙΟ ΕΥΗΝΟΧΩΡΙΟΥ ΑΙΤΩΛΟΑΚΑΡΝΑΝΙΑΣ" }, "geometry": { "type": "Point", "coordinates": [ 21.536086, 38.366391 ] } },
{ "type": "Feature", "properties": { "fid": 105, "mm_id": 1014507, "name": "ΗΜΕΡΗΣΙΟ ΓΕΝΙΚΟ ΛΥΚΕΙΟ ΜΑΤΑΡΑΓΚΑΣ ΑΙΤΩΛΟΑΚΑΡΝΑΝΙΑΣ" }, "geometry": { "type": "Point", "coordinates": [ 21.468446, 38.527298 ] } },
{ "type": "Feature", "properties": { "fid": 106, "mm_id": 1014504, "name": "ΗΜΕΡΗΣΙΟ ΓΕΝΙΚΟ ΛΥΚΕΙΟ ΝΕΟΧΩΡΙΟΥ ΑΙΤΩΛΟΑΚΑΡΝΑΝΙΑΣ" }, "geometry": { "type": "Point", "coordinates": [ 21.27769, 38.404633 ] } },
{ "type": "Feature", "properties": { "fid": 107, "mm_id": 1014492, "name": "ΗΜΕΡΗΣΙΟ ΓΕΝΙΚΟ ΛΥΚΕΙΟ ΠΑΝΑΙΤΩΛΙΟΥ ΑΙΤΩΛΟΑΚΑΡΝΑΝΙΑΣ" }, "geometry": { "type": "Point", "coordinates": [ 21.444857, 38.583286 ] } },
{ "type": "Feature", "properties": { "fid": 108, "mm_id": 1014491, "name": "ΗΜΕΡΗΣΙΟ ΓΕΝΙΚΟ ΛΥΚΕΙΟ ΠΑΡΑΒΟΛΑΣ ΑΙΤΩΛΟΑΚΑΡΝΑΝΙΑΣ" }, "geometry": { "type": "Point", "coordinates": [ 21.520921, 38.612136 ] } },
{ "type": "Feature", "properties": { "fid": 109, "mm_id": 1020895, "name": "ΙΔΙΩΤΙΚΟ ΓΕΛ \"ΠΑΝΑΓΙΑ ΠΡΟΥΣΙΩΤΙΣΣΑ\"" }, "geometry": { "type": "Point", "coordinates": [ 21.3832, 38.634806 ] } },
{ "type": "Feature", "properties": { "fid": 110, "mm_id": 1020996, "name": "Ιδιωτικό Λύκειο - ΣΥΓΧΡΟΝΑ ΕΚΠΑΙΔΕΥΤΗΡΙΑ ΚΟΤΡΩΝΗ" }, "geometry": { "type": "Point", "coordinates": [ 21.797794, 38.381852 ] } },
{ "type": "Feature", "properties": { "fid": 111, "mm_id": 1015075, "name": "1ο ΕΠΑΛ ΛΕΧΑΙΝΩΝ" }, "geometry": { "type": "Point", "coordinates": [ 21.260863, 37.940931 ] } },
{ "type": "Feature", "properties": { "fid": 112, "mm_id": 1015086, "name": "1ο ΗΜΕΡΗΣΙΟ ΓΕΝΙΚΟ ΛΥΚΕΙΟ ΑΜΑΛΙΑΔΑΣ ΗΛΕΙΑΣ - ΑΛΕΞΑΝΔΡΟΣ ΚΟΣΜΟΠΟΥΛΟΣ" }, "geometry": { "type": "Point", "coordinates": [ 21.362504, 37.803575 ] } },
{ "type": "Feature", "properties": { "fid": 113, "mm_id": 1015081, "name": "1ο ΗΜΕΡΗΣΙΟ ΓΕΝΙΚΟ ΛΥΚΕΙΟ ΠΥΡΓΟΥ ΗΛΕΙΑΣ" }, "geometry": { "type": "Point", "coordinates": [ 21.433709, 37.669868 ] } },
{ "type": "Feature", "properties": { "fid": 114, "mm_id": 1015077, "name": "1ο ΗΜΕΡΗΣΙΟ ΕΠΑΛ ΑΜΑΛΙΑΔΑΣ" }, "geometry": { "type": "Point", "coordinates": [ 21.335586, 37.807924 ] } },
{ "type": "Feature", "properties": { "fid": 115, "mm_id": 1015073, "name": "1ο ΗΜΕΡΗΣΙΟ ΕΠΑΛ ΚΡΕΣΤΕΝΩΝ - ΕΠΑΛ ΚΡΕΣΤΕΝΩΝ" }, "geometry": { "type": "Point", "coordinates": [ 21.626228, 37.592709 ] } },
{ "type": "Feature", "properties": { "fid": 116, "mm_id": 1015072, "name": "1ο ΗΜΕΡΗΣΙΟ ΕΠΑΛ ΠΥΡΓΟΥ" }, "geometry": { "type": "Point", "coordinates": [ 21.464746, 37.656614 ] } },
{ "type": "Feature", "properties": { "fid": 117, "mm_id": 1015087, "name": "2ο ΗΜΕΡΗΣΙΟ ΓΕΝΙΚΟ ΛΥΚΕΙΟ ΑΜΑΛΙΑΔΑΣ \"ΑΘΑΝΑΣΙΟΣ ΠΑΠΑΓΕΩΡΓΙΟΥ\"" }, "geometry": { "type": "Point", "coordinates": [ 21.339816, 37.796072 ] } },
{ "type": "Feature", "properties": { "fid": 118, "mm_id": 1015082, "name": "2ο ΗΜΕΡΗΣΙΟ ΓΕΝΙΚΟ ΛΥΚΕΙΟ ΠΥΡΓΟΥ ΗΛΕΙΑΣ" }, "geometry": { "type": "Point", "coordinates": [ 21.43569, 37.674058 ] } },
{ "type": "Feature", "properties": { "fid": 119, "mm_id": 1015074, "name": "2ο ΗΜΕΡΗΣΙΟ ΕΠΑΛ ΠΥΡΓΟΥ ΗΛΕΙΑΣ ΚΩΔΙΚΟΣ ΣΧΟΛΕΙΟΥ : 1540052" }, "geometry": { "type": "Point", "coordinates": [ 21.426434, 37.668913 ] } },
{ "type": "Feature", "properties": { "fid": 120, "mm_id": 1015083, "name": "3ο ΗΜΕΡΗΣΙΟ ΓΕΝΙΚΟ ΛΥΚΕΙΟ ΠΥΡΓΟΥ ΗΛΕΙΑΣ - Pierre de Coubertin" }, "geometry": { "type": "Point", "coordinates": [ 21.453128, 37.67229 ] } },
{ "type": "Feature", "properties": { "fid": 121, "mm_id": 1015084, "name": "4ο ΗΜΕΡΗΣΙΟ ΓΕΝΙΚΟ ΛΥΚΕΙΟ ΠΥΡΓΟΥ" }, "geometry": { "type": "Point", "coordinates": [ 21.432925, 37.67001 ] } },
{ "type": "Feature", "properties": { "fid": 122, "mm_id": 1015057, "name": "ΕΝΙΑΙΟ ΕΙΔΙΚΟ ΕΠΑΓΓΕΛΜΑΤΙΚΟ ΓΥΜΝΑΣΙΟ-ΛΥΚΕΙΟ ΠΥΡΓΟΥ" }, "geometry": { "type": "Point", "coordinates": [ 21.346995, 37.716434 ] } },
{ "type": "Feature", "properties": { "fid": 123, "mm_id": 1026826, "name": "ΕΣΠΕΡΙΝΟ ΓΕΝΙΚΟ ΛΥΚΕΙΟ ΖΑΧΑΡΩΣ" }, "geometry": { "type": "Point", "coordinates": [ 21.645187, 37.483125 ] } },
{ "type": "Feature", "properties": { "fid": 124, "mm_id": 1027099, "name": "Εσπερινό ΕΠΑ.Λ. Πύργου" }, "geometry": { "type": "Point", "coordinates": [ 21.426419, 37.669021 ] } },
{ "type": "Feature", "properties": { "fid": 125, "mm_id": 1015094, "name": "ΗΜΕΡΗΣΙΟ ΓΕΝΙΚΟ ΛΥΚΕΙΟ ΑΝΔΡΑΒΙΔΑΣ ΗΛΕΙΑΣ" }, "geometry": { "type": "Point", "coordinates": [ 21.270716, 37.902596 ] } },
{ "type": "Feature", "properties": { "fid": 126, "mm_id": 1015089, "name": "ΗΜΕΡΗΣΙΟ ΓΕΝΙΚΟ ΛΥΚΕΙΟ ΑΝΔΡΙΤΣΑΙΝΑΣ ΗΛΕΙΑΣ" }, "geometry": { "type": "Point", "coordinates": [ 21.908518, 37.484118 ] } },
{ "type": "Feature", "properties": { "fid": 127, "mm_id": 1015099, "name": "ΗΜΕΡΗΣΙΟ ΓΕΝΙΚΟ ΛΥΚΕΙΟ ΒΑΡΔΑΣ ΗΛΕΙΑΣ" }, "geometry": { "type": "Point", "coordinates": [ 21.372669, 38.031404 ] } },
{ "type": "Feature", "properties": { "fid": 128, "mm_id": 1015095, "name": "ΗΜΕΡΗΣΙΟ ΓΕΝΙΚΟ ΛΥΚΕΙΟ ΒΑΡΘΟΛΟΜΙΟΥ ΗΛΕΙΑΣ" }, "geometry": { "type": "Point", "coordinates": [ 21.210549, 37.859503 ] } },
{ "type": "Feature", "properties": { "fid": 129, "mm_id": 1015085, "name": "ΗΜΕΡΗΣΙΟ ΓΕΝΙΚΟ ΛΥΚΕΙΟ ΒΟΥΝΑΡΓΟΥ ΗΛΕΙΑΣ" }, "geometry": { "type": "Point", "coordinates": [ 21.413728, 37.738297 ] } },
{ "type": "Feature", "properties": { "fid": 130, "mm_id": 1015088, "name": "ΗΜΕΡΗΣΙΟ ΓΕΝΙΚΟ ΛΥΚΕΙΟ ΓΑΣΤΟΥΝΗΣ ΗΛΕΙΑΣ" }, "geometry": { "type": "Point", "coordinates": [ 21.25549, 37.847973 ] } },
{ "type": "Feature", "properties": { "fid": 131, "mm_id": 1015091, "name": "ΗΜΕΡΗΣΙΟ ΓΕΝΙΚΟ ΛΥΚΕΙΟ ΖΑΧΑΡΩΣ ΗΛΕΙΑΣ" }, "geometry": { "type": "Point", "coordinates": [ 21.645154, 37.48301 ] } },
{ "type": "Feature", "properties": { "fid": 132, "mm_id": 1015100, "name": "ΗΜΕΡΗΣΙΟ ΓΕΝΙΚΟ ΛΥΚΕΙΟ ΚΑΡΑΤΟΥΛΑ" }, "geometry": { "type": "Point", "coordinates": [ 21.537898, 37.739581 ] } },
{ "type": "Feature", "properties": { "fid": 133, "mm_id": 1015092, "name": "ΗΜΕΡΗΣΙΟ ΓΕΝΙΚΟ ΛΥΚΕΙΟ ΚΡΕΣΤΕΝΩΝ ΗΛΕΙΑΣ" }, "geometry": { "type": "Point", "coordinates": [ 21.614179, 37.591545 ] } },
{ "type": "Feature", "properties": { "fid": 134, "mm_id": 1015096, "name": "ΗΜΕΡΗΣΙΟ ΓΕΝΙΚΟ ΛΥΚΕΙΟ ΛΑΛΑΣ ΗΛΕΙΑΣ - ΓΕΝΙΚΟ ΛΥΚΕΙΟ ΛΑΛΑ" }, "geometry": { "type": "Point", "coordinates": [ 21.716122, 37.708937 ] } },
{ "type": "Feature", "properties": { "fid": 135, "mm_id": 1015093, "name": "ΗΜΕΡΗΣΙΟ ΓΕΝΙΚΟ ΛΥΚΕΙΟ ΛΕΧΑΙΝΩΝ ΗΛΕΙΑΣ" }, "geometry": { "type": "Point", "coordinates": [ 21.266119, 37.934499 ] } },
{ "type": "Feature", "properties": { "fid": 136, "mm_id": 1015097, "name": "ΗΜΕΡΗΣΙΟ ΓΕΝΙΚΟ ΛΥΚΕΙΟ ΝΕΑΣ ΦΙΓΑΛΕΙΑΣ" }, "geometry": { "type": "Point", "coordinates": [ 21.772944, 37.4445 ] } },
{ "type": "Feature", "properties": { "fid": 137, "mm_id": 1015090, "name": "ΗΜΕΡΗΣΙΟ ΓΕΝΙΚΟ ΛΥΚΕΙΟ ΠΕΛΟΠΙΟΥ ΗΛΕΙΑΣ" }, "geometry": { "type": "Point", "coordinates": [ 21.592046, 37.673866 ] } },
{ "type": "Feature", "properties": { "fid": 138, "mm_id": 1018196, "name": "ΗΜΕΡΗΣΙΟ ΓΕΝΙΚΟ ΛΥΚΕΙΟ ΣΙΜΟΠΟΥΛΟΥ ΗΛΕΙΑΣ" }, "geometry": { "type": "Point", "coordinates": [ 21.563061, 37.846924 ] } },
{ "type": "Feature", "properties": { "fid": 139, "mm_id": 1026971, "name": "Πρότυπο Επαγγελματικό Λύκειο (Π.ΕΠΑ.Λ.) Αμαλιάδας" }, "geometry": { "type": "Point", "coordinates": [ 21.334407, 37.809383 ] } },
{ "type": "Feature", "properties": { "fid": 140, "mm_id": 1014789, "name": "10ο ΗΜΕΡΗΣΙΟ ΓΕΝΙΚΟ ΛΥΚΕΙΟ ΠΑΤΡΩΝ" }, "geometry": { "type": "Point", "coordinates": [ 21.717237, 38.211216 ] } },
{ "type": "Feature", "properties": { "fid": 141, "mm_id": 1014796, "name": "11ο ΗΜΕΡΗΣΙΟ ΓΕΝΙΚΟ ΛΥΚΕΙΟ ΠΑΤΡΩΝ" }, "geometry": { "type": "Point", "coordinates": [ 21.74296, 38.252656 ] } },
{ "type": "Feature", "properties": { "fid": 142, "mm_id": 1014782, "name": "12ο ΗΜΕΡΗΣΙΟ ΓΕΝΙΚΟ ΛΥΚΕΙΟ ΠΑΤΡΩΝ" }, "geometry": { "type": "Point", "coordinates": [ 21.751624, 38.223401 ] } },
{ "type": "Feature", "properties": { "fid": 143, "mm_id": 1014783, "name": "13ο ΗΜΕΡΗΣΙΟ ΓΕΝΙΚΟ ΛΥΚΕΙΟ ΠΑΤΡΩΝ - ΚΩΣΤΗΣ ΠΑΛΑΜΑΣ" }, "geometry": { "type": "Point", "coordinates": [ 21.738756, 38.248131 ] } },
{ "type": "Feature", "properties": { "fid": 144, "mm_id": 1014770, "name": "1ο ΕΠΑΛ ΠΑΡΑΛΙΑΣ ΠΑΤΡΩΝ" }, "geometry": { "type": "Point", "coordinates": [ 21.712714, 38.193343 ] } },
{ "type": "Feature", "properties": { "fid": 145, "mm_id": 1014799, "name": "1ο ΗΜΕΡΗΣΙΟ ΓΕΝΙΚΟ ΛΥΚΕΙΟ ΑΙΓΙΟΥ - ΠΡΩΤΟ ΓΕΝΙΚΟ ΛΥΚΕΙΟ ΑΙΓΙΟΥ" }, "geometry": { "type": "Point", "coordinates": [ 22.089341, 38.24422 ] } },
{ "type": "Feature", "properties": { "fid": 146, "mm_id": 1014784, "name": "1ο ΗΜΕΡΗΣΙΟ ΓΕΝΙΚΟ ΛΥΚΕΙΟ ΠΑΤΡΩΝ" }, "geometry": { "type": "Point", "coordinates": [ 21.753259, 38.262839 ] } },
{ "type": "Feature", "properties": { "fid": 147, "mm_id": 1014763, "name": "1ο ΗΜΕΡΗΣΙΟ ΕΠΑΛ ΚΑΤΩ ΑΧΑΪΑΣ" }, "geometry": { "type": "Point", "coordinates": [ 21.54483, 38.140842 ] } },
{ "type": "Feature", "properties": { "fid": 148, "mm_id": 1014764, "name": "1ο ΗΜΕΡΗΣΙΟ ΕΠΑΛ ΠΑΤΡΑΣ" }, "geometry": { "type": "Point", "coordinates": [ 21.753785, 38.218205 ] } },
{ "type": "Feature", "properties": { "fid": 149, "mm_id": 1014773, "name": "2ο ΕΣΠΕΡΙΝΟ ΕΠΑΛ ΑΙΓΙΟΥ" }, "geometry": { "type": "Point", "coordinates": [ 22.098947, 38.250026 ] } },
{ "type": "Feature", "properties": { "fid": 150, "mm_id": 1014800, "name": "2ο ΗΜΕΡΗΣΙΟ ΓΕΝΙΚΟ ΛΥΚΕΙΟ ΑΙΓΙΟΥ" }, "geometry": { "type": "Point", "coordinates": [ 22.079531, 38.245116 ] } },
{ "type": "Feature", "properties": { "fid": 151, "mm_id": 1014785, "name": "2ο ΗΜΕΡΗΣΙΟ ΓΕΝΙΚΟ ΛΥΚΕΙΟ ΠΑΤΡΩΝ" }, "geometry": { "type": "Point", "coordinates": [ 21.746541, 38.230585 ] } },
{ "type": "Feature", "properties": { "fid": 152, "mm_id": 1014765, "name": "2ο ΗΜΕΡΗΣΙΟ ΕΠΑΛ ΠΑΤΡΑΣ" }, "geometry": { "type": "Point", "coordinates": [ 21.747388, 38.254559 ] } },
{ "type": "Feature", "properties": { "fid": 153, "mm_id": 1018898, "name": "3ο ΕΣΠΕΡΙΝΟ ΕΠΑΛ ΠΑΤΡΑΣ" }, "geometry": { "type": "Point", "coordinates": [ 21.735665, 38.232186 ] } },
{ "type": "Feature", "properties": { "fid": 154, "mm_id": 1014786, "name": "3ο ΗΜΕΡΗΣΙΟ ΓΕΝΙΚΟ ΛΥΚΕΙΟ ΠΑΤΡΩΝ" }, "geometry": { "type": "Point", "coordinates": [ 21.735658, 38.232292 ] } },
{ "type": "Feature", "properties": { "fid": 155, "mm_id": 1014787, "name": "4ο ΗΜΕΡΗΣΙΟ ΓΕΝΙΚΟ ΛΥΚΕΙΟ ΠΑΤΡΩΝ" }, "geometry": { "type": "Point", "coordinates": [ 21.749333, 38.242176 ] } },
{ "type": "Feature", "properties": { "fid": 156, "mm_id": 1014766, "name": "4ο ΗΜΕΡΗΣΙΟ ΕΠΑΛ ΠΑΤΡΑΣ" }, "geometry": { "type": "Point", "coordinates": [ 21.749708, 38.255821 ] } },
{ "type": "Feature", "properties": { "fid": 157, "mm_id": 1014767, "name": "5ο ΕΣΠΕΡΙΝΟ ΕΠΑΛ ΠΑΤΡΑΣ" }, "geometry": { "type": "Point", "coordinates": [ 21.747441, 38.254648 ] } },
{ "type": "Feature", "properties": { "fid": 158, "mm_id": 1018183, "name": "5ο ΗΜΕΡΗΣΙΟ ΓΕΝΙΚΟ ΛΥΚΕΙΟ ΠΑΤΡΩΝ" }, "geometry": { "type": "Point", "coordinates": [ 21.7461, 38.237437 ] } },
{ "type": "Feature", "properties": { "fid": 159, "mm_id": 1014793, "name": "6ο ΗΜΕΡΗΣΙΟ ΓΕΝΙΚΟ ΛΥΚΕΙΟ ΠΑΤΡΩΝ - ΑΝΔΡΕΑ Γ. ΠΑΠΑΝΔΡΕΟΥ" }, "geometry": { "type": "Point", "coordinates": [ 21.74296, 38.252656 ] } },
{ "type": "Feature", "properties": { "fid": 160, "mm_id": 1014768, "name": "6ο ΗΜΕΡΗΣΙΟ ΕΠΑΛ ΠΑΤΡΑΣ" }, "geometry": { "type": "Point", "coordinates": [ 21.747806, 38.254725 ] } },
{ "type": "Feature", "properties": { "fid": 161, "mm_id": 1014794, "name": "7ο ΗΜΕΡΗΣΙΟ ΓΕΝΙΚΟ ΛΥΚΕΙΟ ΠΑΤΡΩΝ" }, "geometry": { "type": "Point", "coordinates": [ 21.726586, 38.230219 ] } },
{ "type": "Feature", "properties": { "fid": 162, "mm_id": 1014769, "name": "7ο ΗΜΕΡΗΣΙΟ ΕΠΑΓΓΕΛΜΑΤΙΚΟ ΛΥΚΕΙΟ ΠΑΤΡΑΣ" }, "geometry": { "type": "Point", "coordinates": [ 21.75469, 38.217298 ] } },
{ "type": "Feature", "properties": { "fid": 163, "mm_id": 1014795, "name": "8ο ΗΜΕΡΗΣΙΟ ΓΕΝΙΚΟ ΛΥΚΕΙΟ ΠΑΤΡΑΣ" }, "geometry": { "type": "Point", "coordinates": [ 21.744208, 38.217839 ] } },
{ "type": "Feature", "properties": { "fid": 164, "mm_id": 1014776, "name": "9ο ΕΣΠΕΡΙΝΟ ΕΠΑΛ ΠΑΤΡΑΣ" }, "geometry": { "type": "Point", "coordinates": [ 21.753674, 38.218348 ] } },
{ "type": "Feature", "properties": { "fid": 165, "mm_id": 1014788, "name": "9ο ΗΜΕΡΗΣΙΟ ΓΕΝΙΚΟ ΛΥΚΕΙΟ ΠΑΤΡΩΝ" }, "geometry": { "type": "Point", "coordinates": [ 21.757141, 38.275274 ] } },
{ "type": "Feature", "properties": { "fid": 166, "mm_id": 1014791, "name": "ΓΕΝΙΚΟ ΛΥΚΕΙΟ ΚΑΣΤΡΙΤΣΙΟΥ" }, "geometry": { "type": "Point", "coordinates": [ 21.788733, 38.279614 ] } },
{ "type": "Feature", "properties": { "fid": 167, "mm_id": 1014779, "name": "ΕΝ.Ε.Ε.ΓΥ.- Λ. ΠΑΤΡΩΝ" }, "geometry": { "type": "Point", "coordinates": [ 21.750094, 38.254997 ] } },
{ "type": "Feature", "properties": { "fid": 168, "mm_id": 1026896, "name": "Ενιαίο Ειδικό Επαγγελματικό Γυμνάσιο - Λύκειο (ΕΝ.Ε.Ε.ΓΥ.-Λ.) Αιγίου" }, "geometry": { "type": "Point", "coordinates": [ 22.089467, 38.243976 ] } },
{ "type": "Feature", "properties": { "fid": 169, "mm_id": 1014801, "name": "ΕΣΠΕΡΙΝΟ ΓΕΝΙΚΟ ΛΥΚΕΙΟ ΑΙΓΙΟΥ" }, "geometry": { "type": "Point", "coordinates": [ 22.072498, 38.249819 ] } },
{ "type": "Feature", "properties": { "fid": 170, "mm_id": 1014797, "name": "ΕΣΠΕΡΙΝΟ ΓΕΝΙΚΟ ΛΥΚΕΙΟ ΠΑΤΡΩΝ" }, "geometry": { "type": "Point", "coordinates": [ 21.735552, 38.239653 ] } },
{ "type": "Feature", "properties": { "fid": 171, "mm_id": 1014812, "name": "ΗΜΕΡΗΣΙΟ ΓΕΝΙΚΟ ΛΥΚΕΙΟ ΑΙΓΕΙΡΑΣ ΑΧΑΙΑΣ - ΓΕΝΙΚΟ ΛΥΚΕΙΟ ΑΙΓΕΙΡΑΣ" }, "geometry": { "type": "Point", "coordinates": [ 22.358395, 38.148081 ] } },
{ "type": "Feature", "properties": { "fid": 172, "mm_id": 1014807, "name": "ΗΜΕΡΗΣΙΟ ΓΕΝΙΚΟ ΛΥΚΕΙΟ ΑΚΡΑΤΑΣ" }, "geometry": { "type": "Point", "coordinates": [ 22.320911, 38.155116 ] } },
{ "type": "Feature", "properties": { "fid": 173, "mm_id": 1014811, "name": "ΗΜΕΡΗΣΙΟ ΓΕΝΙΚΟ ΛΥΚΕΙΟ ΒΡΑΧΝΑΙΪΚΑ ΑΧΑΪΑΣ" }, "geometry": { "type": "Point", "coordinates": [ 21.671016, 38.1646 ] } },
{ "type": "Feature", "properties": { "fid": 174, "mm_id": 1014809, "name": "ΗΜΕΡΗΣΙΟ ΓΕΝΙΚΟ ΛΥΚΕΙΟ ΔΑΦΝΗΣ ΑΧΑΪΑΣ" }, "geometry": { "type": "Point", "coordinates": [ 22.022439, 37.812538 ] } },
{ "type": "Feature", "properties": { "fid": 175, "mm_id": 1018918, "name": "ΗΜΕΡΗΣΙΟ ΓΕΝΙΚΟ ΛΥΚΕΙΟ ΔΕΜΕΝΙΚΩΝ ΑΧΑΪΑΣ" }, "geometry": { "type": "Point", "coordinates": [ 21.735498, 38.200451 ] } },
{ "type": "Feature", "properties": { "fid": 176, "mm_id": 1014808, "name": "ΗΜΕΡΗΣΙΟ ΓΕΝΙΚΟ ΛΥΚΕΙΟ ΔΙΑΚΟΠΤΟΥ ΑΧΑΪΑΣ" }, "geometry": { "type": "Point", "coordinates": [ 22.201224, 38.194072 ] } },
{ "type": "Feature", "properties": { "fid": 177, "mm_id": 1014804, "name": "ΗΜΕΡΗΣΙΟ ΓΕΝΙΚΟ ΛΥΚΕΙΟ ΕΡΥΜΑΝΘΕΙΑΣ ΑΧΑΪΑΣ" }, "geometry": { "type": "Point", "coordinates": [ 21.728325, 37.980579 ] } },
{ "type": "Feature", "properties": { "fid": 178, "mm_id": 1014802, "name": "ΗΜΕΡΗΣΙΟ ΓΕΝΙΚΟ ΛΥΚΕΙΟ ΚΑΛΑΒΡΥΤΩΝ - ΕΥΣΕΒΙΟΣ ΚΗΠΟΥΡΓΟΣ" }, "geometry": { "type": "Point", "coordinates": [ 22.112177, 38.033323 ] } },
{ "type": "Feature", "properties": { "fid": 179, "mm_id": 1018184, "name": "ΗΜΕΡΗΣΙΟ ΓΕΝΙΚΟ ΛΥΚΕΙΟ ΚΑΜΑΡΩΝ" }, "geometry": { "type": "Point", "coordinates": [ 22.003812, 38.301046 ] } },
{ "type": "Feature", "properties": { "fid": 180, "mm_id": 1014803, "name": "ΗΜΕΡΗΣΙΟ ΓΕΝΙΚΟ ΛΥΚΕΙΟ ΚΑΤΩ ΑΧΑΪΑΣ" }, "geometry": { "type": "Point", "coordinates": [ 21.544266, 38.143319 ] } },
{ "type": "Feature", "properties": { "fid": 181, "mm_id": 1014810, "name": "ΗΜΕΡΗΣΙΟ ΓΕΝΙΚΟ ΛΥΚΕΙΟ ΚΛΕΙΤΟΡΙΑΣ ΑΧΑΪΑΣ" }, "geometry": { "type": "Point", "coordinates": [ 22.12363, 37.898796 ] } },
{ "type": "Feature", "properties": { "fid": 182, "mm_id": 1014805, "name": "ΗΜΕΡΗΣΙΟ ΓΕΝΙΚΟ ΛΥΚΕΙΟ ΛΑΠΠΑ ΑΧΑΪΑΣ" }, "geometry": { "type": "Point", "coordinates": [ 21.419948, 38.092909 ] } },
{ "type": "Feature", "properties": { "fid": 183, "mm_id": 1014806, "name": "ΗΜΕΡΗΣΙΟ ΓΕΝΙΚΟ ΛΥΚΕΙΟ ΛΟΥΣΙΚΩΝ ΑΧΑΪΑΣ - ΓΕΝΙΚΟ ΛΥΚΕΙΟ ΛΟΥΣΙΚΩΝ" }, "geometry": { "type": "Point", "coordinates": [ 21.596422, 38.109348 ] } },
{ "type": "Feature", "properties": { "fid": 184, "mm_id": 1014798, "name": "ΗΜΕΡΗΣΙΟ ΓΕΝΙΚΟ ΛΥΚΕΙΟ ΠΑΡΑΛΙΑΣ ΠΑΤΡΩΝ" }, "geometry": { "type": "Point", "coordinates": [ 21.700156, 38.199305 ] } },
{ "type": "Feature", "properties": { "fid": 185, "mm_id": 1014813, "name": "ΗΜΕΡΗΣΙΟ ΓΕΝΙΚΟ ΛΥΚΕΙΟ ΡΙΟΥ ΑΧΑΪΑΣ - ΓΕΝΙΚΟ ΛΥΚΕΙΟ ΡΙΟΥ" }, "geometry": { "type": "Point", "coordinates": [ 21.786284, 38.300321 ] } },
{ "type": "Feature", "properties": { "fid": 186, "mm_id": 1014771, "name": "ΗΜΕΡΗΣΙΟ ΕΠΑΛ ΚΑΛΑΒΡΥΤΩΝ - ΕΥΣΕΒΙΟΣ ΚΗΠΟΥΡΓΟΣ" }, "geometry": { "type": "Point", "coordinates": [ 22.112662, 38.033452 ] } },
{ "type": "Feature", "properties": { "fid": 187, "mm_id": 1020888, "name": "ΙΔ. ΓΕΛ ΑΝΑΓΕΝΝΗΣΗ" }, "geometry": { "type": "Point", "coordinates": [ 21.760717, 38.235894 ] } },
{ "type": "Feature", "properties": { "fid": 188, "mm_id": 1025525, "name": "Ιδιωτικό Εσπερινό ΕΠΑ.Λ - ΤΡΙΑΝΤΕΙΟ ΕΣΠΕΡΙΝΟ ΕΠΑ.Λ" }, "geometry": { "type": "Point", "coordinates": [ 21.74043, 38.232848 ] } },
{ "type": "Feature", "properties": { "fid": 189, "mm_id": 1000745, "name": "Ιδιωτικό Ισότιμο Λύκειο - ΑΡΣΑΚΕΙΟ ΓΕΝΙΚΟ ΛΥΚΕΙΟ ΠΑΤΡΩΝ" }, "geometry": { "type": "Point", "coordinates": [ 21.817832, 38.300401 ] } },
{ "type": "Feature", "properties": { "fid": 190, "mm_id": 1026928, "name": "Ιδιωτικό Λύκειο - ΘΕΜΕΛΙΟ SCHOOL" }, "geometry": { "type": "Point", "coordinates": [ 21.7644, 38.27681 ] } },
{ "type": "Feature", "properties": { "fid": 191, "mm_id": 1014781, "name": "ΠΕΙΡΑΜΑΤΙΚΟ ΛΥΚΕΙΟ ΠΑΝΕΠΙΣΤΗΜΙΟΥ ΠΑΤΡΩΝ" }, "geometry": { "type": "Point", "coordinates": [ 21.790382, 38.280114 ] } },
{ "type": "Feature", "properties": { "fid": 192, "mm_id": 1014780, "name": "ΠΡΟΤΥΠΟ ΓΕΝΙΚΟ ΛΥΚΕΙΟ ΠΑΤΡΩΝ" }, "geometry": { "type": "Point", "coordinates": [ 21.745836, 38.230324 ] } },
{ "type": "Feature", "properties": { "fid": 193, "mm_id": 1024700, "name": "ΠΡΟΤΥΠΟ ΕΚΚΛΗΣΙΑΣΤΙΚΟ ΛΥΚΕΙΟ ΠΑΤΡΩΝ" }, "geometry": { "type": "Point", "coordinates": [ 21.701879, 38.201339 ] } },
{ "type": "Feature", "properties": { "fid": 194, "mm_id": 1026967, "name": "Πρότυπο Επαγγελματικό Λύκειο (Π.ΕΠΑ.Λ.) Αιγίου" }, "geometry": { "type": "Point", "coordinates": [ 22.099348, 38.249898 ] } },
{ "type": "Feature", "properties": { "fid": 195, "mm_id": 1001059, "name": "1ο ΕΠΑ.Λ. ΙΘΑΚΗΣ" }, "geometry": { "type": "Point", "coordinates": [ 20.721266, 38.362608 ] } },
{ "type": "Feature", "properties": { "fid": 196, "mm_id": 1001067, "name": "ΗΜΕΡΗΣΙΟ ΓΕΝΙΚΟ ΛΥΚΕΙΟ ΙΘΑΚΗΣ" }, "geometry": { "type": "Point", "coordinates": [ 20.721267, 38.362628 ] } },
{ "type": "Feature", "properties": { "fid": 197, "mm_id": 1015946, "name": "1ο ΗΜΕΡΗΣΙΟ ΓΕΝΙΚΟ ΛΥΚΕΙΟ ΛΕΥΚΑΔΑΣ- \"ΑΘΑΝΑΣΙΟΣ ΨΑΛΙΔΑΣ\"" }, "geometry": { "type": "Point", "coordinates": [ 20.708426, 38.82838 ] } },
{ "type": "Feature", "properties": { "fid": 198, "mm_id": 1015943, "name": "1ο ΗΜΕΡΗΣΙΟ ΕΠΑΛ ΛΕΥΚΑΔΑΣ - ΞΕΝΟΦΩΝ ΓΡΗΓΟΡΗΣ" }, "geometry": { "type": "Point", "coordinates": [ 20.709848, 38.827617 ] } },
{ "type": "Feature", "properties": { "fid": 199, "mm_id": 1015947, "name": "2ο ΠΕΙΡΑΜΑΤΙΚΟ  ΓΕΛ ΛΕΥΚΑΔΑΣ - ΑΓΓΕΛΟΣ ΣΙΚΕΛΙΑΝΟΣ" }, "geometry": { "type": "Point", "coordinates": [ 20.698448, 38.835365 ] } },
{ "type": "Feature", "properties": { "fid": 200, "mm_id": 1024647, "name": "ΕΣΠΕΡΙΝΟ ΕΠΑ.Λ. ΛΕΥΚΑΔΑΣ" }, "geometry": { "type": "Point", "coordinates": [ 20.709838, 38.827541 ] } },
{ "type": "Feature", "properties": { "fid": 201, "mm_id": 1015950, "name": "ΗΜΕΡΗΣΙΟ ΓΕΝΙΚΟ ΛΥΚΕΙΟ ΝΥΔΡΙΟΥ ΛΕΥΚΑΔΑΣ" }, "geometry": { "type": "Point", "coordinates": [ 20.706474, 38.709457 ] } },
{ "type": "Feature", "properties": { "fid": 202, "mm_id": 1015017, "name": "1ο ΗΜΕΡΗΣΙΟ ΓΕΝΙΚΟ ΛΥΚΕΙΟ ΖΑΚΥΝΘΟΥ" }, "geometry": { "type": "Point", "coordinates": [ 20.896769, 37.789056 ] } },
{ "type": "Feature", "properties": { "fid": 203, "mm_id": 1015018, "name": "2ο ΗΜΕΡΗΣΙΟ ΓΕΝΙΚΟ ΛΥΚΕΙΟ ΖΑΚΥΝΘΟΥ" }, "geometry": { "type": "Point", "coordinates": [ 20.904583, 37.765302 ] } },
{ "type": "Feature", "properties": { "fid": 204, "mm_id": 1026341, "name": "ΕΝ.Ε.Ε.ΓΥ.-Λ. ΖΑΚΥΝΘΟΥ" }, "geometry": { "type": "Point", "coordinates": [ 20.810919, 37.767785 ] } },
{ "type": "Feature", "properties": { "fid": 205, "mm_id": 1027194, "name": "Εσπερινό ΕΠΑ.Λ. Ζακύνθου" }, "geometry": { "type": "Point", "coordinates": [ 20.834136, 37.785135 ] } },
{ "type": "Feature", "properties": { "fid": 206, "mm_id": 1015021, "name": "ΗΜΕΡΗΣΙΟ ΓΕΝΙΚΟ ΛΥΚΕΙΟ ΚΑΤΑΣΤΑΡΙΟΥ ΖΑΚΥΝΘΟΥ" }, "geometry": { "type": "Point", "coordinates": [ 20.762535, 37.827786 ] } },
{ "type": "Feature", "properties": { "fid": 207, "mm_id": 1015014, "name": "ΗΜΕΡΗΣΙΟ ΕΠΑΛ ΖΑΚΥΝΘΟΥ" }, "geometry": { "type": "Point", "coordinates": [ 20.834238, 37.785081 ] } },
{ "type": "Feature", "properties": { "fid": 208, "mm_id": 1015559, "name": "1ο ΕΠΑΛ ΚΕΡΚΥΡΑΣ" }, "geometry": { "type": "Point", "coordinates": [ 19.909356, 39.624378 ] } },
{ "type": "Feature", "properties": { "fid": 209, "mm_id": 1015565, "name": "1ο ΗΜΕΡΗΣΙΟ ΓΕΝΙΚΟ ΛΥΚΕΙΟ ΚΕΡΚΥΡΑΣ" }, "geometry": { "type": "Point", "coordinates": [ 19.914137, 39.622593 ] } },
{ "type": "Feature", "properties": { "fid": 210, "mm_id": 1015562, "name": "1ο ΗΜΕΡΗΣΙΟ ΕΠΑΛ ΚΑΤΩ ΚΟΡΑΚΙΑΝΑΣ" }, "geometry": { "type": "Point", "coordinates": [ 19.842869, 39.662914 ] } },
{ "type": "Feature", "properties": { "fid": 211, "mm_id": 1015566, "name": "2ο ΗΜΕΡΗΣΙΟ ΓΕΝΙΚΟ ΛΥΚΕΙΟ ΚΕΡΚΥΡΑΣ" }, "geometry": { "type": "Point", "coordinates": [ 19.914206, 39.622579 ] } },
{ "type": "Feature", "properties": { "fid": 212, "mm_id": 1015567, "name": "3ο ΗΜΕΡΗΣΙΟ ΓΕΝΙΚΟ ΛΥΚΕΙΟ ΚΕΡΚΥΡΑΣ" }, "geometry": { "type": "Point", "coordinates": [ 19.914534, 39.622203 ] } },
{ "type": "Feature", "properties": { "fid": 213, "mm_id": 1015568, "name": "4ο ΓΕΝΙΚΟ ΛΥΚΕΙΟ ΚΕΡΚΥΡΑΣ" }, "geometry": { "type": "Point", "coordinates": [ 19.916197, 39.613377 ] } },
{ "type": "Feature", "properties": { "fid": 214, "mm_id": 1015575, "name": "5ο ΗΜΕΡΗΣΙΟ ΓΕΝΙΚΟ ΛΥΚΕΙΟ ΚΕΡΚΥΡΑΣ" }, "geometry": { "type": "Point", "coordinates": [ 19.910126, 39.624004 ] } },
{ "type": "Feature", "properties": { "fid": 215, "mm_id": 1027284, "name": "ΕΝΙΑΙΟ ΕΙΔΙΚΟ ΕΠΑΓΓΕΛΜΑΤΙΚΟ ΓΥΜΝΑΣΙΟ (ΕΝ.Ε.Ε.ΓΥ.-Λ.) ΒΟΡΕΙΑΣ ΚΕΡΚΥΡΑΣ" }, "geometry": { "type": "Point", "coordinates": [ 19.744853, 39.780928 ] } },
{ "type": "Feature", "properties": { "fid": 216, "mm_id": 1015558, "name": "ΕΝΙΑΙΟ ΕΙΔΙΚΟ ΕΠΑΓΓΕΛΜΑΤΙΚΟ ΓΥΜΝΑΣΙΟ-ΛΥΚΕΙΟ ΚΕΡΚΥΡΑΣ" }, "geometry": { "type": "Point", "coordinates": [ 19.893674, 39.627357 ] } },
{ "type": "Feature", "properties": { "fid": 217, "mm_id": 1015569, "name": "ΕΣΠΕΡΙΝΟ ΓΕΝΙΚΟ ΛΥΚΕΙΟ ΚΕΡΚΥΡΑΣ" }, "geometry": { "type": "Point", "coordinates": [ 19.914493, 39.622167 ] } },
{ "type": "Feature", "properties": { "fid": 218, "mm_id": 1015561, "name": "ΕΣΠΕΡΙΝΟ ΕΠΑ.Λ ΚΕΡΚΥΡΑΣ" }, "geometry": { "type": "Point", "coordinates": [ 19.909496, 39.624063 ] } },
{ "type": "Feature", "properties": { "fid": 219, "mm_id": 1015572, "name": "ΗΜΕΡΗΣΙΟ ΓΕΝΙΚΟ ΛΥΚΕΙΟ ΑΓΡΟΥ ΚΕΡΚΥΡΑΣ" }, "geometry": { "type": "Point", "coordinates": [ 19.725586, 39.718661 ] } },
{ "type": "Feature", "properties": { "fid": 220, "mm_id": 1015573, "name": "ΗΜΕΡΗΣΙΟ ΓΕΝΙΚΟ ΛΥΚΕΙΟ ΚΑΣΤΕΛΛΑΝΩΝ ΜΕΣΗΣ - ΚΕΡΚΥΡΑΣ" }, "geometry": { "type": "Point", "coordinates": [ 19.867262, 39.563451 ] } },
{ "type": "Feature", "properties": { "fid": 221, "mm_id": 1015571, "name": "ΗΜΕΡΗΣΙΟ ΓΕΝΙΚΟ ΛΥΚΕΙΟ ΛΕΥΚΙΜΜΗΣ ΚΕΡΚΥΡΑΣ" }, "geometry": { "type": "Point", "coordinates": [ 20.07139, 39.422438 ] } },
{ "type": "Feature", "properties": { "fid": 222, "mm_id": 1026973, "name": "Πρότυπο Επαγγελματικό Λύκειο (Π.ΕΠΑ.Λ.) Κέρκυρας" }, "geometry": { "type": "Point", "coordinates": [ 19.915601, 39.613514 ] } },
{ "type": "Feature", "properties": { "fid": 223, "mm_id": 1001061, "name": "1ο ΕΠΑ.Λ. ΑΡΓΟΣΤΟΛΙΟΥ" }, "geometry": { "type": "Point", "coordinates": [ 20.481851, 38.165983 ] } },
{ "type": "Feature", "properties": { "fid": 224, "mm_id": 1014291, "name": "1ο ΗΜΕΡΗΣΙΟ ΓΕΝΙΚΟ ΛΥΚΕΙΟ ΑΡΓΟΣΤΟΛΙΟΥ ΚΕΦΑΛΛΗΝΙΑΣ - ΜΑΡΙΝΟΣ ΚΟΡΓΙΑΛΕΝΙΟΣ" }, "geometry": { "type": "Point", "coordinates": [ 20.486853, 38.169801 ] } },
{ "type": "Feature", "properties": { "fid": 225, "mm_id": 1001060, "name": "1ο ΗΜΕΡΗΣΙΟ ΕΠΑΛ ΛΗΞΟΥΡΙΟΥ ΚΕΦΑΛΛΟΝΙΑΣ" }, "geometry": { "type": "Point", "coordinates": [ 20.434937, 38.208147 ] } },
{ "type": "Feature", "properties": { "fid": 226, "mm_id": 1001063, "name": "2ο ΗΜΕΡΗΣΙΟ ΓΕΝΙΚΟ ΛΥΚΕΙΟ ΑΡΓΟΣΤΟΛΙΟΥ ΚΕΦΑΛΟΝΙΑΣ - ΠΑΝΑΓΙΩΤΗΣ ΒΕΡΓΩΤΗΣ" }, "geometry": { "type": "Point", "coordinates": [ 20.486482, 38.170031 ] } },
{ "type": "Feature", "properties": { "fid": 227, "mm_id": 1001065, "name": "ΓΕΝΙΚΟ ΛΥΚΕΙΟ ΛΗΞΟΥΡΙΟΥ" }, "geometry": { "type": "Point", "coordinates": [ 20.437886, 38.203343 ] } },
{ "type": "Feature", "properties": { "fid": 228, "mm_id": 1025352, "name": "ΕΝΙΑΙΟ ΕΙΔΙΚΟ ΕΠΑΓΓΕΛΜΑΤΙΚΟ ΓΥΜΝΑΣΙΟ-ΛΥΚΕΙΟ ΚΕΦΑΛΟΝΙΑΣ" }, "geometry": { "type": "Point", "coordinates": [ 20.485716, 38.177367 ] } },
{ "type": "Feature", "properties": { "fid": 229, "mm_id": 1001064, "name": "ΗΜΕΡΗΣΙΟ ΓΕΝΙΚΟ ΛΥΚΕΙΟ ΚΕΡΑΜΕΙΩΝ ΚΕΦΑΛΛΟΝΙΑΣ - ΒΑΛΛΙΑΝΕΙΟ ΓΕΝΙΚΟ ΛΥΚΕΙΟ" }, "geometry": { "type": "Point", "coordinates": [ 20.561574, 38.119027 ] } },
{ "type": "Feature", "properties": { "fid": 230, "mm_id": 1001068, "name": "ΗΜΕΡΗΣΙΟ ΓΕΝΙΚΟ ΛΥΚΕΙΟ ΠΑΣΤΡΑΣ" }, "geometry": { "type": "Point", "coordinates": [ 20.752761, 38.101129 ] } },
{ "type": "Feature", "properties": { "fid": 231, "mm_id": 1001066, "name": "ΗΜΕΡΗΣΙΟ ΓΕΝΙΚΟ ΛΥΚΕΙΟ ΣΑΜΗΣ ΚΕΦΑΛΟΝΙΑΣ - ΓΕΝΙΚΟ ΛΥΚΕΙΟ ΣΑΜΗΣ" }, "geometry": { "type": "Point", "coordinates": [ 20.642139, 38.24839 ] } },
{ "type": "Feature", "properties": { "fid": 232, "mm_id": 1015939, "name": "ΓΥΜΝΑΣΙΟ ΚΑΙ ΓΕΝΙΚΕΣ ΛΥΚΕΙΑΚΕΣ ΤΑΞΕΙΣ ΒΑΣΙΛΙΚΗΣ" }, "geometry": { "type": "Point", "coordinates": [ 20.607571, 38.627413 ] } },
{ "type": "Feature", "properties": { "fid": 233, "mm_id": 1015938, "name": "ΗΜΕΡΗΣΙΟ ΓΥΜΝΑΣΙΟ & ΛΥΚΕΙΑΚΕΣ ΤΑΞΕΙΣ ΚΑΡΥΑΣ ΛΕΥΚΑΔΑΣ" }, "geometry": { "type": "Point", "coordinates": [ 20.650844, 38.761737 ] } },
{ "type": "Feature", "properties": { "fid": 234, "mm_id": 1015942, "name": "ΗΜΕΡΗΣΙΟ ΓΥΜΝΑΣΙΟ ΜΕ ΛΥΚΕΙΑΚΕΣ ΤΑΞΕΙΣ ΜΕΓΑΝΗΣΙΟΥ ΛΕΥΚΑΔΑΣ - ΤΑΦΙΟ ΓΥΜΝΑΣΙΟ ΜΕΓΑΝΗΣΙΟΥ" }, "geometry": { "type": "Point", "coordinates": [ 20.757443, 38.657905 ] } },
{ "type": "Feature", "properties": { "fid": 235, "mm_id": 1015937, "name": "ΜΟΥΣΙΚΟ ΓΥΜΝΑΣΙΟ ΛΕΥΚΑΔΑΣ ΚΑΙ ΛΥΚΕΙΑΚΕΣ ΤΑΞΕΙΣ" }, "geometry": { "type": "Point", "coordinates": [ 20.710602, 38.824983 ] } },
{ "type": "Feature", "properties": { "fid": 236, "mm_id": 1015009, "name": "ΕΣΠΕΡΙΝΟ ΓΥΜΝΑΣΙΟ ΖΑΚΥΝΘΟΥ\n      (ΜΕ ΛΥΚΕΙΑΚΕΣ ΤΑΞΕΙΣ)" }, "geometry": { "type": "Point", "coordinates": [ 20.896897, 37.788975 ] } },
{ "type": "Feature", "properties": { "fid": 237, "mm_id": 1015012, "name": "ΗΜΕΡΗΣΙΟ ΓΥΜΝΑΣΙΟ Λ.Τ. ΒΟΛΙΜΩΝ ΖΑΚΥΝΘΟΥ" }, "geometry": { "type": "Point", "coordinates": [ 20.661567, 37.874873 ] } },
{ "type": "Feature", "properties": { "fid": 238, "mm_id": 1015010, "name": "ΗΜΕΡΗΣΙΟ ΓΥΜΝΑΣΙΟ ΜΕ ΛΥΚΕΙΑΚΕΣ ΤΑΞΕΙΣ ΒΑΝΑΤΟΥ ΖΑΚΥΝΘΟΥ" }, "geometry": { "type": "Point", "coordinates": [ 20.860239, 37.792941 ] } },
{ "type": "Feature", "properties": { "fid": 239, "mm_id": 1015008, "name": "ΜΟΥΣΙΚΟ ΣΧΟΛΕΙΟ ΖΑΚΥΝΘΟΥ ¨ΠΑΥΛΟΣ ΚΑΡΡΕΡ¨" }, "geometry": { "type": "Point", "coordinates": [ 20.895575, 37.776228 ] } },
{ "type": "Feature", "properties": { "fid": 240, "mm_id": 1015550, "name": "ΓΥΜΝΑΣΙΟ ΚΑΙ ΛΥΚΕΙΑΚΕΣ ΤΑΞΕΙΣ ΑΡΓΥΡΑΔΩΝ ΚΕΡΚΥΡΑΣ" }, "geometry": { "type": "Point", "coordinates": [ 19.966084, 39.438222 ] } },
{ "type": "Feature", "properties": { "fid": 241, "mm_id": 1015556, "name": "ΗΜΕΡΗΣΙΟ ΓΥΜΝΑΣΙΟ με Λ.Τ. ΚΑΣΣΙΟΠΗΣ ΚΕΡΚΥΡΑΣ" }, "geometry": { "type": "Point", "coordinates": [ 19.908492, 39.78962 ] } },
{ "type": "Feature", "properties": { "fid": 242, "mm_id": 1015548, "name": "ΗΜΕΡΗΣΙΟ ΓΥΜΝΑΣΙΟ ΠΑΞΩΝ" }, "geometry": { "type": "Point", "coordinates": [ 20.167846, 39.198909 ] } },
{ "type": "Feature", "properties": { "fid": 243, "mm_id": 1015554, "name": "ΗΜΕΡΗΣΙΟ ΓΥΜΝΑΣΙΟ ΣΚΡΙΠΕΡΟΥ ΚΕΡΚΥΡΑΣ ΜΕ ΛΥΚΕΙΑΚΕΣ ΤΑΞΕΙΣ" }, "geometry": { "type": "Point", "coordinates": [ 19.771543, 39.700108 ] } },
{ "type": "Feature", "properties": { "fid": 244, "mm_id": 1015542, "name": "ΜΟΥΣΙΚΟ ΓΥΜΝΑΣΙΟ ΚΕΡΚΥΡΑΣ" }, "geometry": { "type": "Point", "coordinates": [ 19.841147, 39.662704 ] } },
{ "type": "Feature", "properties": { "fid": 245, "mm_id": 1001058, "name": "ΓΥΜΝΑΣΙΟ ΜΕ ΛΥΚΕΙΑΚΕΣ ΤΑΞΕΙΣ ΜΕΣΟΒΟΥΝΙΩΝ ΚΕΦΑΛΟΝΙΑΣ" }, "geometry": { "type": "Point", "coordinates": [ 20.569388, 38.407391 ] } },
{ "type": "Feature", "properties": { "fid": 246, "mm_id": 1001053, "name": "ΕΣΠΕΡΙΝΟ ΓΥΜΝΑΣΙΟ - ΤΑΞΕΙΣ ΛΥΚΕΙΟΥ ΑΡΓΟΣΤΟΛΙΟΥ" }, "geometry": { "type": "Point", "coordinates": [ 20.485344, 38.178509 ] } },
{ "type": "Feature", "properties": { "fid": 247, "mm_id": 1014881, "name": "1ο ΗΜΕΡΗΣΙΟ \"ΜΑΝΟΥΣΑΚΕΙΟ\" ΕΠΑΓΓΕΛΜΑΤΙΚΟ ΛΥΚΕΙΟ ΔΕΣΚΑΤΗΣ" }, "geometry": { "type": "Point", "coordinates": [ 21.810143, 39.925703 ] } },
{ "type": "Feature", "properties": { "fid": 248, "mm_id": 1014886, "name": "1ο ΗΜΕΡΗΣΙΟ ΓΕΝΙΚΟ ΛΥΚΕΙΟ ΓΡΕΒΕΝΩΝ" }, "geometry": { "type": "Point", "coordinates": [ 21.425708, 40.080208 ] } },
{ "type": "Feature", "properties": { "fid": 249, "mm_id": 1014882, "name": "1ο ΗΜΕΡΗΣΙΟ ΕΠΑ.Λ. ΓΡΕΒΕΝΩΝ" }, "geometry": { "type": "Point", "coordinates": [ 21.445234, 40.08913 ] } },
{ "type": "Feature", "properties": { "fid": 250, "mm_id": 1014887, "name": "2ο ΗΜΕΡΗΣΙΟ ΓΕΝΙΚΟ ΛΥΚΕΙΟ ΓΡΕΒΕΝΩΝ" }, "geometry": { "type": "Point", "coordinates": [ 21.435507, 40.084847 ] } },
{ "type": "Feature", "properties": { "fid": 251, "mm_id": 1014885, "name": "ΕΣΠΕΡΙΝΟ ΓΕΝΙΚΟ ΛΥΚΕΙΟ ΓΡΕΒΕΝΩΝ" }, "geometry": { "type": "Point", "coordinates": [ 21.435868, 40.08464 ] } },
{ "type": "Feature", "properties": { "fid": 252, "mm_id": 1026644, "name": "Εσπερινό ΕΠΑ.Λ. Γρεβενών" }, "geometry": { "type": "Point", "coordinates": [ 21.444869, 40.089213 ] } },
{ "type": "Feature", "properties": { "fid": 253, "mm_id": 1014888, "name": "ΗΜΕΡΗΣΙΟ ΓΕΝΙΚΟ ΛΥΚΕΙΟ ΔΕΣΚΑΤΗΣ ΓΡΕΒΕΝΩΝ" }, "geometry": { "type": "Point", "coordinates": [ 21.811962, 39.921591 ] } },
{ "type": "Feature", "properties": { "fid": 254, "mm_id": 1014889, "name": "ΗΜΕΡΗΣΙΟ ΓΕΝΙΚΟ ΛΥΚΕΙΟ ΚΑΡΠΕΡΟΥ ΓΡΕΒΕΝΩΝ" }, "geometry": { "type": "Point", "coordinates": [ 21.618576, 39.948184 ] } },
{ "type": "Feature", "properties": { "fid": 255, "mm_id": 1001251, "name": "1ο ΗΜΕΡΗΣΙΟ ΓΕΝΙΚΟ ΛΥΚΕΙΟ ΑΓΙΟΥ ΚΗΡΥΚΟΥ ΙΚΑΡΙΑΣ" }, "geometry": { "type": "Point", "coordinates": [ 26.287213, 37.612268 ] } },
{ "type": "Feature", "properties": { "fid": 256, "mm_id": 1001246, "name": "1ο ΗΜΕΡΗΣΙΟ ΕΠΑΛ ΕΥΔΗΛΟΥ ΙΚΑΡΙΑΣ" }, "geometry": { "type": "Point", "coordinates": [ 26.194376, 37.624694 ] } },
{ "type": "Feature", "properties": { "fid": 257, "mm_id": 1011981, "name": "ΓΕΝΙΚΟ ΛΥΚΕΙΟ ΕΥΔΗΛΟΥ ΙΚΑΡΙΑΣ-Αριστείδης Φουτρίδης" }, "geometry": { "type": "Point", "coordinates": [ 26.193513, 37.625311 ] } },
{ "type": "Feature", "properties": { "fid": 258, "mm_id": 1001242, "name": "ΗΜΕΡΗΣΙΟ ΓΥΜΝΑΣΙΟ ΚΑΙ ΛΥΚΕΙΑΚΕΣ ΤΑΞΕΙΣ ΡΑΧΩΝ ΙΚΑΡΙΑΣ" }, "geometry": { "type": "Point", "coordinates": [ 26.076385, 37.599083 ] } },
{ "type": "Feature", "properties": { "fid": 259, "mm_id": 1001240, "name": "ΗΜΕΡΗΣΙΟ ΓΥΜΝΑΣΙΟ ΜΕ ΛΥΚΕΙΑΚΕΣ ΤΑΞΕΙΣ ΦΟΥΡΝΩΝ" }, "geometry": { "type": "Point", "coordinates": [ 26.482243, 37.576579 ] } },
{ "type": "Feature", "properties": { "fid": 260, "mm_id": 1001122, "name": "ΓΥΜΝΑΣΙΟ με Λ.Τ. ΣΕΡΙΦΟΥ" }, "geometry": { "type": "Point", "coordinates": [ 24.514538, 37.141507 ] } },
{ "type": "Feature", "properties": { "fid": 261, "mm_id": 1001094, "name": "ΓΥΜΝΑΣΙΟ ΜΕ ΛΥΚΕΙΑΚΕΣ ΤΑΞΕΙΣ ΚΙΜΩΛΟΥ" }, "geometry": { "type": "Point", "coordinates": [ 24.573895, 36.791196 ] } },
{ "type": "Feature", "properties": { "fid": 262, "mm_id": 1018907, "name": "ΓΥΜΝΑΣΙΟ ΜΕ ΛΥΚΕΙΑΚΕΣ ΤΑΞΕΙΣ ΣΙΦΝΟΥ - \"ΝΙΚΟΛΑΟΣ Γ. ΠΡΟΜΠΟΝΑΣ\"" }, "geometry": { "type": "Point", "coordinates": [ 24.723982, 36.970013 ] } },
{ "type": "Feature", "properties": { "fid": 263, "mm_id": 1014540, "name": "1ο ΗΜΕΡΗΣΙΟ ΓΕΝΙΚΟ ΛΥΚΕΙΟ ΑΡΓΟΥΣ ΑΡΓΟΛΙΔΑΣ" }, "geometry": { "type": "Point", "coordinates": [ 22.730892, 37.642808 ] } },
{ "type": "Feature", "properties": { "fid": 264, "mm_id": 1014536, "name": "1ο ΗΜΕΡΗΣΙΟ ΓΕΝΙΚΟ ΛΥΚΕΙΟ ΝΑΥΠΛΙΟΥ ΑΡΓΟΛΙΔΑΣ" }, "geometry": { "type": "Point", "coordinates": [ 22.799537, 37.566331 ] } },
{ "type": "Feature", "properties": { "fid": 265, "mm_id": 1014532, "name": "1ο ΗΜΕΡΗΣΙΟ ΕΠΑ.Λ. ΚΡΑΝΙΔΙΟΥ" }, "geometry": { "type": "Point", "coordinates": [ 23.162098, 37.37418 ] } },
{ "type": "Feature", "properties": { "fid": 266, "mm_id": 1014533, "name": "1ο ΗΜΕΡΗΣΙΟ ΕΠΑΛ ΝΑΥΠΛΙΟΥ ΑΡΓΟΛΙΔΑΣ" }, "geometry": { "type": "Point", "coordinates": [ 22.829276, 37.575583 ] } },
{ "type": "Feature", "properties": { "fid": 267, "mm_id": 1014541, "name": "2ο ΗΜΕΡΗΣΙΟ ΓΕΝΙΚΟ ΛΥΚΕΙΟ ΑΡΓΟΥΣ ΑΡΓΟΛΙΔΑΣ" }, "geometry": { "type": "Point", "coordinates": [ 22.713472, 37.627232 ] } },
{ "type": "Feature", "properties": { "fid": 268, "mm_id": 1014537, "name": "2ο ΗΜΕΡΗΣΙΟ ΓΕΝΙΚΟ ΛΥΚΕΙΟ ΝΑΥΠΛΙΟΥ ΑΡΓΟΛΙΔΑΣ" }, "geometry": { "type": "Point", "coordinates": [ 22.799411, 37.566953 ] } },
{ "type": "Feature", "properties": { "fid": 269, "mm_id": 1014539, "name": "3ο ΗΜΕΡΗΣΙΟ ΓΕΝΙΚΟ ΛΥΚΕΙΟ ΑΡΓΟΥΣ ΑΡΓΟΛΙΔΑΣ - ΣΠΥΡΙΔΩΝ ΤΡΙΚΟΥΠΗΣ" }, "geometry": { "type": "Point", "coordinates": [ 22.750064, 37.624235 ] } },
{ "type": "Feature", "properties": { "fid": 270, "mm_id": 1014530, "name": "ΕΝΙΑΙΟ ΕΙΔΙΚΟ ΕΠΑΓΓΕΛΜΑΤΙΚΟ ΓΥΜΝΑΣΙΟ - ΛΥΚΕΙΟ ΑΡΓΟΛΙΔΑΣ" }, "geometry": { "type": "Point", "coordinates": [ 22.862686, 37.556242 ] } },
{ "type": "Feature", "properties": { "fid": 271, "mm_id": 1014538, "name": "ΕΣΠΕΡΙΝΟ ΓΕΝΙΚΟ ΛΥΚΕΙΟ ΝΑΥΠΛΙΟΥ ΑΡΓΟΛΙΔΑΣ" }, "geometry": { "type": "Point", "coordinates": [ 22.799282, 37.566383 ] } },
{ "type": "Feature", "properties": { "fid": 272, "mm_id": 1027046, "name": "Εσπερινό ΕΠΑ.Λ. Άργους" }, "geometry": { "type": "Point", "coordinates": [ 22.748996, 37.624296 ] } },
{ "type": "Feature", "properties": { "fid": 273, "mm_id": 1027191, "name": "Εσπερινό ΕΠΑ.Λ. Κρανιδίου" }, "geometry": { "type": "Point", "coordinates": [ 23.162097, 37.374205 ] } },
{ "type": "Feature", "properties": { "fid": 274, "mm_id": 1014542, "name": "ΗΜΕΡΗΣΙΟ ΓΕΝΙΚΟ ΛΥΚΕΙΟ ΑΓΙΑΣ ΤΡΙΑΔΑΣ ΑΡΓΟΛΙΔΑΣ" }, "geometry": { "type": "Point", "coordinates": [ 22.813179, 37.639886 ] } },
{ "type": "Feature", "properties": { "fid": 275, "mm_id": 1014544, "name": "ΗΜΕΡΗΣΙΟ ΓΕΝΙΚΟ ΛΥΚΕΙΟ ΕΡΜΙΟΝΗΣ - ΠΑΠΑΒΑΣΙΛΕΙΟΥ" }, "geometry": { "type": "Point", "coordinates": [ 23.239065, 37.389405 ] } },
{ "type": "Feature", "properties": { "fid": 276, "mm_id": 1014543, "name": "ΗΜΕΡΗΣΙΟ ΓΕΝΙΚΟ ΛΥΚΕΙΟ ΚΡΑΝΙΔΙΟΥ ΑΡΓΟΛΙΔΑΣ" }, "geometry": { "type": "Point", "coordinates": [ 23.151024, 37.383247 ] } },
{ "type": "Feature", "properties": { "fid": 277, "mm_id": 1014545, "name": "ΗΜΕΡΗΣΙΟ ΓΕΝΙΚΟ ΛΥΚΕΙΟ ΛΥΓΟΥΡΙΟΥ ΑΡΓΟΛΙΔΑΣ" }, "geometry": { "type": "Point", "coordinates": [ 23.045702, 37.612546 ] } },
{ "type": "Feature", "properties": { "fid": 278, "mm_id": 1000012, "name": "ΙΔΙΩΤΙΚΟ ΗΜΕΡΗΣΙΟ ΛΥΚΕΙΟ ΑΡΓΟΥΣ - ΑΥΤΕΝΕΡΓΩ" }, "geometry": { "type": "Point", "coordinates": [ 22.722691, 37.614669 ] } },
{ "type": "Feature", "properties": { "fid": 279, "mm_id": 1026822, "name": "ΚΑΛΛΙΤΕΧΝΙΚΟ ΓΥΜΝΑΣΙΟ ΑΡΓΟΛΙΔΑΣ" }, "geometry": { "type": "Point", "coordinates": [ 22.836996, 37.711342 ] } },
{ "type": "Feature", "properties": { "fid": 280, "mm_id": 1014517, "name": "ΜΟΥΣΙΚΟ ΓΥΜΝΑΣΙΟ ΠΡΟΣΥΜΝΗ - ΜΟΥΣΙΚΟ ΣΧΟΛΕΙΟ ΑΡΓΟΛΙΔΑΣ" }, "geometry": { "type": "Point", "coordinates": [ 22.833284, 37.712208 ] } },
{ "type": "Feature", "properties": { "fid": 281, "mm_id": 1026889, "name": "Πρότυπο Επαγγελματικό Λύκειο (Π.ΕΠΑ.Λ.) Άργους" }, "geometry": { "type": "Point", "coordinates": [ 22.749059, 37.624247 ] } },
{ "type": "Feature", "properties": { "fid": 282, "mm_id": 1000792, "name": "ΕΣΠΕΡΙΝΟ ΓΥΜΝΑΣΙΟ - ΛΥΚΕΙΑΚΕΣ ΤΑΞΕΙΣ ΚΑΛΥΜΝΟΥ" }, "geometry": { "type": "Point", "coordinates": [ 26.977172, 36.95458 ] } },
{ "type": "Feature", "properties": { "fid": 283, "mm_id": 1014374, "name": "ΕΣΠΕΡΙΝΟ ΓΥΜΝΑΣΙΟ ΛΥΚΕΙΑΚΕΣ ΤΑΞΕΙΣ ΛΕΡΟΥ" }, "geometry": { "type": "Point", "coordinates": [ 26.855255, 37.154049 ] } },
{ "type": "Feature", "properties": { "fid": 284, "mm_id": 1027048, "name": "ΕΣΠΕΡΙΝΟ ΓΥΜΝΑΣΙΟ ΜΕ ΛΥΚΕΙΑΚΕΣ ΤΑΞΕΙΣ ΑΣΤΥΠΑΛΑΙΑΣ" }, "geometry": { "type": "Point", "coordinates": [ 26.354107, 36.550219 ] } },
{ "type": "Feature", "properties": { "fid": 285, "mm_id": 1012029, "name": "ΗΜΕΡΗΣΙΟ ΓΥΜΝΑΣΙΟ Λ.Τ. ΑΓΑΘΟΝΗΣΙΟΥ" }, "geometry": { "type": "Point", "coordinates": [ 26.971393, 37.458903 ] } },
{ "type": "Feature", "properties": { "fid": 286, "mm_id": 1000770, "name": "ΗΜΕΡΗΣΙΟ ΓΥΜΝΑΣΙΟ ΛΕΙΨΩΝ - ΓΥΜΝΑΣΙΟ Λ.Τ ΛΕΙΨΩΝ" }, "geometry": { "type": "Point", "coordinates": [ 26.773128, 37.297405 ] } },
{ "type": "Feature", "properties": { "fid": 287, "mm_id": 1000788, "name": "ΗΜΕΡΗΣΙΟ ΓΥΜΝΑΣΙΟ ΛΥΚΕΙΑΚΕΣ ΤΑΞΕΙΣ ΑΣΤΥΠΑΛΑΙΑΣ" }, "geometry": { "type": "Point", "coordinates": [ 26.35397, 36.550182 ] } },
{ "type": "Feature", "properties": { "fid": 288, "mm_id": 1011723, "name": "ΓΥΜΝΑΣΙΟ ΜΕ Λ.Τ. ΓΑΥΡΙΟΥ" }, "geometry": { "type": "Point", "coordinates": [ 24.813691, 37.873896 ] } },
{ "type": "Feature", "properties": { "fid": 289, "mm_id": 1001084, "name": "ΓΥΜΝΑΣΙΟ με Λ.Τ. ΚΟΡΘΙΟΥ" }, "geometry": { "type": "Point", "coordinates": [ 24.948901, 37.764189 ] } },
{ "type": "Feature", "properties": { "fid": 290, "mm_id": 1015772, "name": "1ο ΗΜΕΡΗΣΙΟ ΓΕΝΙΚΟ ΛΥΚΕΙΟ ΣΠΑΡΤΗΣ" }, "geometry": { "type": "Point", "coordinates": [ 22.432156, 37.069234 ] } },
{ "type": "Feature", "properties": { "fid": 291, "mm_id": 1018592, "name": "1ο ΗΜΕΡΗΣΙΟ ΕΠΑ.Λ. ΣΠΑΡΤΗΣ" }, "geometry": { "type": "Point", "coordinates": [ 22.43189, 37.066064 ] } },
{ "type": "Feature", "properties": { "fid": 292, "mm_id": 1015768, "name": "1ο ΗΜΕΡΗΣΙΟ ΕΠΑΛ ΒΟΙΩΝ" }, "geometry": { "type": "Point", "coordinates": [ 23.053858, 36.520055 ] } },
{ "type": "Feature", "properties": { "fid": 293, "mm_id": 1015765, "name": "1ο ΗΜΕΡΗΣΙΟ ΕΠΑΛ ΜΟΛΑΩΝ" }, "geometry": { "type": "Point", "coordinates": [ 22.861948, 36.803192 ] } },
{ "type": "Feature", "properties": { "fid": 294, "mm_id": 1015773, "name": "2ο ΗΜΕΡΗΣΙΟ ΓΕΝΙΚΟ ΛΥΚΕΙΟ ΣΠΑΡΤΗΣ" }, "geometry": { "type": "Point", "coordinates": [ 22.431811, 37.070105 ] } },
{ "type": "Feature", "properties": { "fid": 295, "mm_id": 1015785, "name": "3ο ΗΜΕΡΗΣΙΟ ΓΕΝΙΚΟ ΛΥΚΕΙΟ ΣΠΑΡΤΗΣ" }, "geometry": { "type": "Point", "coordinates": [ 22.420987, 37.078771 ] } },
{ "type": "Feature", "properties": { "fid": 296, "mm_id": 1015775, "name": "ΓΕΝΙΚΟ ΛΥΚΕΙΟ ΑΡΕΟΠΟΛΗΣ" }, "geometry": { "type": "Point", "coordinates": [ 22.382034, 36.668513 ] } },
{ "type": "Feature", "properties": { "fid": 297, "mm_id": 1015784, "name": "ΓΕΝΙΚΟ ΛΥΚΕΙΟ ΓΕΡΑΚΙΟΥ ΛΑΚΩΝΙΑΣ" }, "geometry": { "type": "Point", "coordinates": [ 22.697523, 36.996325 ] } },
{ "type": "Feature", "properties": { "fid": 298, "mm_id": 1015777, "name": "ΓΕΝΙΚΟ ΛΥΚΕΙΟ ΓΥΘΕΙΟΥ" }, "geometry": { "type": "Point", "coordinates": [ 22.566168, 36.760654 ] } },
{ "type": "Feature", "properties": { "fid": 299, "mm_id": 1015760, "name": "ΓΥΜΝΑΣΙΟ- ΜΕ ΛΥΚΕΙΑΚΕΣ ΤΑΞΕΙΣ ΞΗΡΟΚΑΜΠΙΟΥ -ΛΑΚΩΝΙΑΣ" }, "geometry": { "type": "Point", "coordinates": [ 22.44907, 36.956894 ] } },
{ "type": "Feature", "properties": { "fid": 300, "mm_id": 1027076, "name": "Ενιαίο Ειδικό Επαγγελματικό Γυμνάσιο - Λύκειο (ΕΝ.Ε.Ε.ΓΥ.-Λ.) Ανατολικής Μάνης" }, "geometry": { "type": "Point", "coordinates": [ 22.494268, 36.843069 ] } },
{ "type": "Feature", "properties": { "fid": 301, "mm_id": 1015774, "name": "ΕΣΠΕΡΙΝΟ ΓΕΝΙΚΟ ΛΥΚΕΙΟ ΣΠΑΡΤΗΣ" }, "geometry": { "type": "Point", "coordinates": [ 22.433579, 37.069469 ] } },
{ "type": "Feature", "properties": { "fid": 302, "mm_id": 1025495, "name": "Εσπερινό ΕΠΑ.Λ. Σπάρτης" }, "geometry": { "type": "Point", "coordinates": [ 22.431055, 37.064736 ] } },
{ "type": "Feature", "properties": { "fid": 303, "mm_id": 1015771, "name": "ΗΜΕΡΗΣΙΟ ΓΕΝΙΚΟ ΛΥΚΕΙΟ ΕΛΟΥΣ" }, "geometry": { "type": "Point", "coordinates": [ 22.709568, 36.858829 ] } },
{ "type": "Feature", "properties": { "fid": 304, "mm_id": 1015778, "name": "ΗΜΕΡΗΣΙΟ ΓΕΝΙΚΟ ΛΥΚΕΙΟ ΚΑΣΤΟΡΕΙΟΥ ΛΑΚΩΝΙΑΣ" }, "geometry": { "type": "Point", "coordinates": [ 22.306066, 37.170629 ] } },
{ "type": "Feature", "properties": { "fid": 305, "mm_id": 1015779, "name": "ΗΜΕΡΗΣΙΟ ΓΕΝΙΚΟ ΛΥΚΕΙΟ ΚΡΟΚΕΩΝ \"ΝΙΚΗΦΟΡΟΣ ΒΡΕΤΤΑΚΟΣ\"" }, "geometry": { "type": "Point", "coordinates": [ 22.546082, 36.87955 ] } },
{ "type": "Feature", "properties": { "fid": 306, "mm_id": 1015781, "name": "ΗΜΕΡΗΣΙΟ ΓΕΝΙΚΟ ΛΥΚΕΙΟ ΜΟΛΑΩΝ \"ΘΟΔΩΡΗΣ ΚΑΛΛΙΦΑΤΙΔΗΣ\"" }, "geometry": { "type": "Point", "coordinates": [ 22.859244, 36.802397 ] } },
{ "type": "Feature", "properties": { "fid": 307, "mm_id": 1018230, "name": "ΗΜΕΡΗΣΙΟ ΓΕΝΙΚΟ ΛΥΚΕΙΟ ΜΟΝΕΜΒΑΣΙΑΣ ΛΑΚΩΝΙΑΣ" }, "geometry": { "type": "Point", "coordinates": [ 23.033308, 36.685833 ] } },
{ "type": "Feature", "properties": { "fid": 308, "mm_id": 1015782, "name": "ΗΜΕΡΗΣΙΟ ΓΕΝΙΚΟ ΛΥΚΕΙΟ ΝΕΑΠΟΛΗΣ ΛΑΚΩΝΙΑΣ" }, "geometry": { "type": "Point", "coordinates": [ 23.053892, 36.52088 ] } },
{ "type": "Feature", "properties": { "fid": 309, "mm_id": 1015780, "name": "ΗΜΕΡΗΣΙΟ ΓΕΝΙΚΟ ΛΥΚΕΙΟ ΣΚΑΛΑΣ ΛΑΚΩΝΙΑΣ" }, "geometry": { "type": "Point", "coordinates": [ 22.659836, 36.847158 ] } },
{ "type": "Feature", "properties": { "fid": 310, "mm_id": 1015764, "name": "ΗΜΕΡΗΣΙΟ ΓΥΜΝΑΣΙΟ ΕΛΑΦΟΝΗΣΟΥ ΛΑΚΩΝΙΑΣ ΜΕ ΠΡΟΣΑΡΤΗΜΕΝΗ Α΄ ΛΥΚΕΙΑΚΗ ΤΑΞΗ" }, "geometry": { "type": "Point", "coordinates": [ 22.97952, 36.508737 ] } },
{ "type": "Feature", "properties": { "fid": 311, "mm_id": 1015767, "name": "ΗΜΕΡΗΣΙΟ ΕΠΑΛ ΓΥΘΕΙΟΥ" }, "geometry": { "type": "Point", "coordinates": [ 22.512264, 36.796369 ] } },
{ "type": "Feature", "properties": { "fid": 312, "mm_id": 1015745, "name": "ΜΟΥΣΙΚΟ ΓΥΜΝΑΣΙΟ ΣΠΑΡΤΗΣ με Λυκειακές Τάξεις Α', Β' και Γ'" }, "geometry": { "type": "Point", "coordinates": [ 22.430614, 37.118982 ] } },
{ "type": "Feature", "properties": { "fid": 313, "mm_id": 1015667, "name": "1ο ΗΜΕΡΗΣΙΟ ΓΕΝΙΚΟ ΛΥΚΕΙΟ ΚΟΖΑΝΗΣ" }, "geometry": { "type": "Point", "coordinates": [ 21.787072, 40.309661 ] } },
{ "type": "Feature", "properties": { "fid": 314, "mm_id": 1015674, "name": "1ο ΗΜΕΡΗΣΙΟ ΓΕΝΙΚΟ ΛΥΚΕΙΟ ΠΤΟΛΕΜΑΪΔΑΣ" }, "geometry": { "type": "Point", "coordinates": [ 21.684886, 40.509616 ] } },
{ "type": "Feature", "properties": { "fid": 315, "mm_id": 1017851, "name": "1ο ΗΜΕΡΗΣΙΟ ΕΠΑΛ ΚΟΖΑΝΗΣ" }, "geometry": { "type": "Point", "coordinates": [ 21.803238, 40.302531 ] } },
{ "type": "Feature", "properties": { "fid": 316, "mm_id": 1015656, "name": "1ο ΗΜΕΡΗΣΙΟ ΕΠΑΛ ΣΕΡΒΙΩΝ ΚΟΖΑΝΗΣ" }, "geometry": { "type": "Point", "coordinates": [ 22.008507, 40.187397 ] } },
{ "type": "Feature", "properties": { "fid": 317, "mm_id": 1015658, "name": "1ο ΗΜΕΡΗΣΙΟ ΕΠΑΛ ΣΙΑΤΙΣΤΑΣ ΚΟΖΑΝΗΣ - ΑΝΑΣΤΑΣΙΟΣ ΤΣΙΠΟΣ" }, "geometry": { "type": "Point", "coordinates": [ 21.550925, 40.262171 ] } },
{ "type": "Feature", "properties": { "fid": 318, "mm_id": 1015668, "name": "2ο ΗΜΕΡΗΣΙΟ ΓΕΝΙΚΟ ΛΥΚΕΙΟ ΚΟΖΑΝΗΣ" }, "geometry": { "type": "Point", "coordinates": [ 21.799137, 40.296656 ] } },
{ "type": "Feature", "properties": { "fid": 319, "mm_id": 1015675, "name": "2ο ΗΜΕΡΗΣΙΟ ΓΕΝΙΚΟ ΛΥΚΕΙΟ ΠΤΟΛΕΜΑΪΔΑΣ" }, "geometry": { "type": "Point", "coordinates": [ 21.685272, 40.509634 ] } },
{ "type": "Feature", "properties": { "fid": 320, "mm_id": 1015659, "name": "2ο ΗΜΕΡΗΣΙΟ ΕΠΑ.Λ ΠΤΟΛΕΜΑΪΔΑΣ" }, "geometry": { "type": "Point", "coordinates": [ 21.681861, 40.509488 ] } },
{ "type": "Feature", "properties": { "fid": 321, "mm_id": 1015657, "name": "2ο ΗΜΕΡΗΣΙΟ ΕΠΑΛ ΚΟΖΑΝΗΣ" }, "geometry": { "type": "Point", "coordinates": [ 21.798716, 40.29648 ] } },
{ "type": "Feature", "properties": { "fid": 322, "mm_id": 1015665, "name": "3ο ΕΣΠΕΡΙΝΟ ΕΠΑΛ ΠΤΟΛΕΜΑΪΔΑΣ - ΕΠΑΓΓΕΛΜΑΤΙΚΟ ΛΥΚΕΙΟ" }, "geometry": { "type": "Point", "coordinates": [ 21.66557, 40.510729 ] } },
{ "type": "Feature", "properties": { "fid": 323, "mm_id": 1015666, "name": "3ο ΗΜΕΡΗΣΙΟ ΓΕΝΙΚΟ ΛΥΚΕΙΟ ΠΤΟΛΕΜΑΪΔΑΣ-«Αντώνιος Κεραμόπουλλος»" }, "geometry": { "type": "Point", "coordinates": [ 21.685658, 40.520795 ] } },
{ "type": "Feature", "properties": { "fid": 324, "mm_id": 1018224, "name": "4ο ΕΣΠΕΡΙΝΟ ΕΠΑΛ ΚΟΖΑΝΗΣ" }, "geometry": { "type": "Point", "coordinates": [ 21.80305, 40.30211 ] } },
{ "type": "Feature", "properties": { "fid": 325, "mm_id": 1015670, "name": "4ο ΗΜΕΡΗΣΙΟ ΓΕΝΙΚΟ ΛΥΚΕΙΟ ΚΟΖΑΝΗΣ" }, "geometry": { "type": "Point", "coordinates": [ 21.804834, 40.301524 ] } },
{ "type": "Feature", "properties": { "fid": 326, "mm_id": 1015669, "name": "ΔΗΜΟΣΙΟ ΩΝΑΣΕΙΟ ΣΧΟΛΕΙΟ - ΗΜΕΡΗΣΙΟ ΓΕΝΙΚΟ ΛΥΚΕΙΟ ΚΟΖΑΝΗΣ \n(δυνάμει της παρ 7. του άρθρου 7 του Παραρτήματος Α’ του ν.5174/2025)" }, "geometry": { "type": "Point", "coordinates": [ 21.789615, 40.292689 ] } },
{ "type": "Feature", "properties": { "fid": 327, "mm_id": 1015646, "name": "ΕΝΙΑΙΟ ΕΙΔΙΚΟ ΕΠΑΓΓΕΛΜΑΤΙΚΟ ΓΥΜΝΑΣΙΟ  ΛΥΚΕΙΟ ΑΝΩ ΚΩΜΗΣ ΚΟΖΑΝΗΣ" }, "geometry": { "type": "Point", "coordinates": [ 21.831408, 40.225977 ] } },
{ "type": "Feature", "properties": { "fid": 328, "mm_id": 1025353, "name": "ΕΝΙΑΙΟ ΕΙΔΙΚΟ ΕΠΑΓΓΕΛΜΑΤΙΚΟ ΓΥΜΝΑΣΙΟ-ΛΥΚΕΙΟ ΠΤΟΛΕΜΑΪΔΑΣ" }, "geometry": { "type": "Point", "coordinates": [ 21.661107, 40.51517 ] } },
{ "type": "Feature", "properties": { "fid": 329, "mm_id": 1015621, "name": "ΕΣΠΕΡΙΝΟ ΓΥΜΝΑΣΙΟ ΚΟΖΑΝΗΣ ΜΕ ΛΥΚΕΙΑΚΕΣ ΤΑΞΕΙΣ" }, "geometry": { "type": "Point", "coordinates": [ 21.798177, 40.296157 ] } },
{ "type": "Feature", "properties": { "fid": 330, "mm_id": 1015680, "name": "ΗΜΕΡΗΣΙΟ ΓΕΝΙΚΟ ΛΥΚΕΙΟ ΒΕΛΒΕΝΤΟΥ ΚΟΖΑΝΗΣ - ΖΗΝΩΝ ΠΑΠΑΝΑΣΤΑΣΙΟΥ" }, "geometry": { "type": "Point", "coordinates": [ 22.07478, 40.25298 ] } },
{ "type": "Feature", "properties": { "fid": 331, "mm_id": 1015673, "name": "ΗΜΕΡΗΣΙΟ ΓΕΝΙΚΟ ΛΥΚΕΙΟ ΝΕΑΠΟΛΗΣ ΚΟΖΑΝΗΣ" }, "geometry": { "type": "Point", "coordinates": [ 21.386862, 40.3132 ] } },
{ "type": "Feature", "properties": { "fid": 332, "mm_id": 1015677, "name": "ΗΜΕΡΗΣΙΟ ΓΕΝΙΚΟ ΛΥΚΕΙΟ ΣΕΡΒΙΩΝ ΚΟΖΑΝΗΣ \"ΖΗΣΗΣ ΣΩΤΗΡΙΟΥ\"" }, "geometry": { "type": "Point", "coordinates": [ 22.001966, 40.188214 ] } },
{ "type": "Feature", "properties": { "fid": 333, "mm_id": 1015678, "name": "ΗΜΕΡΗΣΙΟ ΓΕΝΙΚΟ ΛΥΚΕΙΟ ΣΙΑΤΙΣΤΑΣ ΚΟΖΑΝΗΣ - ΓΕΩΡΓΙΟΣ ΠΑΠΑΓΕΩΡΓΙΟΥ" }, "geometry": { "type": "Point", "coordinates": [ 21.551919, 40.261849 ] } },
{ "type": "Feature", "properties": { "fid": 334, "mm_id": 1018036, "name": "ΗΜΕΡΗΣΙΟ ΓΥΜΝΑΣΙΟ ΤΣΟΤΥΛΙΟΥ-Α' Β' Γ' ΛΥΚΕΙΑΚΕΣ ΤΑΞΕΙΣ" }, "geometry": { "type": "Point", "coordinates": [ 21.326755, 40.260819 ] } },
{ "type": "Feature", "properties": { "fid": 335, "mm_id": 1025539, "name": "ΚΑΛΛΙΤΕΧΝΙΚΟ ΓΥΜΝΑΣΙΟ ΜΕ Λ.Τ. ΚΟΖΑΝΗΣ" }, "geometry": { "type": "Point", "coordinates": [ 21.738358, 40.256437 ] } },
{ "type": "Feature", "properties": { "fid": 336, "mm_id": 1015641, "name": "ΚΑΡΟΥΤΕΙΟ ΔΙΑΠ/ΚΟ Γ/ΣΙΟ ΠΕΝΤΑΛΟΦΟΥ ΜΕ ΛΥΚΕΙΑΚΕΣ ΤΑΞΕΙΣ" }, "geometry": { "type": "Point", "coordinates": [ 21.143783, 40.192437 ] } },
{ "type": "Feature", "properties": { "fid": 337, "mm_id": 1015633, "name": "ΜΟΥΣΙΚΟ ΓΥΜΝΑΣΙΟ ΜΕ Λ.Τ ΠΤΟΛΕΜΑΪΔΑΣ \"ΝΙΚΟΛΑΟΣ ΔΟΥΜΠΑΣ\"" }, "geometry": { "type": "Point", "coordinates": [ 21.686738, 40.508355 ] } },
{ "type": "Feature", "properties": { "fid": 338, "mm_id": 1015638, "name": "Μουσικό Γυμνάσιο με Λυκειακές Τάξεις Σιάτιστας - \"Κωνσταντίνος και Ελένη Παπανικολάου\"" }, "geometry": { "type": "Point", "coordinates": [ 21.555091, 40.252425 ] } },
{ "type": "Feature", "properties": { "fid": 339, "mm_id": 1026975, "name": "Πρότυπο Επαγγελματικό Λύκειο (Π.ΕΠΑ.Λ.) Πτολεμαΐδας" }, "geometry": { "type": "Point", "coordinates": [ 21.666921, 40.510406 ] } },
{ "type": "Feature", "properties": { "fid": 340, "mm_id": 1016507, "name": "1ο ΗΜΕΡΗΣΙΟ ΓΕΝΙΚΟ ΛΥΚΕΙΟ ΑΜΦΙΣΣΑΣ ΦΩΚΙΔΑΣ" }, "geometry": { "type": "Point", "coordinates": [ 22.383178, 38.529574 ] } },
{ "type": "Feature", "properties": { "fid": 341, "mm_id": 1016510, "name": "ΓΕΝΙΚΟ ΛΥΚΕΙΟ ΕΥΠΑΛΙΟΥ" }, "geometry": { "type": "Point", "coordinates": [ 21.928692, 38.418533 ] } },
{ "type": "Feature", "properties": { "fid": 342, "mm_id": 1026659, "name": "Ενιαίο Ειδικό Επαγγελματικό Γυμνάσιο-Λύκειο (ΕΝ.Ε.Ε.ΓΥ.-Λ.) Άμφισσας" }, "geometry": { "type": "Point", "coordinates": [ 22.382727, 38.523763 ] } },
{ "type": "Feature", "properties": { "fid": 343, "mm_id": 1027107, "name": "Εσπερινό  ΕΠΑ.Λ  Άμφισσας" }, "geometry": { "type": "Point", "coordinates": [ 22.38272, 38.523757 ] } },
{ "type": "Feature", "properties": { "fid": 344, "mm_id": 1016493, "name": "ΕΣΠΕΡΙΝΟ ΓΥΜΝΑΣΙΟ ΑΜΦΙΣΣΑΣ Λ.Τ." }, "geometry": { "type": "Point", "coordinates": [ 22.379475, 38.52731 ] } },
{ "type": "Feature", "properties": { "fid": 345, "mm_id": 1016509, "name": "ΗΜΕΡΗΣΙΟ ΓΕΝΙΚΟ ΛΥΚΕΙΟ ΓΑΛΑΞΙΔΙΟΥ ΦΩΚΙΔΑΣ" }, "geometry": { "type": "Point", "coordinates": [ 22.375045, 38.369952 ] } },
{ "type": "Feature", "properties": { "fid": 346, "mm_id": 1016512, "name": "ΗΜΕΡΗΣΙΟ ΓΕΝΙΚΟ ΛΥΚΕΙΟ ΓΡΑΒΙΑΣ ΦΩΚΙΔΑΣ" }, "geometry": { "type": "Point", "coordinates": [ 22.430505, 38.677501 ] } },
{ "type": "Feature", "properties": { "fid": 347, "mm_id": 1016508, "name": "ΗΜΕΡΗΣΙΟ ΓΕΝΙΚΟ ΛΥΚΕΙΟ ΙΤΕΑΣ ΦΩΚΙΔΑΣ - ΓΕΝΙΚΟ ΛΥΚΕΙΟ ΙΤΕΑΣ" }, "geometry": { "type": "Point", "coordinates": [ 22.427808, 38.436619 ] } },
{ "type": "Feature", "properties": { "fid": 348, "mm_id": 1016511, "name": "ΗΜΕΡΗΣΙΟ ΓΕΝΙΚΟ ΛΥΚΕΙΟ ΛΙΔΩΡΙΚΙΟΥ ΦΩΚΙΔΑΣ" }, "geometry": { "type": "Point", "coordinates": [ 22.200424, 38.528602 ] } },
{ "type": "Feature", "properties": { "fid": 349, "mm_id": 1016503, "name": "ΗΜΕΡΗΣΙΟ ΓΥΜΝΑΣΙΟ ΕΡΑΤΕΙΝΗΣ ΜΕ ΛΥΚΕΙΑΚΕΣ ΤΑΞΕΙΣ" }, "geometry": { "type": "Point", "coordinates": [ 22.236231, 38.358251 ] } },
{ "type": "Feature", "properties": { "fid": 350, "mm_id": 1016502, "name": "ΜΕΛΕΤΕΙΟ ΓΥΜΝΑΣΙΟ ΚΑΙ ΛΥΚΕΙΑΚΕΣ ΤΑΞΕΙΣ ΔΕΣΦΙΝΑΣ" }, "geometry": { "type": "Point", "coordinates": [ 22.52783, 38.418911 ] } },
{ "type": "Feature", "properties": { "fid": 351, "mm_id": 1016492, "name": "ΜΟΥΣΙΚΟ ΣΧΟΛΕΙΟ ΑΜΦΙΣΣΑΣ - \"ΕΛΕΝΗ ΚΑΡΑΪΝΔΡΟΥ\"" }, "geometry": { "type": "Point", "coordinates": [ 22.383053, 38.525257 ] } },
{ "type": "Feature", "properties": { "fid": 352, "mm_id": 1026982, "name": "Πρότυπο Επαγγελματικό Λύκειο (Π.ΕΠΑ.Λ.) Άμφισσας" }, "geometry": { "type": "Point", "coordinates": [ 22.384147, 38.522565 ] } },
{ "type": "Feature", "properties": { "fid": 353, "mm_id": 1015485, "name": "1ο ΕΣΠΕΡΙΝΟ ΕΠΑ.Λ. ΚΑΡΔΙΤΣΑΣ" }, "geometry": { "type": "Point", "coordinates": [ 21.908321, 39.375295 ] } },
{ "type": "Feature", "properties": { "fid": 354, "mm_id": 1015480, "name": "1ο ΗΜΕΡΗΣΙΟ ΕΠΑ.Λ. ΠΑΛΑΜΑ ΚΑΡΔΙΤΣΑΣ" }, "geometry": { "type": "Point", "coordinates": [ 22.085603, 39.463354 ] } },
{ "type": "Feature", "properties": { "fid": 355, "mm_id": 1015478, "name": "1ο ΗΜΕΡΗΣΙΟ ΕΠΑΛ ΚΑΡΔΙΤΣΑΣ" }, "geometry": { "type": "Point", "coordinates": [ 21.908592, 39.375068 ] } },
{ "type": "Feature", "properties": { "fid": 356, "mm_id": 1015481, "name": "1ο ΗΜΕΡΗΣΙΟ ΕΠΑΛ ΜΟΥΖΑΚΙΟΥ" }, "geometry": { "type": "Point", "coordinates": [ 21.662135, 39.429819 ] } },
{ "type": "Feature", "properties": { "fid": 357, "mm_id": 1015479, "name": "1ο ΗΜΕΡΗΣΙΟ ΕΠΑΛ ΣΟΦΑΔΩΝ" }, "geometry": { "type": "Point", "coordinates": [ 22.105877, 39.324676 ] } },
{ "type": "Feature", "properties": { "fid": 358, "mm_id": 1015487, "name": "1ο ΠΕΙΡΑΜΑΤΙΚΟ ΓΕΝΙΚΟ ΛΥΚΕΙΟ ΚΑΡΔΙΤΣΑΣ" }, "geometry": { "type": "Point", "coordinates": [ 21.934211, 39.367294 ] } },
{ "type": "Feature", "properties": { "fid": 359, "mm_id": 1015488, "name": "2ο ΗΜΕΡΗΣΙΟ ΓΕΝΙΚΟ ΛΥΚΕΙΟ ΚΑΡΔΙΤΣΑΣ" }, "geometry": { "type": "Point", "coordinates": [ 21.909534, 39.375793 ] } },
{ "type": "Feature", "properties": { "fid": 360, "mm_id": 1015484, "name": "2ο ΗΜΕΡΗΣΙΟ ΕΠΑΛ ΚΑΡΔΙΤΣΑΣ" }, "geometry": { "type": "Point", "coordinates": [ 21.908352, 39.376461 ] } },
{ "type": "Feature", "properties": { "fid": 361, "mm_id": 1015489, "name": "3ο ΗΜΕΡΗΣΙΟ ΓΕΝΙΚΟ ΛΥΚΕΙΟ ΚΑΡΔΙΤΣΑΣ" }, "geometry": { "type": "Point", "coordinates": [ 21.905929, 39.358636 ] } },
{ "type": "Feature", "properties": { "fid": 362, "mm_id": 1015490, "name": "4ο ΗΜΕΡΗΣΙΟ ΓΕΝΙΚΟ ΛΥΚΕΙΟ ΚΑΡΔΙΤΣΑΣ" }, "geometry": { "type": "Point", "coordinates": [ 21.936248, 39.359327 ] } },
{ "type": "Feature", "properties": { "fid": 363, "mm_id": 1015486, "name": "5° ΗΜΕΡΗΣΙΟ ΓΕΝΙΚΟ ΛΥΚΕΙΟ ΚΑΡΔΙΤΣΑΣ" }, "geometry": { "type": "Point", "coordinates": [ 21.908236, 39.375943 ] } },
{ "type": "Feature", "properties": { "fid": 364, "mm_id": 1015477, "name": "ΕΝΙΑΙΟ ΕΙΔΙΚΟ ΕΠΑΓΓΕΛΜΑΤΙΚΟ ΓΥΜΝΑΣΙΟ - ΛΥΚΕΙΟ ΣΟΦΑΔΩΝ" }, "geometry": { "type": "Point", "coordinates": [ 22.1064, 39.324855 ] } },
{ "type": "Feature", "properties": { "fid": 365, "mm_id": 1015454, "name": "ΕΣΠΕΡΙΝΟ ΓΥΜΝΑΣΙΟ-ΛΥΚΕΙΑΚΕΣ ΤΑΞΕΙΣ ΚΑΡΔΙΤΣΑΣ" }, "geometry": { "type": "Point", "coordinates": [ 21.918771, 39.366553 ] } },
{ "type": "Feature", "properties": { "fid": 366, "mm_id": 1015498, "name": "ΗΜΕΡΗΣΙΟ ΓΕΝΙΚΟ ΛΥΚΕΙΟ ΛΕΟΝΤΑΡΙΟΥ ΚΑΡΔΙΤΣΑΣ" }, "geometry": { "type": "Point", "coordinates": [ 22.141173, 39.176789 ] } },
{ "type": "Feature", "properties": { "fid": 367, "mm_id": 1015493, "name": "ΗΜΕΡΗΣΙΟ ΓΕΝΙΚΟ ΛΥΚΕΙΟ ΜΟΥΖΑΚΙΟΥ ΚΑΡΔΙΤΣΑΣ" }, "geometry": { "type": "Point", "coordinates": [ 21.66409, 39.432175 ] } },
{ "type": "Feature", "properties": { "fid": 368, "mm_id": 1015492, "name": "ΗΜΕΡΗΣΙΟ ΓΕΝΙΚΟ ΛΥΚΕΙΟ ΠΑΛΑΜΑ ΚΑΡΔΙΤΣΑΣ" }, "geometry": { "type": "Point", "coordinates": [ 22.06624, 39.459801 ] } },
{ "type": "Feature", "properties": { "fid": 369, "mm_id": 1015500, "name": "ΗΜΕΡΗΣΙΟ ΓΕΝΙΚΟ ΛΥΚΕΙΟ ΠΡΟΑΣΤΙΟΥ ΚΑΡΔΙΤΣΑΣ" }, "geometry": { "type": "Point", "coordinates": [ 21.900735, 39.481969 ] } },
{ "type": "Feature", "properties": { "fid": 370, "mm_id": 1015494, "name": "ΗΜΕΡΗΣΙΟ ΓΕΝΙΚΟ ΛΥΚΕΙΟ ΣΟΦΑΔΩΝ ΚΑΡΔΙΤΣΑΣ" }, "geometry": { "type": "Point", "coordinates": [ 22.100129, 39.334378 ] } },
{ "type": "Feature", "properties": { "fid": 371, "mm_id": 1015475, "name": "ΗΜΕΡΗΣΙΟ ΓΥΜΝΑΣΙΟ - ΛΥΚΕΙΑΚΕΣ ΤΑΞΕΙΣ ΙΤΕΑΣ ΚΑΡΔΙΤΣΑΣ" }, "geometry": { "type": "Point", "coordinates": [ 22.16756, 39.451218 ] } },
{ "type": "Feature", "properties": { "fid": 372, "mm_id": 1015471, "name": "ΗΜΕΡΗΣΙΟ ΓΥΜΝΑΣΙΟ - ΛΥΚΕΙΑΚΕΣ ΤΑΞΕΙΣ ΜΗΤΡΟΠΟΛΗΣ ΚΑΡΔΙΤΣΑΣ" }, "geometry": { "type": "Point", "coordinates": [ 21.834584, 39.337184 ] } },
{ "type": "Feature", "properties": { "fid": 373, "mm_id": 1015467, "name": "ΗΜΕΡΗΣΙΟ ΓΥΜΝΑΣΙΟ ΜΕ ΛΥΚΕΙΑΚΕΣ ΤΑΞΕΙΣ ΜΑΓΟΥΛΑΣ ΚΑΡΔΙΤΣΑΣ" }, "geometry": { "type": "Point", "coordinates": [ 21.801804, 39.45887 ] } },
{ "type": "Feature", "properties": { "fid": 374, "mm_id": 1015455, "name": "ΜΟΥΣΙΚΟ ΓΥΜΝΑΣΙΟ ΚΑΡΔΙΤΣΑΣ - ΛΥΚΕΙΑΚΕΣ ΤΑΞΕΙΣ" }, "geometry": { "type": "Point", "coordinates": [ 21.918312, 39.381331 ] } },
{ "type": "Feature", "properties": { "fid": 375, "mm_id": 1013967, "name": "1ο ΗΜΕΡΗΣΙΟ ΕΠΑΛ ΜΟΥΔΡΟΥ ΛΗΜΝΟΥ" }, "geometry": { "type": "Point", "coordinates": [ 25.274744, 39.873782 ] } },
{ "type": "Feature", "properties": { "fid": 376, "mm_id": 1001184, "name": "1ο ΗΜΕΡΗΣΙΟ ΕΠΑΛ ΜΥΡΙΝΑΣ ΛΗΜΝΟΥ" }, "geometry": { "type": "Point", "coordinates": [ 25.063938, 39.877461 ] } },
{ "type": "Feature", "properties": { "fid": 377, "mm_id": 1001189, "name": "ΓΕΝΙΚΟ ΛΥΚΕΙΟ ΜΥΡΙΝΑΣ" }, "geometry": { "type": "Point", "coordinates": [ 25.065331, 39.879924 ] } },
{ "type": "Feature", "properties": { "fid": 378, "mm_id": 1001180, "name": "ΕΣΠΕΡΙΝΟ ΓΥΜΝΑΣΙΟ ΜΕ  ΛΥΚΕΙΑΚΕΣ ΤΑΞΕΙΣ ΜΥΡΙΝΑΣ" }, "geometry": { "type": "Point", "coordinates": [ 25.064247, 39.878055 ] } },
{ "type": "Feature", "properties": { "fid": 379, "mm_id": 1013982, "name": "ΗΜΕΡΗΣΙΟ ΓΕΝΙΚΟ ΛΥΚΕΙΟ ΜΟΥΔΡΟΥ ΛΕΣΒΟΥ - ΓΕΝΙΚΟ ΛΥΚΕΙΟ ΜΟΥΔΡΟΥ" }, "geometry": { "type": "Point", "coordinates": [ 25.274723, 39.873733 ] } },
{ "type": "Feature", "properties": { "fid": 380, "mm_id": 1013964, "name": "ΗΜΕΡΗΣΙΟ ΓΥΜΝΑΣΙΟ ΑΓΙΟΥ ΕΥΣΤΡΑΤΙΟΥ ΛΕΣΒΟΥ - ΓΥΜΝΑΣΙΟ - ΛΤ ΑΓΙΟΥ ΕΥΣΤΡΑΤΙΟΥ" }, "geometry": { "type": "Point", "coordinates": [ 24.99062, 39.539074 ] } },
{ "type": "Feature", "properties": { "fid": 381, "mm_id": 1014858, "name": "1ο  ΓΕΝΙΚΟ ΛΥΚΕΙΟ ΛΙΒΑΔΕΙΑΣ" }, "geometry": { "type": "Point", "coordinates": [ 22.876403, 38.446973 ] } },
{ "type": "Feature", "properties": { "fid": 382, "mm_id": 1014854, "name": "1ο ΕΣΠΕΡΙΝΟ ΕΠΑΛ ΑΛΙΑΡΤΟΥ" }, "geometry": { "type": "Point", "coordinates": [ 23.105424, 38.374377 ] } },
{ "type": "Feature", "properties": { "fid": 383, "mm_id": 1014861, "name": "1ο ΗΜΕΡΗΣΙΟ ΓΕΝΙΚΟ ΛΥΚΕΙΟ ΘΗΒΑΣ-ΑΜΦΙΩΝ" }, "geometry": { "type": "Point", "coordinates": [ 23.311205, 38.321641 ] } },
{ "type": "Feature", "properties": { "fid": 384, "mm_id": 1014838, "name": "1ο ΗΜΕΡΗΣΙΟ ΓΥΜΝΑΣΙΟ ΚΑΠΑΡΕΛΛΙΟΥ ΒΟΙΩΤΙΑΣ - ΧΡΗΣΤΟΣ ΠΑΠΑΘΑΝΑΣΙΟΥ" }, "geometry": { "type": "Point", "coordinates": [ 23.213257, 38.231502 ] } },
{ "type": "Feature", "properties": { "fid": 385, "mm_id": 1014852, "name": "1ο ΗΜΕΡΗΣΙΟ ΕΠΑΓΓΕΛΜΑΤΙΚΟ ΛΥΚΕΙΟ ΘΗΒΑΣ" }, "geometry": { "type": "Point", "coordinates": [ 23.336051, 38.329778 ] } },
{ "type": "Feature", "properties": { "fid": 386, "mm_id": 1014851, "name": "1ο ΗΜΕΡΗΣΙΟ ΕΠΑΓΓΕΛΜΑΤΙΚΟ ΛΥΚΕΙΟ ΛΙΒΑΔΕΙΑΣ" }, "geometry": { "type": "Point", "coordinates": [ 22.86894, 38.440428 ] } },
{ "type": "Feature", "properties": { "fid": 387, "mm_id": 1014853, "name": "1ο ΗΜΕΡΗΣΙΟ ΕΠΑΛ ΟΙΝΟΗΣ ΣΧΗΜΑΤΑΡΙΟΥ" }, "geometry": { "type": "Point", "coordinates": [ 23.573395, 38.351929 ] } },
{ "type": "Feature", "properties": { "fid": 388, "mm_id": 1014862, "name": "2ο ΗΜΕΡΗΣΙΟ ΓΕΝΙΚΟ ΛΥΚΕΙΟ ΘΗΒΑΣ - ΚΑΔΜΕΙΟ" }, "geometry": { "type": "Point", "coordinates": [ 23.321236, 38.322416 ] } },
{ "type": "Feature", "properties": { "fid": 389, "mm_id": 1014859, "name": "2ο ΗΜΕΡΗΣΙΟ ΓΕΝΙΚΟ ΛΥΚΕΙΟ ΛΙΒΑΔΕΙΑΣ" }, "geometry": { "type": "Point", "coordinates": [ 22.883405, 38.444117 ] } },
{ "type": "Feature", "properties": { "fid": 390, "mm_id": 1014863, "name": "3ο ΗΜΕΡΗΣΙΟ ΓΕΝΙΚΟ ΛΥΚΕΙΟ ΘΗΒΑΣ" }, "geometry": { "type": "Point", "coordinates": [ 23.310283, 38.328972 ] } },
{ "type": "Feature", "properties": { "fid": 391, "mm_id": 1014828, "name": "ΓΥΜΝΑΣΙΟ ΚΑΙ ΛΥΚΕΙΑΚΕΣ ΤΑΞΕΙΣ ΔΟΜΒΡΑΙΝΑΣ" }, "geometry": { "type": "Point", "coordinates": [ 22.982675, 38.25133 ] } },
{ "type": "Feature", "properties": { "fid": 392, "mm_id": 1014849, "name": "ΓΥΜΝΑΣΙΟ ΜΕ ΛΥΚΕΙΑΚΕΣ ΤΑΞΕΙΣ ΑΚΡΑΙΦΝΙΟΥ" }, "geometry": { "type": "Point", "coordinates": [ 23.214473, 38.454526 ] } },
{ "type": "Feature", "properties": { "fid": 393, "mm_id": 1027282, "name": "ΕΝΙΑΙΟ ΕΙΔΙΚΟ ΕΠΑΓΓΕΛΜΑΤΙΚΟ ΓΥΜΝΑΣΙΟ (ΕΝ.Ε.Ε.ΓΥ.-Λ.) ΒΟΙΩΤΙΑΣ" }, "geometry": { "type": "Point", "coordinates": [ 23.057416, 38.371516 ] } },
{ "type": "Feature", "properties": { "fid": 394, "mm_id": 1014829, "name": "ΕΣΠΕΡΙΝΟ ΓΥΜΝΑΣΙΟ ΜΕ Λ.Τ. ΘΗΒΑΣ" }, "geometry": { "type": "Point", "coordinates": [ 23.321587, 38.322371 ] } },
{ "type": "Feature", "properties": { "fid": 395, "mm_id": 1014817, "name": "ΕΣΠΕΡΙΝΟ ΓΥΜΝΑΣΙΟ ΜΕ ΛΥΚΕΙΑΚΕΣ ΤΑΞΕΙΣ ΛΙΒΑΔΕΙΑΣ" }, "geometry": { "type": "Point", "coordinates": [ 22.871747, 38.438615 ] } },
{ "type": "Feature", "properties": { "fid": 396, "mm_id": 1024484, "name": "ΕΣΠΕΡΙΝΟ ΕΠΑ.Λ ΛΙΒΑΔΕΙΑΣ" }, "geometry": { "type": "Point", "coordinates": [ 22.868851, 38.440353 ] } },
{ "type": "Feature", "properties": { "fid": 397, "mm_id": 1014870, "name": "ΗΜΕΡΗΣΙΟ ΓΕΝΙΚΟ ΛΥΚΕΙΟ ΑΛΙΑΡΤΟΥ ΒΟΙΩΤΙΑΣ" }, "geometry": { "type": "Point", "coordinates": [ 23.105306, 38.374432 ] } },
{ "type": "Feature", "properties": { "fid": 398, "mm_id": 1014864, "name": "ΗΜΕΡΗΣΙΟ ΓΕΝΙΚΟ ΛΥΚΕΙΟ ΑΡΑΧΩΒΑΣ ΒΟΙΩΤΙΑΣ" }, "geometry": { "type": "Point", "coordinates": [ 22.581256, 38.480345 ] } },
{ "type": "Feature", "properties": { "fid": 399, "mm_id": 1014865, "name": "ΗΜΕΡΗΣΙΟ ΓΕΝΙΚΟ ΛΥΚΕΙΟ ΒΑΓΙΩΝ ΒΟΙΩΤΙΑΣ - ΚΑΒΕΙΡΙΟ" }, "geometry": { "type": "Point", "coordinates": [ 23.171243, 38.31537 ] } },
{ "type": "Feature", "properties": { "fid": 400, "mm_id": 1014867, "name": "ΗΜΕΡΗΣΙΟ ΓΕΝΙΚΟ ΛΥΚΕΙΟ ΔΙΣΤΟΜΟΥ ΒΟΙΩΤΙΑΣ" }, "geometry": { "type": "Point", "coordinates": [ 22.671176, 38.427419 ] } },
{ "type": "Feature", "properties": { "fid": 401, "mm_id": 1014869, "name": "ΗΜΕΡΗΣΙΟ ΓΕΝΙΚΟ ΛΥΚΕΙΟ ΟΙΝΟΦΥΤΩΝ ΒΟΙΩΤΙΑΣ" }, "geometry": { "type": "Point", "coordinates": [ 23.641755, 38.304737 ] } },
{ "type": "Feature", "properties": { "fid": 402, "mm_id": 1014860, "name": "ΗΜΕΡΗΣΙΟ ΓΕΝΙΚΟ ΛΥΚΕΙΟ ΟΡΧΟΜΕΝΟΥ" }, "geometry": { "type": "Point", "coordinates": [ 22.97758, 38.499593 ] } },
{ "type": "Feature", "properties": { "fid": 403, "mm_id": 1014872, "name": "ΗΜΕΡΗΣΙΟ ΓΕΝΙΚΟ ΛΥΚΕΙΟ ΠΑΡΑΛΙΑΣ ΔΙΣΤΟΜΟΥ" }, "geometry": { "type": "Point", "coordinates": [ 22.652278, 38.388811 ] } },
{ "type": "Feature", "properties": { "fid": 404, "mm_id": 1014868, "name": "ΗΜΕΡΗΣΙΟ ΓΕΝΙΚΟ ΛΥΚΕΙΟ ΣΧΗΜΑΤΑΡΙΟΥ ΒΟΙΩΤΙΑΣ" }, "geometry": { "type": "Point", "coordinates": [ 23.572966, 38.351912 ] } },
{ "type": "Feature", "properties": { "fid": 405, "mm_id": 1014847, "name": "ΗΜΕΡΗΣΙΟ ΓΥΜΝΑΣΙΟ - Λ.Τ. ΚΥΡΙΑΚΙΟΥ" }, "geometry": { "type": "Point", "coordinates": [ 22.786999, 38.354152 ] } },
{ "type": "Feature", "properties": { "fid": 406, "mm_id": 1014844, "name": "ΗΜΕΡΗΣΙΟ ΓΥΜΝΑΣΙΟ ΑΓΙΟΥ ΓΕΩΡΓΙΟΥ ΒΟΙΩΤΙΑΣ" }, "geometry": { "type": "Point", "coordinates": [ 22.930336, 38.397063 ] } },
{ "type": "Feature", "properties": { "fid": 407, "mm_id": 1014843, "name": "ΗΜΕΡΗΣΙΟ ΓΥΜΝΑΣΙΟ ΚΑΙ ΛΥΚΕΙΑΚΕΣ ΤΑΞΕΙΣ ΔΑΥΛΕΙΑΣ ΒΟΙΩΤΙΑΣ" }, "geometry": { "type": "Point", "coordinates": [ 22.728983, 38.516462 ] } },
{ "type": "Feature", "properties": { "fid": 408, "mm_id": 1014842, "name": "ΗΜΕΡΗΣΙΟ ΓΥΜΝΑΣΙΟ ΜΕ Λ.Τ. ΑΣΩΠΙΑΣ ΒΟΙΩΤΙΑΣ" }, "geometry": { "type": "Point", "coordinates": [ 23.497633, 38.301663 ] } },
{ "type": "Feature", "properties": { "fid": 409, "mm_id": 1014836, "name": "ΗΜΕΡΗΣΙΟ ΓΥΜΝΑΣΙΟ ΠΥΛΗΣ ΒΟΙΩΤΙΑΣ - ΓΥΜΝΑΣΙΟ ΠΥΛΗΣ ΜΕ ΛΥΚΕΙΑΚΕΣ ΤΑΞΕΙΣ" }, "geometry": { "type": "Point", "coordinates": [ 23.496276, 38.212701 ] } },
{ "type": "Feature", "properties": { "fid": 410, "mm_id": 1014866, "name": "ΗΣΙΟΔΕΙΟ ΓΕΝΙΚΟ ΛΥΚΕΙΟ ΘΕΣΠΙΩΝ" }, "geometry": { "type": "Point", "coordinates": [ 23.150155, 38.306922 ] } },
{ "type": "Feature", "properties": { "fid": 411, "mm_id": 1025332, "name": "ΜΟΥΣΙΚΟ ΓΥΜΝΑΣΙΟ ΛΙΒΑΔΕΙΑΣ" }, "geometry": { "type": "Point", "coordinates": [ 22.93045, 38.3945 ] } },
{ "type": "Feature", "properties": { "fid": 412, "mm_id": 1016253, "name": "1ο ΗΜΕΡΗΣΙΟ ΓΕΝΙΚΟ ΛΥΚΕΙΟ ΚΟΜΟΤΗΝΗΣ ΡΟΔΟΠΗΣ" }, "geometry": { "type": "Point", "coordinates": [ 25.389474, 41.122316 ] } },
{ "type": "Feature", "properties": { "fid": 413, "mm_id": 1016247, "name": "1ο ΗΜΕΡΗΣΙΟ ΕΠΑΛ ΚΟΜΟΤΗΝΗΣ ΡΟΔΟΠΗΣ" }, "geometry": { "type": "Point", "coordinates": [ 25.42055, 41.1056 ] } },
{ "type": "Feature", "properties": { "fid": 414, "mm_id": 1016254, "name": "2ο ΗΜΕΡΗΣΙΟ ΓΕΝΙΚΟ ΛΥΚΕΙΟ ΚΟΜΟΤΗΝΗΣ ΡΟΔΟΠΗΣ" }, "geometry": { "type": "Point", "coordinates": [ 25.397336, 41.124542 ] } },
{ "type": "Feature", "properties": { "fid": 415, "mm_id": 1016249, "name": "2ο ΗΜΕΡΗΣΙΟ ΕΠΑΛ ΚΟΜΟΤΗΝΗΣ ΡΟΔΟΠΗΣ" }, "geometry": { "type": "Point", "coordinates": [ 25.389462, 41.121629 ] } },
{ "type": "Feature", "properties": { "fid": 416, "mm_id": 1016252, "name": "3ο ΠΕΙΡΑΜΑΤΙΚΟ ΓΕΝΙΚΟ ΛΥΚΕΙΟ ΚΟΜΟΤΗΝΗΣ ΡΟΔΟΠΗΣ" }, "geometry": { "type": "Point", "coordinates": [ 25.397375, 41.122342 ] } },
{ "type": "Feature", "properties": { "fid": 417, "mm_id": 1016256, "name": "ΓΕΝΙΚΟ ΛΥΚΕΙΟ ΔΙΑΠΟΛΙΤΙΣΜΙΚΗΣ ΕΚΠΑΙΔΕΥΣΗΣ ΣΑΠΩΝ ΡΟΔΟΠΗΣ - Γ.Λ.Δ.Ε. ΣΑΠΩΝ" }, "geometry": { "type": "Point", "coordinates": [ 25.703503, 41.021616 ] } },
{ "type": "Feature", "properties": { "fid": 418, "mm_id": 1016243, "name": "ΓΥΜΝΑΣΙΟ ΜΕ Λ.Τ. ΞΥΛΑΓΑΝΗΣ" }, "geometry": { "type": "Point", "coordinates": [ 25.427669, 40.971827 ] } },
{ "type": "Feature", "properties": { "fid": 419, "mm_id": 1025355, "name": "ΕΝΙΑΙΟ ΕΙΔΙΚΟ ΕΠΑΓΓΕΛΜΑΤΙΚΟ ΓΥΜΝΑΣΙΟ-ΛΥΚΕΙΟ ΚΟΜΟΤΗΝΗΣ" }, "geometry": { "type": "Point", "coordinates": [ 25.300101, 41.112345 ] } },
{ "type": "Feature", "properties": { "fid": 420, "mm_id": 1016237, "name": "ΕΣΠΕΡΙΝΟ ΓΥΜΝΑΣΙΟ ΜΕ ΛΥΚΕΙΑΚΕΣ ΤΑΞΕΙΣ ΚΟΜΟΤΗΝΗΣ" }, "geometry": { "type": "Point", "coordinates": [ 25.397155, 41.122072 ] } },
{ "type": "Feature", "properties": { "fid": 421, "mm_id": 1027200, "name": "Εσπερινό ΕΠΑ.Λ. Σαπών" }, "geometry": { "type": "Point", "coordinates": [ 25.692872, 41.023472 ] } },
{ "type": "Feature", "properties": { "fid": 422, "mm_id": 1027280, "name": "Εσπερινό ΕΠΑ.Λ. ‘Ιασμου" }, "geometry": { "type": "Point", "coordinates": [ 25.17805, 41.12478 ] } },
{ "type": "Feature", "properties": { "fid": 423, "mm_id": 1016250, "name": "ΕΣΠΕΡΙΝΟ ΕΠΑΛ ΚΟΜΟΤΗΝΗΣ" }, "geometry": { "type": "Point", "coordinates": [ 25.420549, 41.105691 ] } },
{ "type": "Feature", "properties": { "fid": 424, "mm_id": 1016257, "name": "ΗΜΕΡΗΣΙΟ ΓΕΝΙΚΟ ΛΥΚΕΙΟ ΙΑΣΜΟΥ ΡΟΔΟΠΗΣ" }, "geometry": { "type": "Point", "coordinates": [ 25.178226, 41.124615 ] } },
{ "type": "Feature", "properties": { "fid": 425, "mm_id": 1016246, "name": "ΗΜΕΡΗΣΙΟ ΓΥΜΝΑΣΙΟ ΟΡΓΑΝΗΣ ΡΟΔΟΠΗΣ" }, "geometry": { "type": "Point", "coordinates": [ 25.684797, 41.253327 ] } },
{ "type": "Feature", "properties": { "fid": 426, "mm_id": 1020676, "name": "ΜΕΙΟΝΟΤΙΚΟ ΓΥΜΝΑΣΙΟ-ΛΥΚΕΙΟ ΚΟΜΟΤΗΝΗΣ" }, "geometry": { "type": "Point", "coordinates": [ 25.410542, 41.122713 ] } },
{ "type": "Feature", "properties": { "fid": 427, "mm_id": 1018798, "name": "ΜΟΥΣΙΚΟ ΓΥΜΝΑΣΙΟ-ΛΥΚΕΙΟ ΚΟΜΟΤΗΝΗΣ ΡΟΔΟΠΗΣ" }, "geometry": { "type": "Point", "coordinates": [ 25.393116, 41.122688 ] } },
{ "type": "Feature", "properties": { "fid": 428, "mm_id": 1015924, "name": "1ο ΗΜΕΡΗΣΙΟ ΓΕΝΙΚΟ ΛΥΚΕΙΟ ΑΓΙΟΥ ΝΙΚΟΛΑΟΥ ΛΑΣΙΘΙΟΥ" }, "geometry": { "type": "Point", "coordinates": [ 25.707872, 35.20001 ] } },
{ "type": "Feature", "properties": { "fid": 429, "mm_id": 1015926, "name": "1ο ΗΜΕΡΗΣΙΟ ΓΕΝΙΚΟ ΛΥΚΕΙΟ ΙΕΡΑΠΕΤΡΑΣ ΛΑΣΙΘΙΟΥ" }, "geometry": { "type": "Point", "coordinates": [ 25.733873, 35.013606 ] } },
{ "type": "Feature", "properties": { "fid": 430, "mm_id": 1015917, "name": "1ο ΗΜΕΡΗΣΙΟ ΕΠΑΛ ΑΓΙΟΥ ΝΙΚΟΛΑΟΥ" }, "geometry": { "type": "Point", "coordinates": [ 25.707789, 35.200549 ] } },
{ "type": "Feature", "properties": { "fid": 431, "mm_id": 1015918, "name": "1ο ΗΜΕΡΗΣΙΟ ΕΠΑΛ ΙΕΡΑΠΕΤΡΑΣ" }, "geometry": { "type": "Point", "coordinates": [ 25.745747, 35.010792 ] } },
{ "type": "Feature", "properties": { "fid": 432, "mm_id": 1015914, "name": "1ο ΗΜΕΡΗΣΙΟ ΕΠΑΛ ΣΗΤΕΙΑΣ" }, "geometry": { "type": "Point", "coordinates": [ 26.103452, 35.194553 ] } },
{ "type": "Feature", "properties": { "fid": 433, "mm_id": 1015925, "name": "2ο ΓΕΝΙΚΟ ΛΥΚΕΙΟ ΑΓΙΟΥ ΝΙΚΟΛΑΟΥ" }, "geometry": { "type": "Point", "coordinates": [ 25.707527, 35.199872 ] } },
{ "type": "Feature", "properties": { "fid": 434, "mm_id": 1015927, "name": "2ο ΠΕΙΡΑΜΑΤΙΚΟ ΓΕΝΙΚΟ ΛΥΚΕΙΟ ΙΕΡΑΠΕΤΡΑΣ ΛΑΣΙΘΙΟΥ" }, "geometry": { "type": "Point", "coordinates": [ 25.733866, 35.013138 ] } },
{ "type": "Feature", "properties": { "fid": 435, "mm_id": 1015931, "name": "ΓΕΝΙΚΟ ΛΥΚΕΙΟ ΜΑΚΡΥ ΓΙΑΛΟΥ" }, "geometry": { "type": "Point", "coordinates": [ 25.92992, 35.034237 ] } },
{ "type": "Feature", "properties": { "fid": 436, "mm_id": 1015930, "name": "ΓΕΝΙΚΟ ΛΥΚΕΙΟ ΤΖΕΡΜΙΑΔΩΝ ΛΑΣΙΘΙΟΥ" }, "geometry": { "type": "Point", "coordinates": [ 25.490387, 35.197738 ] } },
{ "type": "Feature", "properties": { "fid": 437, "mm_id": 1027166, "name": "Ενιαίο Ειδικό Επαγγελματικό Γυμνάσιο – Λύκειο (ΕΝ.Ε.Ε.ΓΥ.-Λ.) Ιεράπετρας" }, "geometry": { "type": "Point", "coordinates": [ 25.732618, 35.014439 ] } },
{ "type": "Feature", "properties": { "fid": 438, "mm_id": 1027103, "name": "ΕΣΠΕΡΙΝΟ ΓΕΝΙΚΟ ΛΥΚΕΙΟ ΑΓΙΟΥ ΝΙΚΟΛΑΟΥ" }, "geometry": { "type": "Point", "coordinates": [ 25.70784, 35.200092 ] } },
{ "type": "Feature", "properties": { "fid": 439, "mm_id": 1015923, "name": "ΕΣΠΕΡΙΝΟ ΓΕΝΙΚΟ ΛΥΚΕΙΟ ΣΗΤΕΙΑΣ" }, "geometry": { "type": "Point", "coordinates": [ 26.102824, 35.194211 ] } },
{ "type": "Feature", "properties": { "fid": 440, "mm_id": 1015919, "name": "ΕΣΠΕΡΙΝΟ ΕΠΑ.Λ ΙΕΡΑΠΕΤΡΑΣ" }, "geometry": { "type": "Point", "coordinates": [ 25.745651, 35.010475 ] } },
{ "type": "Feature", "properties": { "fid": 441, "mm_id": 1015928, "name": "ΗΜΕΡΗΣΙΟ ΓΕΝΙΚΟ ΛΥΚΕΙΟ ΝΕΑΠΟΛΕΩΣ ΛΑΣΙΘΙΟΥ" }, "geometry": { "type": "Point", "coordinates": [ 25.608692, 35.256537 ] } },
{ "type": "Feature", "properties": { "fid": 442, "mm_id": 1015929, "name": "ΗΜΕΡΗΣΙΟ ΓΕΝΙΚΟ ΛΥΚΕΙΟ ΣΗΤΕΙΑΣ ΛΑΣΙΘΙΟΥ" }, "geometry": { "type": "Point", "coordinates": [ 26.102872, 35.194237 ] } },
{ "type": "Feature", "properties": { "fid": 443, "mm_id": 1026313, "name": "ΜΟΥΣΙΚΟ ΓΥΜΝΑΣΙΟ ΛΑΣΙΘΙΟΥ" }, "geometry": { "type": "Point", "coordinates": [ 25.85839, 35.12253 ] } },
{ "type": "Feature", "properties": { "fid": 444, "mm_id": 1026978, "name": "Πρότυπο Επαγγελματικό Λύκειο (Π.ΕΠΑ.Λ.) Νεάπολης" }, "geometry": { "type": "Point", "coordinates": [ 25.597262, 35.259227 ] } },
{ "type": "Feature", "properties": { "fid": 445, "mm_id": 1001244, "name": "1ο ΗΜΕΡΗΣΙΟ ΕΠΑΛ ΚΑΡΛΟΒΑΣΙΟΥ ΣΑΜΟΥ" }, "geometry": { "type": "Point", "coordinates": [ 26.708411, 37.793318 ] } },
{ "type": "Feature", "properties": { "fid": 446, "mm_id": 1011776, "name": "1ο ΠΕΙΡΑΜΑΤΙΚΟ  ΓΥΜΝΑΣΙΟ ΣΑΜΟΥ ΜΕ ΛΥΚΕΙΑΚΕΣ ΤΑΞΕΙΣ" }, "geometry": { "type": "Point", "coordinates": [ 26.978674, 37.752324 ] } },
{ "type": "Feature", "properties": { "fid": 447, "mm_id": 1027281, "name": "Εσπερινό ΕΠΑ.Λ. Καρλοβασίου" }, "geometry": { "type": "Point", "coordinates": [ 26.708553, 37.79339 ] } },
{ "type": "Feature", "properties": { "fid": 448, "mm_id": 1001249, "name": "ΕΣΠΕΡΙΝΟ ΕΠΑΛ ΒΑΘΥ ΣΑΜΟΥ ''Ελπινίκη Μιχαλούδη''" }, "geometry": { "type": "Point", "coordinates": [ 26.97853, 37.749476 ] } },
{ "type": "Feature", "properties": { "fid": 449, "mm_id": 1001252, "name": "ΗΜΕΡΗΣΙΟ ΓΕΝΙΚΟ ΛΥΚΕΙΟ ΚΑΡΛΟΒΑΣΙΩΝ ΣΑΜΟΥ" }, "geometry": { "type": "Point", "coordinates": [ 26.708601, 37.793332 ] } },
{ "type": "Feature", "properties": { "fid": 450, "mm_id": 1001253, "name": "ΗΜΕΡΗΣΙΟ ΓΕΝΙΚΟ ΛΥΚΕΙΟ ΜΑΡΑΘΟΚΑΜΠΟΥ ΣΑΜΟΥ" }, "geometry": { "type": "Point", "coordinates": [ 26.688082, 37.725859 ] } },
{ "type": "Feature", "properties": { "fid": 451, "mm_id": 1001250, "name": "ΗΜΕΡΗΣΙΟ ΓΕΝΙΚΟ ΛΥΚΕΙΟ ΣΑΜΟΥ - ΠΥΘΑΓΟΡΕΙΟ" }, "geometry": { "type": "Point", "coordinates": [ 26.978758, 37.749618 ] } },
{ "type": "Feature", "properties": { "fid": 452, "mm_id": 1013424, "name": "ΗΜΕΡΗΣΙΟ ΕΠΑΛ ΣΑΜΟΥ - ΜΑΥΡΟΓΕΝΕΙΟ ΕΠΑΛ ΣΑΜΟΥ" }, "geometry": { "type": "Point", "coordinates": [ 26.978503, 37.749443 ] } },
{ "type": "Feature", "properties": { "fid": 453, "mm_id": 1025540, "name": "ΜΟΥΣΙΚΟ ΓΥΜΝΑΣΙΟ ΚΑΙ ΛΥΚΕΙΟ ΣΑΜΟΥ" }, "geometry": { "type": "Point", "coordinates": [ 26.973114, 37.745274 ] } },
{ "type": "Feature", "properties": { "fid": 454, "mm_id": 1001088, "name": "ΓΥΜΝΆΣΙΟ ΜΕ Λ.Τ. ΑΝΑΦΗΣ - \"Μανώλης Γλέζος\"" }, "geometry": { "type": "Point", "coordinates": [ 25.76803, 36.351447 ] } },
{ "type": "Feature", "properties": { "fid": 455, "mm_id": 1001120, "name": "ΓΥΜΝΑΣΙΟ με Λ.Τ. ΘΗΡΑΣΙΑΣ" }, "geometry": { "type": "Point", "coordinates": [ 25.384497, 36.466359 ] } },
{ "type": "Feature", "properties": { "fid": 456, "mm_id": 1001113, "name": "ΓΥΜΝΑΣΙΟ με Λ.Τ. ΣΙΚΙΝΟΥ" }, "geometry": { "type": "Point", "coordinates": [ 25.117995, 36.695343 ] } },
{ "type": "Feature", "properties": { "fid": 457, "mm_id": 1001092, "name": "ΓΥΜΝΑΣΙΟ με Λ.Τ. ΦΟΛΕΓΑΝΔΡΟΥ" }, "geometry": { "type": "Point", "coordinates": [ 24.921897, 36.627721 ] } },
{ "type": "Feature", "properties": { "fid": 458, "mm_id": 1018227, "name": "ΗΜΕΡΗΣΙΟ ΓΥΜΝΑΣΙΟ ΜΕ Λ.Τ. ΙΟΥ- ΒΑΛΕΤΕΙΟ" }, "geometry": { "type": "Point", "coordinates": [ 25.278341, 36.724094 ] } },
{ "type": "Feature", "properties": { "fid": 459, "mm_id": 1027187, "name": "12ο ΗΜΕΡΗΣΙΟ ΓΥΜΝΑΣΙΟ & Λ.Τ. ΒΟΛΟΥ" }, "geometry": { "type": "Point", "coordinates": [ 22.953816, 39.373578 ] } },
{ "type": "Feature", "properties": { "fid": 460, "mm_id": 1027218, "name": "13ο ΗΜΕΡΗΣΙΟ ΓΥΜΝΑΣΙΟ ΒΟΛΟΥ" }, "geometry": { "type": "Point", "coordinates": [ 22.938999, 39.375877 ] } },
{ "type": "Feature", "properties": { "fid": 461, "mm_id": 1001215, "name": "1ο ΗΜΕΡΗΣΙΟ ΓΕΝΙΚΟ ΛΥΚΕΙΟ ΒΟΛΟΥ - ΠΑΓΚΥΠΡΙΟ" }, "geometry": { "type": "Point", "coordinates": [ 22.957605, 39.367044 ] } },
{ "type": "Feature", "properties": { "fid": 462, "mm_id": 1014022, "name": "1ο ΗΜΕΡΗΣΙΟ ΓΕΝΙΚΟ ΛΥΚΕΙΟ Ν.ΑΓΧΙΑΛΟΥ ΜΑΓΝΗΣΙΑΣ" }, "geometry": { "type": "Point", "coordinates": [ 22.798634, 39.271122 ] } },
{ "type": "Feature", "properties": { "fid": 463, "mm_id": 1018041, "name": "1ο ΗΜΕΡΗΣΙΟ ΕΠΑΛ ΑΛΜΥΡΟΥ ΒΟΛΟΥ" }, "geometry": { "type": "Point", "coordinates": [ 22.762549, 39.177405 ] } },
{ "type": "Feature", "properties": { "fid": 464, "mm_id": 1001209, "name": "1ο ΗΜΕΡΗΣΙΟ ΕΠΑΛ ΒΟΛΟΥ" }, "geometry": { "type": "Point", "coordinates": [ 22.954326, 39.359477 ] } },
{ "type": "Feature", "properties": { "fid": 465, "mm_id": 1001211, "name": "1ο ΗΜΕΡΗΣΙΟ ΕΠΑΛ ΝΕΑΣ ΙΩΝΙΑΣ ΜΑΓΝΗΣΙΑΣ" }, "geometry": { "type": "Point", "coordinates": [ 22.94389, 39.392133 ] } },
{ "type": "Feature", "properties": { "fid": 466, "mm_id": 1014013, "name": "1ο ΠΕΙΡΑΜΑΤΙΚΟ ΓΕΝΙΚΟ ΛΥΚΕΙΟ ΝΕΑΣ ΙΩΝΙΑΣ ΜΑΓΝΗΣΙΑΣ" }, "geometry": { "type": "Point", "coordinates": [ 22.939363, 39.379459 ] } },
{ "type": "Feature", "properties": { "fid": 467, "mm_id": 1011980, "name": "2ο ΕΠΑΛ ΒΟΛΟΥ ΕΣΠΕΡΙΝΟ" }, "geometry": { "type": "Point", "coordinates": [ 22.954256, 39.357814 ] } },
{ "type": "Feature", "properties": { "fid": 468, "mm_id": 1001214, "name": "2ο ΗΜΕΡΗΣΙΟ ΓΕΝΙΚΟ ΛΥΚΕΙΟ ΝΕΑΣ ΙΩΝΙΑΣ ΒΟΛΟΥ" }, "geometry": { "type": "Point", "coordinates": [ 22.933444, 39.383426 ] } },
{ "type": "Feature", "properties": { "fid": 469, "mm_id": 1027188, "name": "2ο ΗΜΕΡΗΣΙΟ ΓΥΜΝΑΣΙΟ ΝΕΑΣ ΑΓΧΙΑΛΟΥ ΜΕ ΛΥΚΕΙΑΚΕΣ ΤΑΞΕΙΣ" }, "geometry": { "type": "Point", "coordinates": [ 22.740914, 39.24764 ] } },
{ "type": "Feature", "properties": { "fid": 470, "mm_id": 1013423, "name": "2ο ΗΜΕΡΗΣΙΟ ΕΠΑΛ ΝΕΑΣ ΙΩΝΙΑΣ ΒΟΛΟΥ" }, "geometry": { "type": "Point", "coordinates": [ 22.93416, 39.382871 ] } },
{ "type": "Feature", "properties": { "fid": 471, "mm_id": 1001216, "name": "2ο ΠΡΟΤΥΠΟ ΗΜΕΡΗΣΙΟ ΓΕΝΙΚΟ ΛΥΚΕΙΟ ΒΟΛΟΥ" }, "geometry": { "type": "Point", "coordinates": [ 22.964873, 39.351936 ] } },
{ "type": "Feature", "properties": { "fid": 472, "mm_id": 1001217, "name": "3ο ΗΜΕΡΗΣΙΟ ΓΕΝΙΚΟ ΛΥΚΕΙΟ ΒΟΛΟΥ" }, "geometry": { "type": "Point", "coordinates": [ 22.954268, 39.366199 ] } },
{ "type": "Feature", "properties": { "fid": 473, "mm_id": 1001210, "name": "3ο ΗΜΕΡΗΣΙΟ ΕΠΑΛ ΒΟΛΟΥ" }, "geometry": { "type": "Point", "coordinates": [ 22.953274, 39.373442 ] } },
{ "type": "Feature", "properties": { "fid": 474, "mm_id": 1027195, "name": "4ο Εσπερινό ΕΠΑ.Λ. Βόλου" }, "geometry": { "type": "Point", "coordinates": [ 22.953179, 39.373336 ] } },
{ "type": "Feature", "properties": { "fid": 475, "mm_id": 1001213, "name": "4ο ΕΣΠΕΡΙΝΟ ΕΠΑΛ ΝΕΑΣ ΙΩΝΙΑΣ" }, "geometry": { "type": "Point", "coordinates": [ 22.943787, 39.391776 ] } },
{ "type": "Feature", "properties": { "fid": 476, "mm_id": 1001218, "name": "4ο ΗΜΕΡΗΣΙΟ ΓΕΝΙΚΟ ΛΥΚΕΙΟ ΒΟΛΟΥ" }, "geometry": { "type": "Point", "coordinates": [ 22.925572, 39.359485 ] } },
{ "type": "Feature", "properties": { "fid": 477, "mm_id": 1001219, "name": "5ο ΗΜΕΡΗΣΙΟ ΓΕΝΙΚΟ ΛΥΚΕΙΟ ΒΟΛΟΥ" }, "geometry": { "type": "Point", "coordinates": [ 22.958653, 39.368487 ] } },
{ "type": "Feature", "properties": { "fid": 478, "mm_id": 1014292, "name": "6ο ΗΜΕΡΗΣΙΟ ΓΕΝΙΚΟ ΛΥΚΕΙΟ ΒΟΛΟΥ" }, "geometry": { "type": "Point", "coordinates": [ 22.940065, 39.371677 ] } },
{ "type": "Feature", "properties": { "fid": 479, "mm_id": 1014012, "name": "7ο ΗΜΕΡΗΣΙΟ ΓΕΝΙΚΟ ΛΥΚΕΙΟ ΒΟΛΟΥ" }, "geometry": { "type": "Point", "coordinates": [ 22.952261, 39.373147 ] } },
{ "type": "Feature", "properties": { "fid": 480, "mm_id": 1001221, "name": "8ο ΗΜΕΡΗΣΙΟ ΓΕΝΙΚΟ ΛΥΚΕΙΟ ΒΟΛΟΥ" }, "geometry": { "type": "Point", "coordinates": [ 22.969311, 39.356522 ] } },
{ "type": "Feature", "properties": { "fid": 481, "mm_id": 1014008, "name": "ΕΝΙΑΙΟ ΕΙΔΙΚΟ ΕΠΑΓΓΕΛΜΑΤΙΚΟ ΓΥΜΝΑΣΙΟ - ΛΥΚΕΙΟ Ν. ΙΩΝΙΑΣ ΜΑΓΝΗΣΙΑΣ" }, "geometry": { "type": "Point", "coordinates": [ 22.934553, 39.383123 ] } },
{ "type": "Feature", "properties": { "fid": 482, "mm_id": 1027104, "name": "ΕΠΑ.Λ. Ζαγοράς" }, "geometry": { "type": "Point", "coordinates": [ 23.102568, 39.439739 ] } },
{ "type": "Feature", "properties": { "fid": 483, "mm_id": 1001220, "name": "ΕΣΠΕΡΙΝΟ ΓΕΝΙΚΟ ΛΥΚΕΙΟ ΒΟΛΟΥ" }, "geometry": { "type": "Point", "coordinates": [ 22.965077, 39.351579 ] } },
{ "type": "Feature", "properties": { "fid": 484, "mm_id": 1027052, "name": "Εσπερινό ΕΠΑ.Λ. Αλμυρού" }, "geometry": { "type": "Point", "coordinates": [ 22.762308, 39.177778 ] } },
{ "type": "Feature", "properties": { "fid": 485, "mm_id": 1027196, "name": "Εσπερινό ΕΠΑ.Λ. Αργαλαστής" }, "geometry": { "type": "Point", "coordinates": [ 23.219544, 39.225923 ] } },
{ "type": "Feature", "properties": { "fid": 486, "mm_id": 1012422, "name": "ΗΜΕΡΗΣΙΟ ΓΕΝΙΚΟ ΛΥΚΕΙΟ ΑΓΡΙΑΣ ΜΑΓΝΗΣΙΑΣ \"ΝΙΚΟΛΑΟΣ & ΕΛΕΝΗ ΠΟΡΦΥΡΟΓΕΝΗ\"" }, "geometry": { "type": "Point", "coordinates": [ 23.010233, 39.345392 ] } },
{ "type": "Feature", "properties": { "fid": 487, "mm_id": 1014014, "name": "ΗΜΕΡΗΣΙΟ ΓΕΝΙΚΟ ΛΥΚΕΙΟ ΑΛΜΥΡΟΥ ΜΑΓΝΗΣΙΑΣ" }, "geometry": { "type": "Point", "coordinates": [ 22.759622, 39.177017 ] } },
{ "type": "Feature", "properties": { "fid": 488, "mm_id": 1014018, "name": "ΗΜΕΡΗΣΙΟ ΓΕΝΙΚΟ ΛΥΚΕΙΟ ΑΡΓΑΛΑΣΤΗΣ ΜΑΓΝΗΣΙΑΣ" }, "geometry": { "type": "Point", "coordinates": [ 23.222376, 39.226538 ] } },
{ "type": "Feature", "properties": { "fid": 489, "mm_id": 1014015, "name": "ΗΜΕΡΗΣΙΟ ΓΕΝΙΚΟ ΛΥΚΕΙΟ ΒΕΛΕΣΤΙΝΟΥ ΜΑΓΝΗΣΙΑΣ" }, "geometry": { "type": "Point", "coordinates": [ 22.74494, 39.37773 ] } },
{ "type": "Feature", "properties": { "fid": 490, "mm_id": 1014016, "name": "ΗΜΕΡΗΣΙΟ ΓΕΝΙΚΟ ΛΥΚΕΙΟ ΖΑΓΟΡΑΣ ΜΑΓΝΗΣΙΑΣ - Δ. ΠΟΛΥΜΕΡΗΣ" }, "geometry": { "type": "Point", "coordinates": [ 23.102759, 39.439729 ] } },
{ "type": "Feature", "properties": { "fid": 491, "mm_id": 1014021, "name": "ΗΜΕΡΗΣΙΟ ΓΕΝΙΚΟ ΛΥΚΕΙΟ ΚΑΝΑΛΙΩΝ ΜΑΓΝΗΣΙΑΣ" }, "geometry": { "type": "Point", "coordinates": [ 22.884532, 39.495585 ] } },
{ "type": "Feature", "properties": { "fid": 492, "mm_id": 1027198, "name": "ΗΜΕΡΗΣΙΟ ΓΕΝΙΚΟ ΛΥΚΕΙΟ ΜΗΛΕΩΝ" }, "geometry": { "type": "Point", "coordinates": [ 23.122523, 39.306363 ] } },
{ "type": "Feature", "properties": { "fid": 493, "mm_id": 1014017, "name": "ΗΜΕΡΗΣΙΟ ΓΕΝΙΚΟ ΛΥΚΕΙΟ ΤΣΑΓΚΑΡΑΔΑΣ ΜΑΓΝΗΣΙΑΣ - ΑΧΙΛΛΟΠΟΥΛΕΙΟ" }, "geometry": { "type": "Point", "coordinates": [ 23.176813, 39.385441 ] } },
{ "type": "Feature", "properties": { "fid": 494, "mm_id": 1013987, "name": "ΗΜΕΡΗΣΙΟ ΓΥΜΝΑΣΙΟ ΚΑΙ ΛΥΚΕΙΑΚΕΣ ΤΑΞΕΙΣ ΕΥΞΕΙΝΟΥΠΟΛΗΣ ΜΑΓΝΗΣΙΑΣ" }, "geometry": { "type": "Point", "coordinates": [ 22.737653, 39.18503 ] } },
{ "type": "Feature", "properties": { "fid": 495, "mm_id": 1014003, "name": "ΗΜΕΡΗΣΙΟ ΓΥΜΝΑΣΙΟ ΚΑΙ ΛΥΚΕΙΑΚΕΣ ΤΑΞΕΙΣ ΣΟΥΡΠΗΣ ΜΑΓΝΗΣΙΑΣ" }, "geometry": { "type": "Point", "coordinates": [ 22.892632, 39.108281 ] } },
{ "type": "Feature", "properties": { "fid": 496, "mm_id": 1014005, "name": "ΗΜΕΡΗΣΙΟ ΓΥΜΝΑΣΙΟ ΜΕ ΛΥΚΕΙΑΚΕΣ ΤΑΞΕΙΣ ΤΡΙΚΕΡΙΟΥ ΜΑΓΝΗΣΙΑΣ" }, "geometry": { "type": "Point", "coordinates": [ 23.079991, 39.107652 ] } },
{ "type": "Feature", "properties": { "fid": 497, "mm_id": 1018928, "name": "ΗΜΕΡΗΣΙΟ ΓΥΜΝΑΣΙΟ ΠΤΕΛΕΟΣ - ΓΡΑΜΜΑΤΙΚΕΙΟΝ" }, "geometry": { "type": "Point", "coordinates": [ 22.946772, 39.054015 ] } },
{ "type": "Feature", "properties": { "fid": 498, "mm_id": 1026651, "name": "Ημερήσιο ΕΠΑ.Λ. Αργαλαστής" }, "geometry": { "type": "Point", "coordinates": [ 23.222258, 39.226397 ] } },
{ "type": "Feature", "properties": { "fid": 499, "mm_id": 1012034, "name": "ΗΜΕΡΗΣΙΟ ΕΠΑΛ ΑΓΡΙΑΣ ΜΑΓΝΗΣΙΑΣ- \"BΑΓΓΕΛΗΣ ΠΑΠΑΘΑΝΑΣΙΟΥ\"" }, "geometry": { "type": "Point", "coordinates": [ 23.017702, 39.337742 ] } },
{ "type": "Feature", "properties": { "fid": 500, "mm_id": 1021394, "name": "ΙΔΙΩΤΙΚΟ ΓΕΝΙΚΟ ΛΥΚΕΙΟ ΒΟΛΟΥ - ΠΡΟΜΗΘΕΑΣ" }, "geometry": { "type": "Point", "coordinates": [ 22.922572, 39.382763 ] } },
{ "type": "Feature", "properties": { "fid": 501, "mm_id": 1013983, "name": "ΜΟΥΣΙΚΟ ΣΧΟΛΕΙΟ ΒΟΛΟΥ: ΓΥΜΝΑΣΙΟ ΚΑΙ ΛΥΚΕΙΟ" }, "geometry": { "type": "Point", "coordinates": [ 22.95233, 39.373836 ] } },
{ "type": "Feature", "properties": { "fid": 502, "mm_id": 1026979, "name": "ΠΡΟΤΥΠΟ ΕΠΑΓΓΕΛΜΑΤΙΚΟ ΛΥΚΕΙΟ (Π.ΕΠΑ.Λ.) ΒΕΛΕΣΤΙΝΟΥ" }, "geometry": { "type": "Point", "coordinates": [ 22.744477, 39.377366 ] } },
{ "type": "Feature", "properties": { "fid": 503, "mm_id": 1027167, "name": "Ενιαίο Ειδικό Επαγγελματικό Γυμνάσιο – Λύκειο (ΕΝ.Ε.Ε.ΓΥ.-Λ.) Σκιάθου" }, "geometry": { "type": "Point", "coordinates": [ 23.489487, 39.164747 ] } },
{ "type": "Feature", "properties": { "fid": 504, "mm_id": 1027105, "name": "Εσπερινό ΕΠΑ.Λ. Αλοννήσου" }, "geometry": { "type": "Point", "coordinates": [ 23.864195, 39.144238 ] } },
{ "type": "Feature", "properties": { "fid": 505, "mm_id": 1027197, "name": "Εσπερινό ΕΠΑ.Λ. Σκιάθου" }, "geometry": { "type": "Point", "coordinates": [ 23.496647, 39.167588 ] } },
{ "type": "Feature", "properties": { "fid": 506, "mm_id": 1014019, "name": "ΗΜΕΡΗΣΙΟ ΓΕΝΙΚΟ ΛΥΚΕΙΟ ΣΚΙΑΘΟΥ" }, "geometry": { "type": "Point", "coordinates": [ 23.486289, 39.164551 ] } },
{ "type": "Feature", "properties": { "fid": 507, "mm_id": 1014020, "name": "ΗΜΕΡΗΣΙΟ ΓΕΝΙΚΟ ΛΥΚΕΙΟ ΣΚΟΠΕΛΟΥ" }, "geometry": { "type": "Point", "coordinates": [ 23.726657, 39.11774 ] } },
{ "type": "Feature", "properties": { "fid": 508, "mm_id": 1014002, "name": "ΗΜΕΡΗΣΙΟ ΓΥΜΝΑΣΙΟ - ΛΤ ΑΛΟΝΝΗΣΟΥ ΜΑΓΝΗΣΙΑΣ" }, "geometry": { "type": "Point", "coordinates": [ 23.867746, 39.146867 ] } },
{ "type": "Feature", "properties": { "fid": 509, "mm_id": 1013998, "name": "ΗΜΕΡΗΣΙΟ ΓΥΜΝΑΣΙΟ ΜΕ ΛΥΚΕΙΑΚΕΣ ΤΑΞΕΙΣ ΓΛΩΣΣΑΣ ΣΚΟΠΕΛΟΥ" }, "geometry": { "type": "Point", "coordinates": [ 23.618478, 39.174257 ] } },
{ "type": "Feature", "properties": { "fid": 510, "mm_id": 1026688, "name": "ΗΜΕΡΗΣΙΟ ΕΠΑΛ ΣΚΙΑΘΟΥ" }, "geometry": { "type": "Point", "coordinates": [ 23.496651, 39.167453 ] } },
{ "type": "Feature", "properties": { "fid": 511, "mm_id": 1014007, "name": "ΗΜΕΡΗΣΙΟ ΕΠΑΛ ΣΚΟΠΕΛΟΥ" }, "geometry": { "type": "Point", "coordinates": [ 23.740379, 39.120748 ] } },
{ "type": "Feature", "properties": { "fid": 512, "mm_id": 1016611, "name": "1ο Γενικό Λύκειο Χανίων" }, "geometry": { "type": "Point", "coordinates": [ 24.011516, 35.516201 ] } },
{ "type": "Feature", "properties": { "fid": 513, "mm_id": 1016597, "name": "1ο ΕΠΑΛ Χανίων" }, "geometry": { "type": "Point", "coordinates": [ 24.026342, 35.512652 ] } },
{ "type": "Feature", "properties": { "fid": 514, "mm_id": 1016614, "name": "2ο Γενικό Λύκειο Χανίων" }, "geometry": { "type": "Point", "coordinates": [ 24.026273, 35.513318 ] } },
{ "type": "Feature", "properties": { "fid": 515, "mm_id": 1016607, "name": "2ο ΕΠΑΛ Χανίων" }, "geometry": { "type": "Point", "coordinates": [ 24.018814, 35.511256 ] } },
{ "type": "Feature", "properties": { "fid": 516, "mm_id": 1016615, "name": "3ο Γενικό Λύκειο Χανίων" }, "geometry": { "type": "Point", "coordinates": [ 24.024632, 35.506742 ] } },
{ "type": "Feature", "properties": { "fid": 517, "mm_id": 1016616, "name": "4ο Γενικό Λύκειο Χανίων" }, "geometry": { "type": "Point", "coordinates": [ 24.036809, 35.513233 ] } },
{ "type": "Feature", "properties": { "fid": 518, "mm_id": 1016610, "name": "Γενικό Λύκειο Ακρωτηρίου" }, "geometry": { "type": "Point", "coordinates": [ 24.060274, 35.523122 ] } },
{ "type": "Feature", "properties": { "fid": 519, "mm_id": 1016624, "name": "Γενικό Λύκειο Αλικιανού" }, "geometry": { "type": "Point", "coordinates": [ 23.91621, 35.452821 ] } },
{ "type": "Feature", "properties": { "fid": 520, "mm_id": 1016617, "name": "Γενικό Λύκειο Βάμου" }, "geometry": { "type": "Point", "coordinates": [ 24.19901, 35.405927 ] } },
{ "type": "Feature", "properties": { "fid": 521, "mm_id": 1016620, "name": "Γενικό Λύκειο Βουκολιών" }, "geometry": { "type": "Point", "coordinates": [ 23.802024, 35.468634 ] } },
{ "type": "Feature", "properties": { "fid": 522, "mm_id": 1016627, "name": "Γενικό Λύκειο Ελευθερίου Βενιζέλου" }, "geometry": { "type": "Point", "coordinates": [ 24.027168, 35.500118 ] } },
{ "type": "Feature", "properties": { "fid": 523, "mm_id": 1016618, "name": "Γενικό Λύκειο Κισσάμου" }, "geometry": { "type": "Point", "coordinates": [ 23.666699, 35.491608 ] } },
{ "type": "Feature", "properties": { "fid": 524, "mm_id": 1016621, "name": "ΓΕΝΙΚΟ ΛΥΚΕΙΟ ΚΟΛΥΜΒΑΡΙΟΥ" }, "geometry": { "type": "Point", "coordinates": [ 23.78317, 35.537432 ] } },
{ "type": "Feature", "properties": { "fid": 525, "mm_id": 1016626, "name": "Γενικό Λύκειο Νέας Κυδωνίας" }, "geometry": { "type": "Point", "coordinates": [ 23.982341, 35.501545 ] } },
{ "type": "Feature", "properties": { "fid": 526, "mm_id": 1016619, "name": "Γενικό Λύκειο Παλαιόχωρας" }, "geometry": { "type": "Point", "coordinates": [ 23.682025, 35.232432 ] } },
{ "type": "Feature", "properties": { "fid": 527, "mm_id": 1016625, "name": "Γενικό Λύκειο Σούδας" }, "geometry": { "type": "Point", "coordinates": [ 24.065732, 35.487598 ] } },
{ "type": "Feature", "properties": { "fid": 528, "mm_id": 1016622, "name": "Γενικό Λύκειο Χώρας Σφακίων «Γεώργιος Ξενουδάκης»" }, "geometry": { "type": "Point", "coordinates": [ 24.14238, 35.199611 ] } },
{ "type": "Feature", "properties": { "fid": 529, "mm_id": 1027287, "name": "ΕΝΙΑΙΟ ΕΙΔΙΚΟ ΕΠΑΓΓΕΛΜΑΤΙΚΟ ΓΥΜΝΑΣΙΟ (ΕΝ.Ε.Ε.ΓΥ.-Λ.) ΚΙΣΣΑΜΟΥ" }, "geometry": { "type": "Point", "coordinates": [ 23.721295, 35.457043 ] } },
{ "type": "Feature", "properties": { "fid": 530, "mm_id": 1025358, "name": "ΕΝΙΑΙΟ ΕΙΔΙΚΟ ΕΠΑΓΓΕΛΜΑΤΙΚΟ ΓΥΜΝΑΣΙΟ-ΛΥΚΕΙΟ ΧΑΝΙΩΝ" }, "geometry": { "type": "Point", "coordinates": [ 24.012293, 35.48103 ] } },
{ "type": "Feature", "properties": { "fid": 531, "mm_id": 1016603, "name": "ΕΠΑ.Λ. Βρυσών" }, "geometry": { "type": "Point", "coordinates": [ 24.19178, 35.369444 ] } },
{ "type": "Feature", "properties": { "fid": 532, "mm_id": 1016608, "name": "ΕΠΑ.Λ. Καντάνου" }, "geometry": { "type": "Point", "coordinates": [ 23.745292, 35.328448 ] } },
{ "type": "Feature", "properties": { "fid": 533, "mm_id": 1016601, "name": "ΕΠΑ.Λ. Κισσάμου «Μητροπολίτης Ειρηναίος Γαλανάκης»" }, "geometry": { "type": "Point", "coordinates": [ 23.646517, 35.499114 ] } },
{ "type": "Feature", "properties": { "fid": 534, "mm_id": 1016600, "name": "ΕΠΑΛ Ελευθερίου Βενιζέλου" }, "geometry": { "type": "Point", "coordinates": [ 24.016976, 35.483576 ] } },
{ "type": "Feature", "properties": { "fid": 535, "mm_id": 1016612, "name": "ΕΣΠΕΡΙΝΟ ΓΕΝΙΚΟ ΛΥΚΕΙΟ ΧΑΝΙΩΝ" }, "geometry": { "type": "Point", "coordinates": [ 24.036847, 35.512583 ] } },
{ "type": "Feature", "properties": { "fid": 536, "mm_id": 1024649, "name": "Εσπερινό ΕΠΑΛ Πλατανιά" }, "geometry": { "type": "Point", "coordinates": [ 23.894166, 35.507867 ] } },
{ "type": "Feature", "properties": { "fid": 537, "mm_id": 1016598, "name": "Εσπερινό ΕΠΑΛ Χανίων" }, "geometry": { "type": "Point", "coordinates": [ 24.018845, 35.51123 ] } },
{ "type": "Feature", "properties": { "fid": 538, "mm_id": 1001261, "name": "ΙΔΙΩΤΙΚΟ ΓΕΝΙΚΟ ΛΥΚΕΙΟ - ΙΔΙΩΤΙΚΑ ΕΚΠΑΙΔΕΥΤΗΡΙΑ ΘΕΟΔΩΡΟΠΟΥΛΟΥ Α.Ε." }, "geometry": { "type": "Point", "coordinates": [ 24.072321, 35.518989 ] } },
{ "type": "Feature", "properties": { "fid": 539, "mm_id": 1025104, "name": "ΙΔΙΩΤΙΚΟ ΕΠΑΛ - ΙΔΙΩΤΙΚΑ ΕΚΠΑΙΔΕΥΤΗΡΙΑ ΘΕΟΔΩΡΟΠΟΥΛΟΥ Α.Ε." }, "geometry": { "type": "Point", "coordinates": [ 24.072284, 35.518986 ] } },
{ "type": "Feature", "properties": { "fid": 540, "mm_id": 1016591, "name": "ΜΟΥΣΙΚΟ ΣΧΟΛΕΙΟ ΧΑΝΙΩΝ" }, "geometry": { "type": "Point", "coordinates": [ 24.052069, 35.523366 ] } },
{ "type": "Feature", "properties": { "fid": 541, "mm_id": 1027095, "name": "ΠΕΙΡΑΜΑΤΙΚΟ  ΓΕΝΙΚΟ ΛΥΚΕΙΟ ΧΑΝΙΩΝ" }, "geometry": { "type": "Point", "coordinates": [ 24.021218, 35.513232 ] } },
{ "type": "Feature", "properties": { "fid": 542, "mm_id": 1026983, "name": "Πρότυπο Επαγγελματικό Λύκειο (Π.ΕΠΑ.Λ.) Ακρωτηρίου" }, "geometry": { "type": "Point", "coordinates": [ 24.059732, 35.523462 ] } },
{ "type": "Feature", "properties": { "fid": 543, "mm_id": 1014441, "name": "ΓΥΜΝΑΣΙΟΥ ΠΑΛΑΙΡΟΥ ΜΕ ΛΥΚΕΙΑΚΕΣ ΤΑΞΕΙΣ" }, "geometry": { "type": "Point", "coordinates": [ 20.880733, 38.786313 ] } },
{ "type": "Feature", "properties": { "fid": 544, "mm_id": 1014428, "name": "ΕΣΠΕΡΙΝΟ ΓΥΜΝΑΣΙΟ ΑΓΡΙΝΙΟΥ ΜΕ ΛΥΚΕΙΑΚΕΣ ΤΑΞΕΙΣ" }, "geometry": { "type": "Point", "coordinates": [ 21.407074, 38.621627 ] } },
{ "type": "Feature", "properties": { "fid": 545, "mm_id": 1018013, "name": "ΕΣΠΕΡΙΝΟ ΓΥΜΝΑΣΙΟ ΜΕΣΟΛΟΓΓΙΟΥ με ΛΥΚΕΙΑΚΕΣ ΤΑΞΕΙΣ" }, "geometry": { "type": "Point", "coordinates": [ 21.425038, 38.367697 ] } },
{ "type": "Feature", "properties": { "fid": 546, "mm_id": 1014463, "name": "ΗΜΕΡΗΣΙΟ ΓΥΜΝΑΣΙΟ ΦΥΤΕΙΩΝ ΑΙΤΩΛΟΑΚΑΡΝΑΝΙΑΣ - Λ.Τ. ΓΥΜΝΑΣΙΟΥ ΦΥΤΕΙΩΝ" }, "geometry": { "type": "Point", "coordinates": [ 21.190435, 38.695022 ] } },
{ "type": "Feature", "properties": { "fid": 547, "mm_id": 1026310, "name": "ΚΑΛΛΙΤΕΧΝΙΚΟ ΓΥΜΝΑΣΙΟ Ι.Π. ΜΕΣΟΛΟΓΓΙΟΥ ΜΕ ΛΥΚΕΙΑΚΕΣ ΤΑΞΕΙΣ" }, "geometry": { "type": "Point", "coordinates": [ 21.421125, 38.384119 ] } },
{ "type": "Feature", "properties": { "fid": 548, "mm_id": 1014421, "name": "ΜΟΥΣΙΚΟ ΓΥΜΝΑΣΙΟ ΑΓΡΙΝΙΟΥ - ΛΥΚΕΙΑΚΕΣ ΤΑΞΕΙΣ" }, "geometry": { "type": "Point", "coordinates": [ 21.41205, 38.607228 ] } },
{ "type": "Feature", "properties": { "fid": 549, "mm_id": 1018245, "name": "1ο ΗΜΕΡΗΣΙΟ ΓΕΝΙΚΟ ΛΥΚΕΙΟ ΛΑΜΙΑΣ" }, "geometry": { "type": "Point", "coordinates": [ 22.43071, 38.913877 ] } },
{ "type": "Feature", "properties": { "fid": 550, "mm_id": 1016432, "name": "1ο ΗΜΕΡΗΣΙΟ ΕΠΑΛ ΑΤΑΛΑΝΤΗΣ" }, "geometry": { "type": "Point", "coordinates": [ 22.996637, 38.65316 ] } },
{ "type": "Feature", "properties": { "fid": 551, "mm_id": 1016431, "name": "1ο ΗΜΕΡΗΣΙΟ ΕΠΑΛ ΛΑΜΙΑΣ" }, "geometry": { "type": "Point", "coordinates": [ 22.423613, 38.920526 ] } },
{ "type": "Feature", "properties": { "fid": 552, "mm_id": 1016430, "name": "1ο ΗΜΕΡΗΣΙΟ ΕΠΑΛ ΜΑΚΡΑΚΩΜΗΣ ΦΘΙΩΤΙΔΑΣ" }, "geometry": { "type": "Point", "coordinates": [ 22.121463, 38.952602 ] } },
{ "type": "Feature", "properties": { "fid": 553, "mm_id": 1016438, "name": "2ο Ημερήσιο Γενικό Λύκειο Λαμίας" }, "geometry": { "type": "Point", "coordinates": [ 22.446422, 38.894182 ] } },
{ "type": "Feature", "properties": { "fid": 554, "mm_id": 1016433, "name": "2ο ΗΜΕΡΗΣΙΟ ΕΠΑΛ ΛΑΜΙΑΣ" }, "geometry": { "type": "Point", "coordinates": [ 22.436629, 38.900073 ] } },
{ "type": "Feature", "properties": { "fid": 555, "mm_id": 1016434, "name": "3ο ΕΣΠΕΡΙΝΟ ΕΠΑΛ ΛΑΜΙΑΣ" }, "geometry": { "type": "Point", "coordinates": [ 22.423699, 38.920894 ] } },
{ "type": "Feature", "properties": { "fid": 556, "mm_id": 1016439, "name": "3ο ΗΜΕΡΗΣΙΟ ΓΕΝΙΚΟ ΛΥΚΕΙΟ ΛΑΜΙΑΣ - ΜΟΥΣΤΑΚΕΙΟ ΛΥΚΕΙΟ" }, "geometry": { "type": "Point", "coordinates": [ 22.446551, 38.903367 ] } },
{ "type": "Feature", "properties": { "fid": 557, "mm_id": 1017922, "name": "4ο ΠΕΙΡΑΜΑΤΙΚΟ ΗΜΕΡΗΣΙΟ ΓΕΝΙΚΟ ΛΥΚΕΙΟ ΛΑΜΙΑΣ" }, "geometry": { "type": "Point", "coordinates": [ 22.430239, 38.91313 ] } },
{ "type": "Feature", "properties": { "fid": 558, "mm_id": 1016441, "name": "5ο ΗΜΕΡΗΣΙΟ ΓΕΝΙΚΟ ΛΥΚΕΙΟ ΛΑΜΙΑΣ" }, "geometry": { "type": "Point", "coordinates": [ 22.420687, 38.88811 ] } },
{ "type": "Feature", "properties": { "fid": 559, "mm_id": 1016436, "name": "6ο ΗΜΕΡΗΣΙΟ ΓΕΝΙΚΟ ΛΥΚΕΙΟ ΛΑΜΙΑΣ" }, "geometry": { "type": "Point", "coordinates": [ 22.430677, 38.890013 ] } },
{ "type": "Feature", "properties": { "fid": 560, "mm_id": 1024663, "name": "ΕΝΙΑΙΟ ΕΙΔΙΚΟ ΕΠΑΓΓΕΛΜΑΤΙΚΟ ΓΥΜΝΑΣΙΟ-ΛΥΚΕΙΟ ΛΑΜΙΑΣ" }, "geometry": { "type": "Point", "coordinates": [ 22.311159, 38.915124 ] } },
{ "type": "Feature", "properties": { "fid": 561, "mm_id": 1016440, "name": "ΕΣΠΕΡΙΝΟ ΓΕΝΙΚΟ ΛΥΚΕΙΟ ΛΑΜΙΑΣ" }, "geometry": { "type": "Point", "coordinates": [ 22.436629, 38.900073 ] } },
{ "type": "Feature", "properties": { "fid": 562, "mm_id": 1016443, "name": "ΗΜΕΡΗΣΙΟ ΓΕΝΙΚΟ ΛΥΚΕΙΟ ΑΜΦΙΚΛΕΙΑΣ ΦΘΙΩΤΙΔΑΣ" }, "geometry": { "type": "Point", "coordinates": [ 22.588962, 38.642002 ] } },
{ "type": "Feature", "properties": { "fid": 563, "mm_id": 1016444, "name": "ΗΜΕΡΗΣΙΟ ΓΕΝΙΚΟ ΛΥΚΕΙΟ ΑΤΑΛΑΝΤΗΣ ΦΘΙΩΤΙΔΑΣ" }, "geometry": { "type": "Point", "coordinates": [ 23.005591, 38.658782 ] } },
{ "type": "Feature", "properties": { "fid": 564, "mm_id": 1016445, "name": "ΗΜΕΡΗΣΙΟ ΓΕΝΙΚΟ ΛΥΚΕΙΟ ΔΟΜΟΚΟΥ ΦΘΙΩΤΙΔΑΣ" }, "geometry": { "type": "Point", "coordinates": [ 22.298448, 39.128832 ] } },
{ "type": "Feature", "properties": { "fid": 565, "mm_id": 1016451, "name": "ΗΜΕΡΗΣΙΟ ΓΕΝΙΚΟ ΛΥΚΕΙΟ ΕΛΑΤΕΙΑΣ" }, "geometry": { "type": "Point", "coordinates": [ 22.761271, 38.629571 ] } },
{ "type": "Feature", "properties": { "fid": 566, "mm_id": 1016459, "name": "ΗΜΕΡΗΣΙΟ ΓΕΝΙΚΟ ΛΥΚΕΙΟ ΚΑΜΕΝΩΝ ΒΟΥΡΛΩΝ ΦΘΙΩΤΙΔΑΣ" }, "geometry": { "type": "Point", "coordinates": [ 22.786389, 38.775663 ] } },
{ "type": "Feature", "properties": { "fid": 567, "mm_id": 1016455, "name": "ΗΜΕΡΗΣΙΟ ΓΕΝΙΚΟ ΛΥΚΕΙΟ ΚΑΤΩ ΤΙΘΟΡΕΑΣ ΦΘΙΩΤΙΔΑΣ" }, "geometry": { "type": "Point", "coordinates": [ 22.706698, 38.604611 ] } },
{ "type": "Feature", "properties": { "fid": 568, "mm_id": 1016457, "name": "ΗΜΕΡΗΣΙΟ ΓΕΝΙΚΟ ΛΥΚΕΙΟ ΛΙΒΑΝΑΤΩΝ" }, "geometry": { "type": "Point", "coordinates": [ 23.047364, 38.702749 ] } },
{ "type": "Feature", "properties": { "fid": 569, "mm_id": 1016446, "name": "ΗΜΕΡΗΣΙΟ ΓΕΝΙΚΟ ΛΥΚΕΙΟ ΜΑΚΡΑΚΩΜΗΣ" }, "geometry": { "type": "Point", "coordinates": [ 22.11543, 38.941341 ] } },
{ "type": "Feature", "properties": { "fid": 570, "mm_id": 1016456, "name": "ΗΜΕΡΗΣΙΟ ΓΕΝΙΚΟ ΛΥΚΕΙΟ ΜΑΛΕΣΙΝΑΣ ΦΘΙΩΤΙΔΑΣ" }, "geometry": { "type": "Point", "coordinates": [ 23.234674, 38.617829 ] } },
{ "type": "Feature", "properties": { "fid": 571, "mm_id": 1016452, "name": "ΗΜΕΡΗΣΙΟ ΓΕΝΙΚΟ ΛΥΚΕΙΟ ΜΑΡΤΙΝΟΥ ΦΘΙΩΤΙΔΑΣ" }, "geometry": { "type": "Point", "coordinates": [ 23.21188, 38.566883 ] } },
{ "type": "Feature", "properties": { "fid": 572, "mm_id": 1016447, "name": "ΗΜΕΡΗΣΙΟ ΓΕΝΙΚΟ ΛΥΚΕΙΟ ΜΩΛΟΥ ΦΘΙΩΤΙΔΟΣ" }, "geometry": { "type": "Point", "coordinates": [ 22.641081, 38.811439 ] } },
{ "type": "Feature", "properties": { "fid": 573, "mm_id": 1016454, "name": "ΗΜΕΡΗΣΙΟ ΓΕΝΙΚΟ ΛΥΚΕΙΟ ΠΕΛΑΣΓΙΑΣ ΦΘΙΩΤΙΔΑΣ" }, "geometry": { "type": "Point", "coordinates": [ 22.837217, 38.944936 ] } },
{ "type": "Feature", "properties": { "fid": 574, "mm_id": 1016448, "name": "ΗΜΕΡΗΣΙΟ ΓΕΝΙΚΟ ΛΥΚΕΙΟ ΣΠΕΡΧΕΙΑΔΑΣ ΦΘΙΩΤΙΔΑΣ" }, "geometry": { "type": "Point", "coordinates": [ 22.119801, 38.907988 ] } },
{ "type": "Feature", "properties": { "fid": 575, "mm_id": 1016442, "name": "ΗΜΕΡΗΣΙΟ ΓΕΝΙΚΟ ΛΥΚΕΙΟ ΣΤΥΛΙΔΑΣ" }, "geometry": { "type": "Point", "coordinates": [ 22.606332, 38.916513 ] } },
{ "type": "Feature", "properties": { "fid": 576, "mm_id": 1016449, "name": "ΗΜΕΡΗΣΙΟ ΓΕΝΙΚΟ ΛΥΚΕΙΟ ΥΠΑΤΗΣ ΦΘΙΩΤΙΔΑΣ" }, "geometry": { "type": "Point", "coordinates": [ 22.23694, 38.87139 ] } },
{ "type": "Feature", "properties": { "fid": 577, "mm_id": 1016408, "name": "ΗΜΕΡΗΣΙΟ ΓΥΜΝΑΣΙΟ - Λ. Τ. ΝΕΟΥ ΜΟΝΑΣΤΗΡΙΟΥ ΦΘΙΩΤΙΔΑΣ" }, "geometry": { "type": "Point", "coordinates": [ 22.230334, 39.085975 ] } },
{ "type": "Feature", "properties": { "fid": 578, "mm_id": 1016427, "name": "ΗΜΕΡΗΣΙΟ ΓΥΜΝΑΣΙΟ ΜΟΣΧΟΧΩΡΙΟΥ ΦΘΙΩΤΙΔΑΣ - ΓΥΜΝΑΣΙΟ ΜΟΣΧΟΧΩΡΙΟΥ ΚΑΙ ΛΥΚΕΙΑΚΕΣ ΤΑΞΕΙΣ" }, "geometry": { "type": "Point", "coordinates": [ 22.449308, 38.830904 ] } },
{ "type": "Feature", "properties": { "fid": 579, "mm_id": 1016401, "name": "ΜΟΥΣΙΚΟ ΓΥΜΝΑΣΙΟ ΛΑΜΙΑΣ ΜΕ ΛΥΚΕΙΑΚΕΣ ΤΑΞΕΙΣ" }, "geometry": { "type": "Point", "coordinates": [ 22.396083, 38.889743 ] } },
{ "type": "Feature", "properties": { "fid": 580, "mm_id": 1024716, "name": "ΠΡΟΤΥΠΟ ΕΚΚΛΗΣΙΑΣΤΙΚΟ ΓΥΜΝΑΣΙΟ - ΠΡΟΤΥΠΟ ΕΚΚΛΗΣΙΑΣΤΙΚΟ ΛΥΚΕΙΟ ΛΑΜΙΑΣ \n\"ΟΣΙΟΣ ΒΗΣΣΑΡΙΩΝ Ο ΑΓΑΘΩΝΙΤΗΣ\"" }, "geometry": { "type": "Point", "coordinates": [ 22.455454, 38.901529 ] } },
{ "type": "Feature", "properties": { "fid": 581, "mm_id": 1013965, "name": "1ο ΕΠΑΓΓΕΛΜΑΤΙΚΟ ΛΥΚΕΙΟ ΚΑΛΛΟΝΗΣ" }, "geometry": { "type": "Point", "coordinates": [ 26.205299, 39.236118 ] } },
{ "type": "Feature", "properties": { "fid": 582, "mm_id": 1013972, "name": "1ο ΕΣΠΕΡΙΝΟ ΕΠΑΛ ΜΥΤΙΛΗΝΗΣ" }, "geometry": { "type": "Point", "coordinates": [ 26.5462, 39.098114 ] } },
{ "type": "Feature", "properties": { "fid": 583, "mm_id": 1013974, "name": "1ο ΗΜΕΡΗΣΙΟ ΓΕΝΙΚΟ ΛΥΚΕΙΟ ΚΑΛΛΟΝΗΣ ΛΕΣΒΟΥ - ΙΓΝΑΤΙΟΣ ΑΓΑΛΛΙΑΝΟΣ" }, "geometry": { "type": "Point", "coordinates": [ 26.207745, 39.235412 ] } },
{ "type": "Feature", "properties": { "fid": 584, "mm_id": 1013968, "name": "1ο ΗΜΕΡΗΣΙΟ ΕΠΑΛ ΓΕΡΑΣ" }, "geometry": { "type": "Point", "coordinates": [ 26.454861, 39.04036 ] } },
{ "type": "Feature", "properties": { "fid": 585, "mm_id": 1013969, "name": "1ο ΗΜΕΡΗΣΙΟ ΕΠΑΛ ΠΛΩΜΑΡΙΟΥ ΛΕΣΒΟΥ" }, "geometry": { "type": "Point", "coordinates": [ 26.369417, 38.977499 ] } },
{ "type": "Feature", "properties": { "fid": 586, "mm_id": 1017919, "name": "2ο ΗΜΕΡΗΣΙΟ ΓΕΝΙΚΟ ΛΥΚΕΙΟ ΜΥΤΙΛΗΝΗΣ" }, "geometry": { "type": "Point", "coordinates": [ 26.554369, 39.104348 ] } },
{ "type": "Feature", "properties": { "fid": 587, "mm_id": 1001183, "name": "2ο ΗΜΕΡΗΣΙΟ ΕΠΑΛ ΜΥΤΙΛΗΝΗΣ" }, "geometry": { "type": "Point", "coordinates": [ 26.546083, 39.098072 ] } },
{ "type": "Feature", "properties": { "fid": 588, "mm_id": 1001190, "name": "3ο ΗΜΕΡΗΣΙΟ ΓΕΝΙΚΟ ΛΥΚΕΙΟ ΜΥΤΙΛΗΝΗΣ" }, "geometry": { "type": "Point", "coordinates": [ 26.547862, 39.097822 ] } },
{ "type": "Feature", "properties": { "fid": 589, "mm_id": 1001191, "name": "4ο ΗΜΕΡΗΣΙΟ ΓΕΝΙΚΟ ΛΥΚΕΙΟ ΜΥΤΙΛΗΝΗΣ" }, "geometry": { "type": "Point", "coordinates": [ 26.547827, 39.098247 ] } },
{ "type": "Feature", "properties": { "fid": 590, "mm_id": 1001187, "name": "5ο ΗΜΕΡΗΣΙΟ ΓΕΝΙΚΟ ΛΥΚΕΙΟ ΜΥΤΙΛΗΝΗΣ - ΒΕΝΙΑΜΙΝ Ο ΛΕΣΒΙΟΣ" }, "geometry": { "type": "Point", "coordinates": [ 26.560745, 39.088478 ] } },
{ "type": "Feature", "properties": { "fid": 591, "mm_id": 1025538, "name": "ΕΝΙΑΙΟ ΕΙΔΙΚΟ ΕΠΑΓΓΕΛΜΑΤΙΚΟ ΓΥΜΝΑΣΙΟ - ΛΥΚΕΙΟ Ν. ΛΕΣΒΟΥ" }, "geometry": { "type": "Point", "coordinates": [ 26.561064, 39.087776 ] } },
{ "type": "Feature", "properties": { "fid": 592, "mm_id": 1012033, "name": "ΕΣΠΕΡΙΝΟ ΓΥΜΝΑΣΙΟ ΜΥΤΙΛΗΝΗΣ ΜΕ ΛΥΚΕΙΑΚΕΣ ΤΑΞΕΙΣ" }, "geometry": { "type": "Point", "coordinates": [ 26.554284, 39.1049 ] } },
{ "type": "Feature", "properties": { "fid": 593, "mm_id": 1026650, "name": "Εσπερινό ΕΠΑ.Λ. Καλλονής" }, "geometry": { "type": "Point", "coordinates": [ 26.205385, 39.236184 ] } },
{ "type": "Feature", "properties": { "fid": 594, "mm_id": 1013981, "name": "ΗΜΕΡΗΣΙΟ ΓΕΝΙΚΟ ΛΥΚΕΙΟ ΑΓΙΑΣΟΥ ΛΕΣΒΟΥ" }, "geometry": { "type": "Point", "coordinates": [ 26.372414, 39.082095 ] } },
{ "type": "Feature", "properties": { "fid": 595, "mm_id": 1013978, "name": "ΗΜΕΡΗΣΙΟ ΓΕΝΙΚΟ ΛΥΚΕΙΟ ΑΝΤΙΣΣΑΣ ΛΕΣΒΟΥ" }, "geometry": { "type": "Point", "coordinates": [ 25.976674, 39.237524 ] } },
{ "type": "Feature", "properties": { "fid": 596, "mm_id": 1013975, "name": "ΗΜΕΡΗΣΙΟ ΓΕΝΙΚΟ ΛΥΚΕΙΟ ΓΕΡΑΣ ΛΕΣΒΟΥ" }, "geometry": { "type": "Point", "coordinates": [ 26.456777, 39.042595 ] } },
{ "type": "Feature", "properties": { "fid": 597, "mm_id": 1013979, "name": "ΗΜΕΡΗΣΙΟ ΓΕΝΙΚΟ ΛΥΚΕΙΟ ΙΠΠΕΙΟΥ" }, "geometry": { "type": "Point", "coordinates": [ 26.411591, 39.118179 ] } },
{ "type": "Feature", "properties": { "fid": 598, "mm_id": 1013973, "name": "ΗΜΕΡΗΣΙΟ ΓΕΝΙΚΟ ΛΥΚΕΙΟ ΜΑΝΤΑΜΑΔΟΥ ΛΕΣΒΟΥ" }, "geometry": { "type": "Point", "coordinates": [ 26.385735, 39.329642 ] } },
{ "type": "Feature", "properties": { "fid": 599, "mm_id": 1001193, "name": "ΗΜΕΡΗΣΙΟ ΓΕΝΙΚΟ ΛΥΚΕΙΟ ΠΑΜΦΙΛΩΝ ΛΕΣΒΟΥ" }, "geometry": { "type": "Point", "coordinates": [ 26.521598, 39.154511 ] } },
{ "type": "Feature", "properties": { "fid": 600, "mm_id": 1013980, "name": "ΗΜΕΡΗΣΙΟ ΓΕΝΙΚΟ ΛΥΚΕΙΟ ΠΕΤΡΑΣ ΛΕΣΒΟΥ" }, "geometry": { "type": "Point", "coordinates": [ 26.186862, 39.326737 ] } },
{ "type": "Feature", "properties": { "fid": 601, "mm_id": 1013976, "name": "ΗΜΕΡΗΣΙΟ ΓΕΝΙΚΟ ΛΥΚΕΙΟ ΠΛΩΜΑΡΙΟΥ ΛΕΣΒΟΥ" }, "geometry": { "type": "Point", "coordinates": [ 26.375438, 38.976392 ] } },
{ "type": "Feature", "properties": { "fid": 602, "mm_id": 1013977, "name": "ΗΜΕΡΗΣΙΟ ΓΕΝΙΚΟ ΛΥΚΕΙΟ ΠΟΛΙΧΝΙΤΟΥ ΛΕΣΒΟΥ" }, "geometry": { "type": "Point", "coordinates": [ 26.180554, 39.079097 ] } },
{ "type": "Feature", "properties": { "fid": 603, "mm_id": 1013961, "name": "ΗΜΕΡΗΣΙΟ ΓΥΜΝΑΣΙΟ ΑΓΡΑΣ ΛΕΣΒΟΥ - ΓΥΜΝΑΣΙΟ ΜΕ ΛΥΚΕΙΑΚΕΣ ΤΑΞΕΙΣ ΑΓΡΑΣ" }, "geometry": { "type": "Point", "coordinates": [ 26.059174, 39.160393 ] } },
{ "type": "Feature", "properties": { "fid": 604, "mm_id": 1026832, "name": "ΜΟΥΣΙΚΟ ΓΥΜΝΑΣΙΟ & Λ.Τ. ΔΥΤΙΚΗΣ ΛΕΣΒΟΥ" }, "geometry": { "type": "Point", "coordinates": [ 26.207659, 39.233766 ] } },
{ "type": "Feature", "properties": { "fid": 605, "mm_id": 1013946, "name": "ΜΟΥΣΙΚΟ ΣΧΟΛΕΙΟ ΜΥΤΙΛΗΝΗΣ" }, "geometry": { "type": "Point", "coordinates": [ 26.526429, 39.148356 ] } },
{ "type": "Feature", "properties": { "fid": 606, "mm_id": 1001188, "name": "ΠΡΟΤΥΠΟ ΓΕΝΙΚΟ ΛΥΚΕΙΟ ΜΥΤΙΛΗΝΗΣ ΤΟΥ ΠΑΝΕΠΙΣΤΗΜΙΟΥ ΑΙΓΑΙΟΥ" }, "geometry": { "type": "Point", "coordinates": [ 26.554176, 39.104436 ] } },
{ "type": "Feature", "properties": { "fid": 607, "mm_id": 1001081, "name": "ΕΣΠΕΡΙΝΟ ΓΥΜΝΑΣΙΟ με Λ.Τ. ΣΥΡΟΥ" }, "geometry": { "type": "Point", "coordinates": [ 24.936727, 37.447547 ] } },
{ "type": "Feature", "properties": { "fid": 608, "mm_id": 1027101, "name": "1ο ΕΠΑ.Λ. ΘΑΣΟΥ" }, "geometry": { "type": "Point", "coordinates": [ 24.531492, 40.70414 ] } },
{ "type": "Feature", "properties": { "fid": 609, "mm_id": 1015441, "name": "ΗΜΕΡΗΣΙΟ ΓΕΝΙΚΟ ΛΥΚΕΙΟ ΛΙΜΕΝΑ - ΓΕΝΙΚΟ ΛΥΚΕΙΟ ΛΙΜΕΝΑ ΘΑΣΟΥ" }, "geometry": { "type": "Point", "coordinates": [ 24.702118, 40.777037 ] } },
{ "type": "Feature", "properties": { "fid": 610, "mm_id": 1015445, "name": "ΗΜΕΡΗΣΙΟ ΓΕΝΙΚΟ ΛΥΚΕΙΟ ΛΙΜΕΝΑΡΙΩΝ ΘΑΣΟΥ" }, "geometry": { "type": "Point", "coordinates": [ 24.573155, 40.631052 ] } },
{ "type": "Feature", "properties": { "fid": 611, "mm_id": 1015528, "name": "1ο ΠΡΟΤΥΠΟ ΓΕΛ ΚΑΣΤΟΡΙΑΣ" }, "geometry": { "type": "Point", "coordinates": [ 21.259106, 40.532081 ] } },
{ "type": "Feature", "properties": { "fid": 612, "mm_id": 1015529, "name": "2ο ΗΜΕΡΗΣΙΟ ΓΕΝΙΚΟ ΛΥΚΕΙΟ ΚΑΣΤΟΡΙΑΣ" }, "geometry": { "type": "Point", "coordinates": [ 21.258956, 40.532693 ] } },
{ "type": "Feature", "properties": { "fid": 613, "mm_id": 1015527, "name": "3ο ΗΜΕΡΗΣΙΟ ΓΕΝΙΚΟ ΛΥΚΕΙΟ ΚΑΣΤΟΡΙΑΣ" }, "geometry": { "type": "Point", "coordinates": [ 21.26906, 40.518458 ] } },
{ "type": "Feature", "properties": { "fid": 614, "mm_id": 1015532, "name": "ΓΕΝΙΚΟ ΛΥΚΕΙΟ ΝΕΣΤΟΡΙΟΥ" }, "geometry": { "type": "Point", "coordinates": [ 21.059054, 40.415563 ] } },
{ "type": "Feature", "properties": { "fid": 615, "mm_id": 1025271, "name": "ΕΝΙΑΙΟ ΕΙΔΙΚΟ ΕΠΑΓΓΕΛΜΑΤΙΚΟ ΓΥΜΝΑΣΙΟ - ΛΥΚΕΙΟ ΚΑΣΤΟΡΙΑΣ" }, "geometry": { "type": "Point", "coordinates": [ 21.27187, 40.519177 ] } },
{ "type": "Feature", "properties": { "fid": 616, "mm_id": 1015523, "name": "ΕΠΑ.Λ ΚΑΣΤΟΡΙΑΣ" }, "geometry": { "type": "Point", "coordinates": [ 21.263419, 40.543529 ] } },
{ "type": "Feature", "properties": { "fid": 617, "mm_id": 1015531, "name": "ΕΣΠΕΡΙΝΟ ΓΕΝΙΚΟ ΛΥΚΕΙΟ ΚΑΣΤΟΡΙΑΣ" }, "geometry": { "type": "Point", "coordinates": [ 21.259036, 40.532692 ] } },
{ "type": "Feature", "properties": { "fid": 618, "mm_id": 1026647, "name": "ΕΣΠΕΡΙΝΟ ΕΠΑ.Λ. ΚΑΣΤΟΡΙΑΣ" }, "geometry": { "type": "Point", "coordinates": [ 21.263301, 40.543286 ] } },
{ "type": "Feature", "properties": { "fid": 619, "mm_id": 1015530, "name": "ΗΜΕΡΗΣΙΟ ΓΕΝΙΚΟ ΛΥΚΕΙΟ ΑΡΓΟΥΣ ΟΡΕΣΤΙΚΟΥ" }, "geometry": { "type": "Point", "coordinates": [ 21.263612, 40.448903 ] } },
{ "type": "Feature", "properties": { "fid": 620, "mm_id": 1015533, "name": "ΗΜΕΡΗΣΙΟ ΓΕΝΙΚΟ ΛΥΚΕΙΟ ΜΕΣΟΠΟΤΑΜΙΑΣ ΚΑΣΤΟΡΙΑΣ" }, "geometry": { "type": "Point", "coordinates": [ 21.163965, 40.501192 ] } },
{ "type": "Feature", "properties": { "fid": 621, "mm_id": 1015524, "name": "ΗΜΕΡΗΣΙΟ ΕΠΑ.Λ. ΑΡΓΟΥΣ ΟΡΕΣΤΙΚΟΥ" }, "geometry": { "type": "Point", "coordinates": [ 21.265615, 40.448199 ] } },
{ "type": "Feature", "properties": { "fid": 622, "mm_id": 1025335, "name": "ΜΟΥΣΙΚΟ ΓΥΜΝΑΣΙΟ ΚΑΣΤΟΡΙΑΣ" }, "geometry": { "type": "Point", "coordinates": [ 21.259203, 40.531689 ] } },
{ "type": "Feature", "properties": { "fid": 623, "mm_id": 1014923, "name": "1ο ΗΜΕΡΗΣΙΟ ΓΕΝΙΚΟ ΛΥΚΕΙΟ ΔΡΑΜΑΣ" }, "geometry": { "type": "Point", "coordinates": [ 24.139368, 41.156566 ] } },
{ "type": "Feature", "properties": { "fid": 624, "mm_id": 1014930, "name": "1ο ΗΜΕΡΗΣΙΟ ΓΕΝΙΚΟ ΛΥΚΕΙΟ ΠΡΟΣΟΤΣΑΝΗΣ ΔΡΑΜΑΣ - ΓΕΝΙΚΟ ΛΥΚΕΙΟ ΠΡΟΣΟΤΣΑΝΗΣ" }, "geometry": { "type": "Point", "coordinates": [ 23.976302, 41.181835 ] } },
{ "type": "Feature", "properties": { "fid": 625, "mm_id": 1014918, "name": "1ο ΗΜΕΡΗΣΙΟ ΕΠΑΛ ΔΟΞΑΤΟΥ" }, "geometry": { "type": "Point", "coordinates": [ 24.226933, 41.09886 ] } },
{ "type": "Feature", "properties": { "fid": 626, "mm_id": 1014915, "name": "1ο ΗΜΕΡΗΣΙΟ ΕΠΑΛ ΔΡΑΜΑΣ" }, "geometry": { "type": "Point", "coordinates": [ 24.154766, 41.148305 ] } },
{ "type": "Feature", "properties": { "fid": 627, "mm_id": 1014919, "name": "1ο ΗΜΕΡΗΣΙΟ ΕΠΑΛ ΠΡΟΣΟΤΣΑΝΗΣ ΔΡΑΜΑΣ" }, "geometry": { "type": "Point", "coordinates": [ 23.976671, 41.181737 ] } },
{ "type": "Feature", "properties": { "fid": 628, "mm_id": 1014916, "name": "2ο ΕΠΑΓΓΕΛΜΑΤΙΚΟ ΛΥΚΕΙΟ ΔΡΑΜΑΣ" }, "geometry": { "type": "Point", "coordinates": [ 24.155187, 41.148454 ] } },
{ "type": "Feature", "properties": { "fid": 629, "mm_id": 1014924, "name": "2ο ΗΜΕΡΗΣΙΟ ΓΕΝΙΚΟ ΛΥΚΕΙΟ ΔΡΑΜΑΣ" }, "geometry": { "type": "Point", "coordinates": [ 24.13386, 41.153012 ] } },
{ "type": "Feature", "properties": { "fid": 630, "mm_id": 1014925, "name": "3ο ΗΜΕΡΗΣΙΟ ΓΕΝΙΚΟ ΛΥΚΕΙΟ ΔΡΑΜΑΣ" }, "geometry": { "type": "Point", "coordinates": [ 24.155155, 41.146056 ] } },
{ "type": "Feature", "properties": { "fid": 631, "mm_id": 1014922, "name": "4ο ΗΜΕΡΗΣΙΟ ΓΕΝΙΚΟ ΛΥΚΕΙΟ ΔΡΑΜΑΣ" }, "geometry": { "type": "Point", "coordinates": [ 24.155305, 41.146323 ] } },
{ "type": "Feature", "properties": { "fid": 632, "mm_id": 1014901, "name": "ΓΥΜΝΑΣΙΟ με Λ.Τ. ΠΑΡΑΝΕΣΤΙΟΥ" }, "geometry": { "type": "Point", "coordinates": [ 24.499322, 41.267008 ] } },
{ "type": "Feature", "properties": { "fid": 633, "mm_id": 1014909, "name": "ΓΥΜΝΑΣΙΟ ΜΕ ΛΥΚΕΙΑΚΕΣ ΤΑΞΕΙΣ ΝΙΚΗΦΟΡΟΥ" }, "geometry": { "type": "Point", "coordinates": [ 24.300105, 41.160997 ] } },
{ "type": "Feature", "properties": { "fid": 634, "mm_id": 1014917, "name": "Ενιαίο Ειδικό Επαγγελματικό Γυμνάσιο-Λύκειο Δράμας" }, "geometry": { "type": "Point", "coordinates": [ 24.134763, 41.152015 ] } },
{ "type": "Feature", "properties": { "fid": 635, "mm_id": 1014928, "name": "ΕΣΠΕΡΙΝΟ ΓΕΝΙΚΟ ΛΥΚΕΙΟ ΔΡΑΜΑΣ" }, "geometry": { "type": "Point", "coordinates": [ 24.134693, 41.151946 ] } },
{ "type": "Feature", "properties": { "fid": 636, "mm_id": 1018187, "name": "ΕΣΠΕΡΙΝΟ ΕΠΑΛ ΔΡΑΜΑΣ" }, "geometry": { "type": "Point", "coordinates": [ 24.154835, 41.147701 ] } },
{ "type": "Feature", "properties": { "fid": 637, "mm_id": 1014926, "name": "ΗΜΕΡΗΣΙΟ ΓΕΝΙΚΟ ΛΥΚΕΙΟ ΔΟΞΑΤΟΥ ΔΡΑΜΑΣ" }, "geometry": { "type": "Point", "coordinates": [ 24.227576, 41.098998 ] } },
{ "type": "Feature", "properties": { "fid": 638, "mm_id": 1014931, "name": "ΗΜΕΡΗΣΙΟ ΓΕΝΙΚΟ ΛΥΚΕΙΟ ΚΑΛΑΜΠΑΚΙΟΥ ΔΡΑΜΑΣ" }, "geometry": { "type": "Point", "coordinates": [ 24.184785, 41.04625 ] } },
{ "type": "Feature", "properties": { "fid": 639, "mm_id": 1014929, "name": "ΗΜΕΡΗΣΙΟ ΓΕΝΙΚΟ ΛΥΚΕΙΟ ΚΑΤΩ ΝΕΥΡΟΚΟΠΙ ΔΡΑΜΑΣ - ΓΕΝΙΚΟ ΛΥΚΕΙΟ ΚΑΤΩ ΝΕΥΡΟΚΟΠΙΟΥ" }, "geometry": { "type": "Point", "coordinates": [ 23.865952, 41.340868 ] } },
{ "type": "Feature", "properties": { "fid": 640, "mm_id": 1018188, "name": "ΗΜΕΡΗΣΙΟ ΕΠΑ.Λ ΚΑΤΩ ΝΕΥΡΟΚΟΠΙΟΥ - ΓΕΩΡΓΙΟΣ ΔΕΤΟΡΑΚΗΣ" }, "geometry": { "type": "Point", "coordinates": [ 23.866531, 41.340835 ] } },
{ "type": "Feature", "properties": { "fid": 641, "mm_id": 1014899, "name": "ΜΟΥΣΙΚΟ ΣΧΟΛΕΙΟ ΔΡΑΜΑΣ (ΜΟΥΣΙΚΟ ΓΥΜΝΑΣΙΟ-ΜΟΥΣΙΚΟ ΓΕΝΙΚΟ ΛΥΚΕΙΟ)" }, "geometry": { "type": "Point", "coordinates": [ 24.18008, 41.139554 ] } },
{ "type": "Feature", "properties": { "fid": 642, "mm_id": 1000789, "name": "ΗΜΕΡΗΣΙΟ ΓΥΜΝΑΣΙΟ ΚΑΣΟΥ - ΓΥΜΝΑΣΙΟ ΚΑΙ Λ.Τ. ΚΑΣΟΥ" }, "geometry": { "type": "Point", "coordinates": [ 26.921061, 35.413309 ] } },
{ "type": "Feature", "properties": { "fid": 643, "mm_id": 1000772, "name": "ΗΜΕΡΗΣΙΟ ΓΥΜΝΑΣΙΟ Λ.Τ. ΟΛΥΜΠΟΥ ΚΑΡΠΑΘΟΥ" }, "geometry": { "type": "Point", "coordinates": [ 27.171309, 35.741306 ] } },
{ "type": "Feature", "properties": { "fid": 644, "mm_id": 1015002, "name": "1ο ΗΜΕΡΗΣΙΟ ΓΕΝΙΚΟ ΛΥΚΕΙΟ ΚΑΡΠΕΝΗΣΙΟΥ" }, "geometry": { "type": "Point", "coordinates": [ 21.789919, 38.915173 ] } },
{ "type": "Feature", "properties": { "fid": 645, "mm_id": 1014999, "name": "1ο ΗΜΕΡΗΣΙΟ ΕΠΑΛ ΔΥΤΙΚΗ ΦΡΑΓΚΙΣΤΑ - ΕΠΑ.Λ. ΔΥΤΙΚΗΣ ΦΡΑΓΚΙΣΤΑΣ" }, "geometry": { "type": "Point", "coordinates": [ 21.60376, 38.959734 ] } },
{ "type": "Feature", "properties": { "fid": 646, "mm_id": 1015001, "name": "1ο ΗΜΕΡΗΣΙΟ ΕΠΑΛ ΚΑΡΠΕΝΗΣΙΟΥ - ΕΠΑΛ ΚΑΡΠΕΝΗΣΙΟΥ" }, "geometry": { "type": "Point", "coordinates": [ 21.788202, 38.915273 ] } },
{ "type": "Feature", "properties": { "fid": 647, "mm_id": 1014993, "name": "ΑΛΚΙΒΙΑΔΕΙΟ ΓΥΜΝΑΣΙΟ & ΛΥΚΕΙΑΚΕΣ ΤΑΞΕΙΣ ΓΥΜΝΑΣΙΟΥ ΦΟΥΡΝΑ" }, "geometry": { "type": "Point", "coordinates": [ 21.871332, 39.060497 ] } },
{ "type": "Feature", "properties": { "fid": 648, "mm_id": 1014995, "name": "ΓΥΜΝΑΣΙΟ-Λ.Τ. ΡΑΠΤΟΠΟΥΛΟΥ ΕΥΡΥΤΑΝΙΑΣ" }, "geometry": { "type": "Point", "coordinates": [ 21.477326, 39.15092 ] } },
{ "type": "Feature", "properties": { "fid": 649, "mm_id": 1027205, "name": "ΕΝΙΑΙΟ ΕΙΔΙΚΟ ΕΠΑΓΓΕΛΜΑΤΙΚΟ ΓΥΜΝΑΣΙΟ ΛΥΚΕΙΟ (ΕΝ.Ε.Ε.ΓΥ.-Λ.) ΚΑΡΠΕΝΗΣΙΟΥ" }, "geometry": { "type": "Point", "coordinates": [ 21.787946, 38.914775 ] } },
{ "type": "Feature", "properties": { "fid": 650, "mm_id": 1014994, "name": "ΗΜΕΡΗΣΙΟ ΓΥΜΝΑΣΙΟ ΛΥΚΕΙΑΚΕΣ ΤΑΞΕΙΣ ΓΡΑΝΙΤΣΑΣ- ΓΥΜΝΑΣΙΟ ΛΥΚΕΙΑΚΕΣ ΤΑΞΕΙΣ ΓΡΑΝΙΤΣΑΣ" }, "geometry": { "type": "Point", "coordinates": [ 21.506835, 39.101554 ] } },
{ "type": "Feature", "properties": { "fid": 651, "mm_id": 1018028, "name": "ΗΜΕΡΗΣΙΟ ΓΥΜΝΑΣΙΟ ΛΥΚΕΙΑΚΕΣ ΤΑΞΕΙΣ ΚΕΡΑΣΟΧΩΡΙΟΥ ΕΥΡΥΤΑΝΙΑΣ" }, "geometry": { "type": "Point", "coordinates": [ 21.638638, 39.005408 ] } },
{ "type": "Feature", "properties": { "fid": 652, "mm_id": 1014963, "name": "1ο ΕΠΑ.Λ. ΟΡΕΣΤΙΑΔΑΣ - Κωνσταντίνος  Καραθεοδωρή" }, "geometry": { "type": "Point", "coordinates": [ 26.513837, 41.497697 ] } },
{ "type": "Feature", "properties": { "fid": 653, "mm_id": 1014965, "name": "1ο ΕΠΑΛ ΔΙΔΥΜΟΤΕΙΧΟΥ - \"ΕΥΓΕΝΙΟΣ ΕΥΓΕΝΙΔΗΣ\"" }, "geometry": { "type": "Point", "coordinates": [ 26.494176, 41.353142 ] } },
{ "type": "Feature", "properties": { "fid": 654, "mm_id": 1014980, "name": "1ο ΕΣΠΕΡΙΝΟ ΓΕΛ ΟΡΕΣΤΙΑΔΑΣ" }, "geometry": { "type": "Point", "coordinates": [ 26.534835, 41.496347 ] } },
{ "type": "Feature", "properties": { "fid": 655, "mm_id": 1014975, "name": "1ο ΗΜΕΡΗΣΙΟ ΓΕΝΙΚΟ ΛΥΚΕΙΟ ΑΛΕΞΑΝΔΡΟΥΠΟΛΗΣ" }, "geometry": { "type": "Point", "coordinates": [ 25.873223, 40.852432 ] } },
{ "type": "Feature", "properties": { "fid": 656, "mm_id": 1014978, "name": "1ο ΗΜΕΡΗΣΙΟ ΓΕΝΙΚΟ ΛΥΚΕΙΟ ΟΡΕΣΤΙΑΔΑΣ ΕΒΡΟΥ" }, "geometry": { "type": "Point", "coordinates": [ 26.523561, 41.504168 ] } },
{ "type": "Feature", "properties": { "fid": 657, "mm_id": 1014961, "name": "1ο ΗΜΕΡΗΣΙΟ ΕΠΑΛ ΑΛΕΞΑΝΔΡΟΥΠΟΛΗΣ" }, "geometry": { "type": "Point", "coordinates": [ 25.86282, 40.847944 ] } },
{ "type": "Feature", "properties": { "fid": 658, "mm_id": 1014964, "name": "2ο ΕΣΠΕΡΙΝΟ ΕΠΑΛ ΟΡΕΣΤΙΑΔΑΣ" }, "geometry": { "type": "Point", "coordinates": [ 26.513505, 41.498083 ] } },
{ "type": "Feature", "properties": { "fid": 659, "mm_id": 1014972, "name": "2ο ΗΜΕΡΗΣΙΟ ΓΕΝΙΚΟ ΛΥΚΕΙΟ ΑΛΕΞΑΝΔΡΟΥΠΟΛΗΣ" }, "geometry": { "type": "Point", "coordinates": [ 25.895767, 40.851465 ] } },
{ "type": "Feature", "properties": { "fid": 660, "mm_id": 1014979, "name": "2ο ΗΜΕΡΗΣΙΟ ΓΕΝΙΚΟ ΛΥΚΕΙΟ ΟΡΕΣΤΙΑΔΑΣ ΕΒΡΟΥ" }, "geometry": { "type": "Point", "coordinates": [ 26.524976, 41.49341 ] } },
{ "type": "Feature", "properties": { "fid": 661, "mm_id": 1014969, "name": "2ο ΗΜΕΡΗΣΙΟ ΕΠΑΛ ΑΛΕΞΑΝΔΡΟΥΠΟΛΗΣ" }, "geometry": { "type": "Point", "coordinates": [ 25.86551, 40.857318 ] } },
{ "type": "Feature", "properties": { "fid": 662, "mm_id": 1014970, "name": "3ο ΕΣΠΕΡΙΝΟ ΕΠΑΛ ΑΛΕΞΑΝΔΡΟΥΠΟΛΗΣ" }, "geometry": { "type": "Point", "coordinates": [ 25.863249, 40.847768 ] } },
{ "type": "Feature", "properties": { "fid": 663, "mm_id": 1014974, "name": "3ο ΗΜΕΡΗΣΙΟ ΓΕΝΙΚΟ ΛΥΚΕΙΟ ΑΛΕΞΑΝΔΡΟΥΠΟΛΗΣ" }, "geometry": { "type": "Point", "coordinates": [ 25.868392, 40.852708 ] } },
{ "type": "Feature", "properties": { "fid": 664, "mm_id": 1014986, "name": "4ο ΗΜΕΡΗΣΙΟ ΓΕΝΙΚΟ ΛΥΚΕΙΟ ΑΛΕΞΑΝΔΡΟΥΠΟΛΗΣ" }, "geometry": { "type": "Point", "coordinates": [ 25.859251, 40.851706 ] } },
{ "type": "Feature", "properties": { "fid": 665, "mm_id": 1014971, "name": "Ενιαίο Ειδικό Επαγγελματικό Γυμνάσιο - Λύκειο  Αλεξανδρούπολης" }, "geometry": { "type": "Point", "coordinates": [ 25.869819, 40.867429 ] } },
{ "type": "Feature", "properties": { "fid": 666, "mm_id": 1025266, "name": "Ενιαίο Ειδικό Επαγγελματικό Γυμνάσιο - Λύκειο Ορεστιάδας" }, "geometry": { "type": "Point", "coordinates": [ 26.534966, 41.498155 ] } },
{ "type": "Feature", "properties": { "fid": 667, "mm_id": 1014973, "name": "ΕΣΠΕΡΙΝΟ ΓΕΝΙΚΟ ΛΥΚΕΙΟ ΑΛΕΞΑΝΔΡΟΥΠΟΛΗΣ" }, "geometry": { "type": "Point", "coordinates": [ 25.871685, 40.852266 ] } },
{ "type": "Feature", "properties": { "fid": 668, "mm_id": 1027193, "name": "ΕΣΠΕΡΙΝΟ ΕΠΑ.Λ. ΣΑΜΟΘΡΑΚΗΣ" }, "geometry": { "type": "Point", "coordinates": [ 25.49551, 40.473536 ] } },
{ "type": "Feature", "properties": { "fid": 669, "mm_id": 1014976, "name": "ΗΜΕΡΗΣΙΟ ΓΕΝΙΚΟ ΛΥΚΕΙΟ ΔΙΔΥΜΟΤΕΙΧΟΥ ΕΒΡΟΥ" }, "geometry": { "type": "Point", "coordinates": [ 26.497282, 41.348735 ] } },
{ "type": "Feature", "properties": { "fid": 670, "mm_id": 1014977, "name": "ΗΜΕΡΗΣΙΟ ΓΕΝΙΚΟ ΛΥΚΕΙΟ ΔΙΚΑΙΩΝ ΕΒΡΟΥ" }, "geometry": { "type": "Point", "coordinates": [ 26.297713, 41.702869 ] } },
{ "type": "Feature", "properties": { "fid": 671, "mm_id": 1014984, "name": "ΗΜΕΡΗΣΙΟ ΓΕΝΙΚΟ ΛΥΚΕΙΟ ΝΕΑΣ ΒΥΣΣΑΣ" }, "geometry": { "type": "Point", "coordinates": [ 26.529963, 41.575854 ] } },
{ "type": "Feature", "properties": { "fid": 672, "mm_id": 1014981, "name": "ΗΜΕΡΗΣΙΟ ΓΕΝΙΚΟ ΛΥΚΕΙΟ ΣΑΜΟΘΡΑΚΗΣ ΕΒΡΟΥ" }, "geometry": { "type": "Point", "coordinates": [ 25.495665, 40.473522 ] } },
{ "type": "Feature", "properties": { "fid": 673, "mm_id": 1014982, "name": "ΗΜΕΡΗΣΙΟ ΓΕΝΙΚΟ ΛΥΚΕΙΟ ΣΟΥΦΛΙΟΥ ΕΒΡΟΥ" }, "geometry": { "type": "Point", "coordinates": [ 26.307765, 41.193266 ] } },
{ "type": "Feature", "properties": { "fid": 674, "mm_id": 1014985, "name": "ΗΜΕΡΗΣΙΟ ΓΕΝΙΚΟ ΛΥΚΕΙΟ ΤΥΧΕΡΟΥ" }, "geometry": { "type": "Point", "coordinates": [ 26.288287, 41.027512 ] } },
{ "type": "Feature", "properties": { "fid": 675, "mm_id": 1014983, "name": "ΗΜΕΡΗΣΙΟ ΓΕΝΙΚΟ ΛΥΚΕΙΟ ΦΕΡΩΝ ΕΒΡΟΥ" }, "geometry": { "type": "Point", "coordinates": [ 26.180942, 40.893241 ] } },
{ "type": "Feature", "properties": { "fid": 676, "mm_id": 1018791, "name": "ΗΜΕΡΗΣΙΟ ΓΥΜΝΑΣΙΟ ΜΕ ΛΥΚΕΙΑΚΕΣ ΤΑΞΕΙΣ ΜΕΤΑΞΑΔΩΝ" }, "geometry": { "type": "Point", "coordinates": [ 26.222331, 41.417116 ] } },
{ "type": "Feature", "properties": { "fid": 677, "mm_id": 1025083, "name": "ΜΟΥΣΙΚΟ ΓΥΜΝΑΣΙΟ ΜΕ Λ.Τ. ΑΛΕΞΑΝΔΡΟΥΠΟΛΗΣ" }, "geometry": { "type": "Point", "coordinates": [ 25.869782, 40.852861 ] } },
{ "type": "Feature", "properties": { "fid": 678, "mm_id": 1026970, "name": "Πρότυπο Επαγγελματικό Λύκειο (Π.ΕΠΑ.Λ.) Αλεξανδρούπολης" }, "geometry": { "type": "Point", "coordinates": [ 25.867749, 40.851649 ] } },
{ "type": "Feature", "properties": { "fid": 679, "mm_id": 1014621, "name": "1ο ΕΣΠΕΡΙΝΟ ΕΠΑΛ ΑΡΤΑΣ - ΕΣΠΕΡΙΝΟ ΕΠΑ.Λ ΑΡΤΑΣ" }, "geometry": { "type": "Point", "coordinates": [ 20.997447, 39.154232 ] } },
{ "type": "Feature", "properties": { "fid": 680, "mm_id": 1014626, "name": "1ο ΗΜΕΡΗΣΙΟ ΓΕΝΙΚΟ ΛΥΚΕΙΟ ΑΡΤΑΣ - ΠΡΩΤΟ ΗΜΕΡΗΣΙΟ ΓΕΝΙΚΟ ΛΥΚΕΙΟ ΑΡΤΑΣ" }, "geometry": { "type": "Point", "coordinates": [ 20.981583, 39.159274 ] } },
{ "type": "Feature", "properties": { "fid": 681, "mm_id": 1014622, "name": "1ο ΗΜΕΡΗΣΙΟ ΕΠΑΛ ΑΡΤΑΣ - ΕΠΑΛ ΑΡΤΑΣ" }, "geometry": { "type": "Point", "coordinates": [ 20.997354, 39.154107 ] } },
{ "type": "Feature", "properties": { "fid": 682, "mm_id": 1014628, "name": "2ο ΗΜΕΡΗΣΙΟ ΓΕΝΙΚΟ ΛΥΚΕΙΟ ΑΡΤΑΣ" }, "geometry": { "type": "Point", "coordinates": [ 20.983912, 39.152618 ] } },
{ "type": "Feature", "properties": { "fid": 683, "mm_id": 1027047, "name": "2ο Ημερήσιο ΕΠΑΛ Άρτας" }, "geometry": { "type": "Point", "coordinates": [ 20.987684, 39.158242 ] } },
{ "type": "Feature", "properties": { "fid": 684, "mm_id": 1014629, "name": "3ο ΗΜΕΡΗΣΙΟ ΓΕΝΙΚΟ ΛΥΚΕΙΟ ΑΡΤΑΣ" }, "geometry": { "type": "Point", "coordinates": [ 20.982876, 39.162339 ] } },
{ "type": "Feature", "properties": { "fid": 685, "mm_id": 1014630, "name": "4ο ΗΜΕΡΗΣΙΟ ΓΕΝΙΚΟ ΛΥΚΕΙΟ ΑΡΤΑΣ - ΤΕΤΑΡΤΟ ΗΜΕΡΗΣΙΟ ΓΕΝΙΚΟ ΛΥΚΕΙΟ ΑΡΤΑΣ" }, "geometry": { "type": "Point", "coordinates": [ 20.987213, 39.157524 ] } },
{ "type": "Feature", "properties": { "fid": 686, "mm_id": 1014632, "name": "ΓΕΝΙΚΟ ΛΥΚΕΙΟ ΒΟΥΡΓΑΡΕΛΙΟΥ" }, "geometry": { "type": "Point", "coordinates": [ 21.181537, 39.373714 ] } },
{ "type": "Feature", "properties": { "fid": 687, "mm_id": 1014637, "name": "ΓΕΝΙΚΟ ΛΥΚΕΙΟ ΠΑΝΑΓΙΑΣ ΔΙΑΣΕΛΛΟΥ" }, "geometry": { "type": "Point", "coordinates": [ 21.130809, 39.195783 ] } },
{ "type": "Feature", "properties": { "fid": 688, "mm_id": 1014605, "name": "ΓΥΜΝΑΣΙΟ - ΛΥΚΕΙΑΚΕΣ ΤΑΞΕΙΣ ΑΓΝΑΝΤΩΝ" }, "geometry": { "type": "Point", "coordinates": [ 21.080949, 39.473991 ] } },
{ "type": "Feature", "properties": { "fid": 689, "mm_id": 1026991, "name": "Ενιαίο Ειδικό Επαγγελματικό Γυμνάσιο - Λύκειο (ΕΝ.Ε.Ε.ΓΥ. - Λ.) Άρτας" }, "geometry": { "type": "Point", "coordinates": [ 20.997576, 39.154324 ] } },
{ "type": "Feature", "properties": { "fid": 690, "mm_id": 1014627, "name": "ΕΣΠΕΡΙΝΟ ΓΕΝΙΚΟ ΛΥΚΕΙΟ ΑΡΤΑΣ" }, "geometry": { "type": "Point", "coordinates": [ 20.997608, 39.154274 ] } },
{ "type": "Feature", "properties": { "fid": 691, "mm_id": 1027276, "name": "Εσπερινό ΕΠΑ.Λ. Άνω Καλεντίνης" }, "geometry": { "type": "Point", "coordinates": [ 21.160976, 39.253265 ] } },
{ "type": "Feature", "properties": { "fid": 692, "mm_id": 1027275, "name": "Εσπερινό ΕΠΑ.Λ. Βουργαρελίου" }, "geometry": { "type": "Point", "coordinates": [ 21.18187, 39.373616 ] } },
{ "type": "Feature", "properties": { "fid": 693, "mm_id": 1014636, "name": "ΗΜΕΡΗΣΙΟ ΓΕΝΙΚΟ ΛΥΚΕΙΟ ΑΝΕΖΑΣ ΑΡΤΑΣ" }, "geometry": { "type": "Point", "coordinates": [ 20.918991, 39.090341 ] } },
{ "type": "Feature", "properties": { "fid": 694, "mm_id": 1014633, "name": "ΗΜΕΡΗΣΙΟ ΓΕΝΙΚΟ ΛΥΚΕΙΟ ΑΝΩ ΚΑΛΕΝΤΙΝΗΣ ΑΡΤΑΣ" }, "geometry": { "type": "Point", "coordinates": [ 21.161116, 39.253296 ] } },
{ "type": "Feature", "properties": { "fid": 695, "mm_id": 1014635, "name": "ΗΜΕΡΗΣΙΟ ΓΕΝΙΚΟ ΛΥΚΕΙΟ ΔΗΜΟΥ ΝΙΚΟΛΑΟΥ ΣΚΟΥΦΑ ΑΡΤΑΣ - ΓΕΝΙΚΟ ΛΥΚΕΙΟ ΝΕΟΧΩΡΙΟΥ" }, "geometry": { "type": "Point", "coordinates": [ 21.013878, 39.069283 ] } },
{ "type": "Feature", "properties": { "fid": 696, "mm_id": 1014634, "name": "ΗΜΕΡΗΣΙΟ ΓΕΝΙΚΟ ΛΥΚΕΙΟ ΚΟΜΠΟΤΙΟΥ \"ΝΙΚΟΛΑΟΣ ΣΚΟΥΦΑΣ\"" }, "geometry": { "type": "Point", "coordinates": [ 21.076217, 39.104427 ] } },
{ "type": "Feature", "properties": { "fid": 697, "mm_id": 1014602, "name": "ΜΟΥΣΙΚΟ ΣΧΟΛΕΙΟ ΑΡΤΑΣ" }, "geometry": { "type": "Point", "coordinates": [ 20.919912, 39.162538 ] } },
{ "type": "Feature", "properties": { "fid": 698, "mm_id": 1016380, "name": "1ο  ΗΜΕΡΗΣΙΟ ΓΕΝΙΚΟ ΛΥΚΕΙΟ ΤΡΙΚΑΛΩΝ" }, "geometry": { "type": "Point", "coordinates": [ 21.772437, 39.565472 ] } },
{ "type": "Feature", "properties": { "fid": 699, "mm_id": 1016375, "name": "1ο ΕΠΑΛ ΠΥΛΗΣ" }, "geometry": { "type": "Point", "coordinates": [ 21.623645, 39.459324 ] } },
{ "type": "Feature", "properties": { "fid": 700, "mm_id": 1016371, "name": "1ο ΕΠΑΛ ΤΡΙΚΑΛΩΝ" }, "geometry": { "type": "Point", "coordinates": [ 21.776547, 39.563698 ] } },
{ "type": "Feature", "properties": { "fid": 701, "mm_id": 1016374, "name": "1ο ΕΠΑΛ ΦΑΡΚΑΔΟΝΑΣ" }, "geometry": { "type": "Point", "coordinates": [ 22.063794, 39.591529 ] } },
{ "type": "Feature", "properties": { "fid": 702, "mm_id": 1016377, "name": "1ο ΕΣΠΕΡΙΝΟ ΕΠΑΛ ΤΡΙΚΑΛΩΝ" }, "geometry": { "type": "Point", "coordinates": [ 21.776558, 39.563599 ] } },
{ "type": "Feature", "properties": { "fid": 703, "mm_id": 1016373, "name": "1ο ΗΜΕΡΗΣΙΟ ΕΠΑ.Λ ΚΑΛΑΜΠΑΚΑΣ" }, "geometry": { "type": "Point", "coordinates": [ 21.622865, 39.701522 ] } },
{ "type": "Feature", "properties": { "fid": 704, "mm_id": 1016381, "name": "2ο ΗΜΕΡΗΣΙΟ ΓΕΝΙΚΟ ΛΥΚΕΙΟ ΤΡΙΚΑΛΩΝ" }, "geometry": { "type": "Point", "coordinates": [ 21.776089, 39.551316 ] } },
{ "type": "Feature", "properties": { "fid": 705, "mm_id": 1016383, "name": "3ο ΓΕΝΙΚΟ ΛΥΚΕΙΟ ΤΡΙΚΑΛΩΝ - ΟΔΥΣΣΕΑΣ ΕΛΥΤΗΣ" }, "geometry": { "type": "Point", "coordinates": [ 21.758369, 39.55184 ] } },
{ "type": "Feature", "properties": { "fid": 706, "mm_id": 1016384, "name": "4ο ΠΕΙΡΑΜΑΤΙΚΟ ΓΕΝΙΚΟ ΛΥΚΕΙΟ ΤΡΙΚΑΛΩΝ - ΑΛΕΞΑΝΔΡΟΣ ΠΑΠΑΔΙΑΜΑΝΤΗΣ" }, "geometry": { "type": "Point", "coordinates": [ 21.780886, 39.556215 ] } },
{ "type": "Feature", "properties": { "fid": 707, "mm_id": 1016385, "name": "5ο ΓΕΝΙΚΟ ΛΥΚΕΙΟ ΤΡΙΚΑΛΩΝ" }, "geometry": { "type": "Point", "coordinates": [ 21.753625, 39.562097 ] } },
{ "type": "Feature", "properties": { "fid": 708, "mm_id": 1016387, "name": "6ο ΗΜΕΡΗΣΙΟ ΓΕΝΙΚΟ ΛΥΚΕΙΟ ΤΡΙΚΑΛΩΝ" }, "geometry": { "type": "Point", "coordinates": [ 21.753323, 39.542471 ] } },
{ "type": "Feature", "properties": { "fid": 709, "mm_id": 1016379, "name": "7ο ΓΕΝΙΚΟ ΛΥΚΕΙΟ ΤΡΙΚΑΛΩΝ" }, "geometry": { "type": "Point", "coordinates": [ 21.771965, 39.56642 ] } },
{ "type": "Feature", "properties": { "fid": 710, "mm_id": 1016386, "name": "8ο ΓΕΝΙΚΟ ΛΥΚΕΙΟ ΤΡΙΚΑΛΩΝ" }, "geometry": { "type": "Point", "coordinates": [ 21.769932, 39.541394 ] } },
{ "type": "Feature", "properties": { "fid": 711, "mm_id": 1016392, "name": "ΓΕΝΙΚΟ ΛΥΚΕΙΟ ΒΑΛΤΙΝΟΥ" }, "geometry": { "type": "Point", "coordinates": [ 21.656832, 39.550381 ] } },
{ "type": "Feature", "properties": { "fid": 712, "mm_id": 1016388, "name": "ΓΕΝΙΚΟ ΛΥΚΕΙΟ ΚΑΛΑΜΠΑΚΑΣ" }, "geometry": { "type": "Point", "coordinates": [ 21.630523, 39.707444 ] } },
{ "type": "Feature", "properties": { "fid": 713, "mm_id": 1016389, "name": "ΓΕΝΙΚΟ ΛΥΚΕΙΟ ΠΥΛΗΣ" }, "geometry": { "type": "Point", "coordinates": [ 21.620982, 39.461181 ] } },
{ "type": "Feature", "properties": { "fid": 714, "mm_id": 1016390, "name": "ΓΕΝΙΚΟ ΛΥΚΕΙΟ ΦΑΡΚΑΔΟΝΑΣ" }, "geometry": { "type": "Point", "coordinates": [ 22.058937, 39.592554 ] } },
{ "type": "Feature", "properties": { "fid": 715, "mm_id": 1025356, "name": "ΕΝΙΑΙΟ ΕΙΔΙΚΟ ΕΠΑΓΓΕΛΜΑΤΙΚΟ ΓΥΜΝΑΣΙΟ-ΛΥΚΕΙΟ ΤΡΙΚΑΛΩΝ" }, "geometry": { "type": "Point", "coordinates": [ 21.724874, 39.608624 ] } },
{ "type": "Feature", "properties": { "fid": 716, "mm_id": 1016342, "name": "ΕΣΠΕΡΙΝΟ ΓΥΜΝΑΣΙΟ ΚΑΙ ΛΥΚΕΙΑΚΕΣ ΤΑΞΕΙΣ ΤΡΙΚΑΛΩΝ" }, "geometry": { "type": "Point", "coordinates": [ 21.771649, 39.565148 ] } },
{ "type": "Feature", "properties": { "fid": 717, "mm_id": 1016391, "name": "ΗΜΕΡΗΣΙΟ ΓΕΝΙΚΟ ΛΥΚΕΙΟ ΟΙΧΑΛΙΑΣ" }, "geometry": { "type": "Point", "coordinates": [ 21.990107, 39.610139 ] } },
{ "type": "Feature", "properties": { "fid": 718, "mm_id": 1001257, "name": "ΙΔΙΩΤΙΚΟ ΗΜΕΡΗΣΙΟ ΛΥΚΕΙΟ ΤΡΙΚΑΛΩΝ - ΕΚΠΑΙΔΕΥΤΗΡΙΑ ΑΘΗΝΑ" }, "geometry": { "type": "Point", "coordinates": [ 21.725611, 39.609235 ] } },
{ "type": "Feature", "properties": { "fid": 719, "mm_id": 1016341, "name": "ΜΟΥΣΙΚΟ ΣΧΟΛΕΙΟ ΤΡΙΚΑΛΩΝ" }, "geometry": { "type": "Point", "coordinates": [ 21.795815, 39.542787 ] } },
{ "type": "Feature", "properties": { "fid": 720, "mm_id": 1026895, "name": "ΠΡΟΤΥΠΟ ΕΠΑΓΓΕΛΜΑΤΙΚΟ ΛΥΚΕΙΟ (Π.ΕΠΑ.Λ.) ΤΡΙΚΑΛΩΝ" }, "geometry": { "type": "Point", "coordinates": [ 21.749426, 39.558578 ] } },
{ "type": "Feature", "properties": { "fid": 721, "mm_id": 1001115, "name": "ΓΥΜΝΑΣΙΟ ΜΕ Λ.Τ. ΚΕΑΣ" }, "geometry": { "type": "Point", "coordinates": [ 24.340244, 37.637301 ] } },
{ "type": "Feature", "properties": { "fid": 722, "mm_id": 1001117, "name": "ΓΥΜΝΑΣΙΟ με Λ.Τ. ΚΥΘΝΟΥ" }, "geometry": { "type": "Point", "coordinates": [ 24.399837, 37.385417 ] } },
{ "type": "Feature", "properties": { "fid": 723, "mm_id": 1001109, "name": "ΓΥΜΝΑΣΙΟ με Λ.Τ. ΑΜΟΡΓΟΥ" }, "geometry": { "type": "Point", "coordinates": [ 25.901993, 36.833123 ] } },
{ "type": "Feature", "properties": { "fid": 724, "mm_id": 1001100, "name": "ΓΥΜΝΑΣΙΟ ΜΕ Λ.Τ. ΔΟΝΟΥΣΑΣ" }, "geometry": { "type": "Point", "coordinates": [ 25.795105, 37.100554 ] } },
{ "type": "Feature", "properties": { "fid": 725, "mm_id": 1001102, "name": "ΓΥΜΝΑΣΙΟ με Λ.Τ. ΚΟΥΦΟΝΗΣΙΩΝ" }, "geometry": { "type": "Point", "coordinates": [ 25.601314, 36.934902 ] } },
{ "type": "Feature", "properties": { "fid": 726, "mm_id": 1001101, "name": "ΓΥΜΝΑΣΙΟ με Λ.Τ. ΣΧΟΙΝΟΥΣΑΣ" }, "geometry": { "type": "Point", "coordinates": [ 25.518682, 36.870066 ] } },
{ "type": "Feature", "properties": { "fid": 727, "mm_id": 1016485, "name": "1ο ΓΕΝΙΚΟ ΛΥΚΕΙΟ ΦΛΩΡΙΝΑΣ" }, "geometry": { "type": "Point", "coordinates": [ 21.401683, 40.782072 ] } },
{ "type": "Feature", "properties": { "fid": 728, "mm_id": 1016481, "name": "1ο ΕΠΑΛ ΑΜΥΝΤΑΙΟΥ" }, "geometry": { "type": "Point", "coordinates": [ 21.678687, 40.697065 ] } },
{ "type": "Feature", "properties": { "fid": 729, "mm_id": 1016480, "name": "1ο ΕΠΑΛ ΦΛΩΡΙΝΑΣ" }, "geometry": { "type": "Point", "coordinates": [ 21.422157, 40.803989 ] } },
{ "type": "Feature", "properties": { "fid": 730, "mm_id": 1016484, "name": "2ο ΓΕΝΙΚΟ ΛΥΚΕΙΟ ΦΛΩΡΙΝΑΣ" }, "geometry": { "type": "Point", "coordinates": [ 21.414905, 40.789077 ] } },
{ "type": "Feature", "properties": { "fid": 731, "mm_id": 1016488, "name": "3ο ΓΕΝΙΚΟ ΛΥΚΕΙΟ ΦΛΩΡΙΝΑΣ" }, "geometry": { "type": "Point", "coordinates": [ 21.422801, 40.803738 ] } },
{ "type": "Feature", "properties": { "fid": 732, "mm_id": 1016486, "name": "ΓΕΝΙΚΟ ΛΥΚΕΙΟ ΑΜΥΝΤΑΙΟΥ" }, "geometry": { "type": "Point", "coordinates": [ 21.676612, 40.693372 ] } },
{ "type": "Feature", "properties": { "fid": 733, "mm_id": 1016487, "name": "ΓΕΝΙΚΟ ΛΥΚΕΙΟ ΦΙΛΩΤΑ" }, "geometry": { "type": "Point", "coordinates": [ 21.713311, 40.629226 ] } },
{ "type": "Feature", "properties": { "fid": 734, "mm_id": 1016473, "name": "ΓΥΜΝΑΣΙΟ ΛΤ ΛΑΙΜΟΥ ΠΡΕΣΠΩΝ ΦΛΩΡΙΝΑΣ" }, "geometry": { "type": "Point", "coordinates": [ 21.140227, 40.83375 ] } },
{ "type": "Feature", "properties": { "fid": 735, "mm_id": 1025357, "name": "ΕΝΕΕΓΥ-Λ ΦΛΩΡΙΝΑΣ" }, "geometry": { "type": "Point", "coordinates": [ 21.414799, 40.788556 ] } },
{ "type": "Feature", "properties": { "fid": 736, "mm_id": 1017923, "name": "ΕΣΠΕΡΙΝΟ ΓΥΜΝΑΣΙΟ - ΛΥΚΕΙΑΚΕΣ ΤΑΞΕΙΣ ΦΛΩΡΙΝΑΣ" }, "geometry": { "type": "Point", "coordinates": [ 21.40497, 40.778005 ] } },
{ "type": "Feature", "properties": { "fid": 737, "mm_id": 1020697, "name": "ΕΣΠΕΡΙΝΟ ΕΠΑΛ ΦΛΩΡΙΝΑΣ" }, "geometry": { "type": "Point", "coordinates": [ 21.421986, 40.803948 ] } },
{ "type": "Feature", "properties": { "fid": 738, "mm_id": 1016471, "name": "ΜΟΥΣΙΚΟ ΓΥΜΝΑΣΙΟ Λ.Τ. ΑΜΥΝΤΑΙΟΥ" }, "geometry": { "type": "Point", "coordinates": [ 21.678322, 40.696838 ] } },
{ "type": "Feature", "properties": { "fid": 739, "mm_id": 1024718, "name": "ΠΡΟΤΥΠΟ ΕΚΚΛΗΣΙΑΣΤΙΚΟ ΓΥΜΝΑΣΙΟ – ΠΡΟΤΥΠΟ ΕΚΚΛΗΣΙΑΣΤΙΚΟ ΛΥΚΕΙΟ ΦΛΩΡΙΝΑΣ \"ΑΓΙΟΣ ΑΓΑΘΑΓΓΕΛΟΣ Ο ΕΚ ΦΛΩΡΙΝΗΣ\"" }, "geometry": { "type": "Point", "coordinates": [ 21.406424, 40.77853 ] } },
{ "type": "Feature", "properties": { "fid": 740, "mm_id": 1016001, "name": "1ο ΗΜΕΡΗΣΙΟ ΓΕΝΙΚΟ ΛΥΚΕΙΟ ΚΑΛΑΜΑΤΑΣ" }, "geometry": { "type": "Point", "coordinates": [ 22.10602, 37.026915 ] } },
{ "type": "Feature", "properties": { "fid": 741, "mm_id": 1016009, "name": "1ο ΗΜΕΡΗΣΙΟ ΓΕΝΙΚΟ ΛΥΚΕΙΟ ΜΕΣΣΗΝΗΣ" }, "geometry": { "type": "Point", "coordinates": [ 22.003898, 37.051207 ] } },
{ "type": "Feature", "properties": { "fid": 742, "mm_id": 1015991, "name": "1ο ΗΜΕΡΗΣΙΟ ΕΠΑΛ ΚΑΛΑΜΑΤΑΣ" }, "geometry": { "type": "Point", "coordinates": [ 22.117896, 37.027911 ] } },
{ "type": "Feature", "properties": { "fid": 743, "mm_id": 1015996, "name": "1ο ΗΜΕΡΗΣΙΟ ΕΠΑΛ ΚΥΠΑΡΙΣΣΙΑΣ" }, "geometry": { "type": "Point", "coordinates": [ 21.66924, 37.247448 ] } },
{ "type": "Feature", "properties": { "fid": 744, "mm_id": 1016003, "name": "2ο ΗΜΕΡΗΣΙΟ ΓΕΝΙΚΟ ΛΥΚΕΙΟ ΚΑΛΑΜΑΤΑΣ" }, "geometry": { "type": "Point", "coordinates": [ 22.124533, 37.035203 ] } },
{ "type": "Feature", "properties": { "fid": 745, "mm_id": 1015992, "name": "2ο ΗΜΕΡΗΣΙΟ ΕΠΑΛ ΚΑΛΑΜΑΤΑΣ" }, "geometry": { "type": "Point", "coordinates": [ 22.117649, 37.027954 ] } },
{ "type": "Feature", "properties": { "fid": 746, "mm_id": 1016008, "name": "3ο ΗΜΕΡΗΣΙΟ ΓΕΝΙΚΟ ΛΥΚΕΙΟ ΚΑΛΑΜΑΤΑΣ" }, "geometry": { "type": "Point", "coordinates": [ 22.118661, 37.029124 ] } },
{ "type": "Feature", "properties": { "fid": 747, "mm_id": 1016006, "name": "4ο ΗΜΕΡΗΣΙΟ ΓΕΝΙΚΟ ΛΥΚΕΙΟ ΚΑΛΑΜΑΤΑΣ" }, "geometry": { "type": "Point", "coordinates": [ 22.106388, 37.038081 ] } },
{ "type": "Feature", "properties": { "fid": 748, "mm_id": 1015993, "name": "4ο ΗΜΕΡΗΣΙΟ ΕΠΑΛ ΚΑΛΑΜΑΤΑΣ" }, "geometry": { "type": "Point", "coordinates": [ 22.094195, 37.044025 ] } },
{ "type": "Feature", "properties": { "fid": 749, "mm_id": 1016005, "name": "5ο ΗΜΕΡΗΣΙΟ ΓΕΝΙΚΟ ΛΥΚΕΙΟ ΚΑΛΑΜΑΤΑΣ" }, "geometry": { "type": "Point", "coordinates": [ 22.125526, 37.035632 ] } },
{ "type": "Feature", "properties": { "fid": 750, "mm_id": 1015956, "name": "5ο ΗΜΕΡΗΣΙΟ ΓΥΜΝΑΣΙΟ ΚΑΛΑΜΑΤΑΣ" }, "geometry": { "type": "Point", "coordinates": [ 22.090083, 37.043554 ] } },
{ "type": "Feature", "properties": { "fid": 751, "mm_id": 1016000, "name": "6ο ΗΜΕΡΗΣΙΟ ΓΕΝΙΚΟ ΛΥΚΕΙΟ ΚΑΛΑΜΑΤΑΣ" }, "geometry": { "type": "Point", "coordinates": [ 22.093908, 37.042772 ] } },
{ "type": "Feature", "properties": { "fid": 752, "mm_id": 1016010, "name": "ΓΕΝΙΚΟ ΛΥΚΕΙΟ ΘΟΥΡΙΑΣ - ΗΜΕΡΗΣΙΟ" }, "geometry": { "type": "Point", "coordinates": [ 22.049538, 37.081579 ] } },
{ "type": "Feature", "properties": { "fid": 753, "mm_id": 1025276, "name": "ΕΝΙΑΙΟ ΕΙΔΙΚΟ ΕΠΑΓΓΕΛΜΑΤΙΚΟ ΓΥΜΝΑΣΙΟ-ΛΥΚΕΙΟ ΚΑΛΑΜΑΤΑΣ" }, "geometry": { "type": "Point", "coordinates": [ 22.094212, 37.042015 ] } },
{ "type": "Feature", "properties": { "fid": 754, "mm_id": 1015994, "name": "ΕΠΑ.Λ. ΜΕΣΣΗΝΗΣ" }, "geometry": { "type": "Point", "coordinates": [ 22.004156, 37.051194 ] } },
{ "type": "Feature", "properties": { "fid": 755, "mm_id": 1016004, "name": "ΕΣΠΕΡΙΝΟ ΓΕΝΙΚΟ ΛΥΚΕΙΟ ΚΑΛΑΜΑΤΑΣ" }, "geometry": { "type": "Point", "coordinates": [ 22.113411, 37.034608 ] } },
{ "type": "Feature", "properties": { "fid": 756, "mm_id": 1024635, "name": "ΕΣΠΕΡΙΝΟ ΕΠΑ.Λ. ΚΑΛΑΜΑΤΑΣ" }, "geometry": { "type": "Point", "coordinates": [ 22.117831, 37.02744 ] } },
{ "type": "Feature", "properties": { "fid": 757, "mm_id": 1016011, "name": "ΗΜΕΡΗΣΙΟ ΓΕΝΙΚΟ ΛΥΚΕΙΟ ΑΝΔΡΟΥΣΑΣ" }, "geometry": { "type": "Point", "coordinates": [ 21.941819, 37.108657 ] } },
{ "type": "Feature", "properties": { "fid": 758, "mm_id": 1016012, "name": "ΗΜΕΡΗΣΙΟ ΓΕΝΙΚΟ ΛΥΚΕΙΟ ΑΡΙΣΤΟΜΕΝΗ ΜΕΣΣΗΝΙΑΣ" }, "geometry": { "type": "Point", "coordinates": [ 21.843099, 37.083887 ] } },
{ "type": "Feature", "properties": { "fid": 759, "mm_id": 1016013, "name": "ΗΜΕΡΗΣΙΟ ΓΕΝΙΚΟ ΛΥΚΕΙΟ ΑΡΦΑΡΩΝ - ΑΡΜΕΝΕΙΟ ΛΥΚΕΙΟ ΑΡΦΑΡΩΝ" }, "geometry": { "type": "Point", "coordinates": [ 22.039289, 37.155631 ] } },
{ "type": "Feature", "properties": { "fid": 760, "mm_id": 1016014, "name": "ΗΜΕΡΗΣΙΟ ΓΕΝΙΚΟ ΛΥΚΕΙΟ ΓΑΡΓΑΛΙΑΝΩΝ" }, "geometry": { "type": "Point", "coordinates": [ 21.638297, 37.064888 ] } },
{ "type": "Feature", "properties": { "fid": 761, "mm_id": 1016018, "name": "ΗΜΕΡΗΣΙΟ ΓΕΝΙΚΟ ΛΥΚΕΙΟ ΔΩΡΙΟΥ - ΓΕΝΙΚΟ ΛΥΚΕΙΟ ΔΩΡΙΟΥ" }, "geometry": { "type": "Point", "coordinates": [ 21.858368, 37.289948 ] } },
{ "type": "Feature", "properties": { "fid": 762, "mm_id": 1016020, "name": "ΗΜΕΡΗΣΙΟ ΓΕΝΙΚΟ ΛΥΚΕΙΟ ΚΑΡΔΑΜΥΛΗΣ" }, "geometry": { "type": "Point", "coordinates": [ 22.232645, 36.887205 ] } },
{ "type": "Feature", "properties": { "fid": 763, "mm_id": 1016021, "name": "ΗΜΕΡΗΣΙΟ ΓΕΝΙΚΟ ΛΥΚΕΙΟ ΚΟΡΩΝΗΣ" }, "geometry": { "type": "Point", "coordinates": [ 21.955469, 36.79733 ] } },
{ "type": "Feature", "properties": { "fid": 764, "mm_id": 1016022, "name": "ΗΜΕΡΗΣΙΟ ΓΕΝΙΚΟ ΛΥΚΕΙΟ ΚΥΠΑΡΙΣΣΙΑΣ" }, "geometry": { "type": "Point", "coordinates": [ 21.667661, 37.247347 ] } },
{ "type": "Feature", "properties": { "fid": 765, "mm_id": 1016024, "name": "ΗΜΕΡΗΣΙΟ ΓΕΝΙΚΟ ΛΥΚΕΙΟ ΜΕΘΩΝΗΣ" }, "geometry": { "type": "Point", "coordinates": [ 21.704834, 36.82311 ] } },
{ "type": "Feature", "properties": { "fid": 766, "mm_id": 1016016, "name": "ΗΜΕΡΗΣΙΟ ΓΕΝΙΚΟ ΛΥΚΕΙΟ ΜΕΛΙΓΑΛΑ" }, "geometry": { "type": "Point", "coordinates": [ 21.974631, 37.221457 ] } },
{ "type": "Feature", "properties": { "fid": 767, "mm_id": 1016025, "name": "ΗΜΕΡΗΣΙΟ ΓΕΝΙΚΟ ΛΥΚΕΙΟ ΠΕΤΑΛΙΔΙΟΥ" }, "geometry": { "type": "Point", "coordinates": [ 21.924851, 36.957012 ] } },
{ "type": "Feature", "properties": { "fid": 768, "mm_id": 1016023, "name": "ΗΜΕΡΗΣΙΟ ΓΕΝΙΚΟ ΛΥΚΕΙΟ ΠΥΛΟΥ" }, "geometry": { "type": "Point", "coordinates": [ 21.698171, 36.906333 ] } },
{ "type": "Feature", "properties": { "fid": 769, "mm_id": 1016026, "name": "ΗΜΕΡΗΣΙΟ ΓΕΝΙΚΟ ΛΥΚΕΙΟ ΦΙΛΙΑΤΡΩΝ" }, "geometry": { "type": "Point", "coordinates": [ 21.584776, 37.161696 ] } },
{ "type": "Feature", "properties": { "fid": 770, "mm_id": 1016015, "name": "ΗΜΕΡΗΣΙΟ ΓΕΝΙΚΟ ΛΥΚΕΙΟ ΧΩΡΑΣ ΜΕΣΣΗΝΙΑΣ" }, "geometry": { "type": "Point", "coordinates": [ 21.721521, 37.052949 ] } },
{ "type": "Feature", "properties": { "fid": 771, "mm_id": 1001226, "name": "ΙΔΙΩΤΙΚΟ ΗΜΕΡΗΣΙΟ ΛΥΚΕΙΟ ΚΑΛΑΜΑΤΑ - ΕΚΠΑΙΔΕΥΤΗΡΙΑ ΜΠΟΥΓΑ" }, "geometry": { "type": "Point", "coordinates": [ 22.082802, 37.03295 ] } },
{ "type": "Feature", "properties": { "fid": 772, "mm_id": 1015959, "name": "ΜΟΥΣΙΚΟ ΣΧΟΛΕΙΟ ΚΑΛΑΜΑΤΑΣ \" ΜΑΡΙΑ ΚΑΛΛΑΣ\" ΓΥΜΝΑΣΙΟ - ΓΕΝΙΚΟ ΛΥΚΕΙΟ" }, "geometry": { "type": "Point", "coordinates": [ 22.13166, 37.026054 ] } },
{ "type": "Feature", "properties": { "fid": 773, "mm_id": 1014583, "name": "1ο ΗΜΕΡΗΣΙΟ ΓΕΝΙΚΟ ΛΥΚΕΙΟ ΤΡΙΠΟΛΗΣ - ΜΙΣΤΡΙΩΤΕΙΟ" }, "geometry": { "type": "Point", "coordinates": [ 22.365548, 37.504366 ] } },
{ "type": "Feature", "properties": { "fid": 774, "mm_id": 1018875, "name": "1ο ΗΜΕΡΗΣΙΟ ΕΠΑ.Λ ΤΡΙΠΟΛΗΣ" }, "geometry": { "type": "Point", "coordinates": [ 22.38112, 37.499922 ] } },
{ "type": "Feature", "properties": { "fid": 775, "mm_id": 1014573, "name": "1ο ΗΜΕΡΗΣΙΟ ΕΠΑΛ ΑΣΤΡΟΣ" }, "geometry": { "type": "Point", "coordinates": [ 22.718534, 37.410265 ] } },
{ "type": "Feature", "properties": { "fid": 776, "mm_id": 1014575, "name": "1ο ΗΜΕΡΗΣΙΟ ΕΠΑΛ ΜΕΓΑΛΟΠΟΛΗΣ" }, "geometry": { "type": "Point", "coordinates": [ 22.142536, 37.4017 ] } },
{ "type": "Feature", "properties": { "fid": 777, "mm_id": 1014585, "name": "2ο ΗΜΕΡΗΣΙΟ ΠΡΟΤΥΠΟ ΓΕΝΙΚΟ ΛΥΚΕΙΟ ΤΡΙΠΟΛΗΣ" }, "geometry": { "type": "Point", "coordinates": [ 22.388118, 37.515341 ] } },
{ "type": "Feature", "properties": { "fid": 778, "mm_id": 1014581, "name": "3ο ΕΣΠΕΡΙΝΟ ΕΠΑΛ ΤΡΙΠΟΛΗΣ" }, "geometry": { "type": "Point", "coordinates": [ 22.380868, 37.499788 ] } },
{ "type": "Feature", "properties": { "fid": 779, "mm_id": 1014586, "name": "3ο ΗΜΕΡΗΣΙΟ ΓΕΝΙΚΟ ΛΥΚΕΙΟ ΤΡΙΠΟΛΗΣ" }, "geometry": { "type": "Point", "coordinates": [ 22.38276, 37.515107 ] } },
{ "type": "Feature", "properties": { "fid": 780, "mm_id": 1014582, "name": "4ο ΗΜΕΡΗΣΙΟ ΓΕΝΙΚΟ ΛΥΚΕΙΟ ΤΡΙΠΟΛΗΣ" }, "geometry": { "type": "Point", "coordinates": [ 22.373284, 37.516403 ] } },
{ "type": "Feature", "properties": { "fid": 781, "mm_id": 1014590, "name": "ΓΕΝΙΚΟ ΛΥΚΕΙΟ ΛΕΒΙΔΙΟΥ" }, "geometry": { "type": "Point", "coordinates": [ 22.296435, 37.679079 ] } },
{ "type": "Feature", "properties": { "fid": 782, "mm_id": 1014584, "name": "ΓΕΝΙΚΟ ΛΥΚΕΙΟ ΛΕΩΝΙΔΙΟΥ" }, "geometry": { "type": "Point", "coordinates": [ 22.861918, 37.162369 ] } },
{ "type": "Feature", "properties": { "fid": 783, "mm_id": 1026656, "name": "ΕΝΙΑΙΟ ΕΙΔΙΚΟ ΕΠΑΓΓΕΛΜΑΤΙΚΟ ΓΥΜΝΑΣΙΟ - ΛΥΚΕΙΟ (ΕΝ.Ε.Ε.ΓΥ.Λ.) ΤΡΙΠΟΛΗΣ" }, "geometry": { "type": "Point", "coordinates": [ 22.46869, 37.446857 ] } },
{ "type": "Feature", "properties": { "fid": 784, "mm_id": 1014574, "name": "ΕΠΑ.Λ ΛΕΩΝΙΔΙΟΥ" }, "geometry": { "type": "Point", "coordinates": [ 22.861768, 37.161963 ] } },
{ "type": "Feature", "properties": { "fid": 785, "mm_id": 1014588, "name": "ΗΜΕΡΗΣΙΟ ΓΕΝΙΚΟ ΛΥΚΕΙΟ ΑΣΤΡΟΥΣ - ΔΗΜ.Θ.ΣΑΚΑΛΗΣ" }, "geometry": { "type": "Point", "coordinates": [ 22.722109, 37.40668 ] } },
{ "type": "Feature", "properties": { "fid": 786, "mm_id": 1014578, "name": "ΗΜΕΡΗΣΙΟ ΓΕΝΙΚΟ ΛΥΚΕΙΟ ΒΥΤΙΝΑΣ" }, "geometry": { "type": "Point", "coordinates": [ 22.182665, 37.670162 ] } },
{ "type": "Feature", "properties": { "fid": 787, "mm_id": 1014592, "name": "ΗΜΕΡΗΣΙΟ ΓΕΝΙΚΟ ΛΥΚΕΙΟ ΜΕΓΑΛΟΠΟΛΗΣ" }, "geometry": { "type": "Point", "coordinates": [ 22.140881, 37.402048 ] } },
{ "type": "Feature", "properties": { "fid": 788, "mm_id": 1024382, "name": "ΗΜΕΡΗΣΙΟ ΓΕΝΙΚΟ ΛΥΚΕΙΟ ΤΕΓΕΑΣ" }, "geometry": { "type": "Point", "coordinates": [ 22.423421, 37.45324 ] } },
{ "type": "Feature", "properties": { "fid": 789, "mm_id": 1014593, "name": "ΗΜΕΡΗΣΙΟ ΓΕΝΙΚΟ ΛΥΚΕΙΟ ΤΡΟΠΑΙΩΝ ΑΡΚΑΔΙΑΣ" }, "geometry": { "type": "Point", "coordinates": [ 21.956777, 37.72869 ] } },
{ "type": "Feature", "properties": { "fid": 790, "mm_id": 1026643, "name": "ΗΜΕΡΗΣΙΟ ΕΠΑ.Λ. ΓΟΡΤΥΝΙΑΣ" }, "geometry": { "type": "Point", "coordinates": [ 22.082189, 37.554684 ] } },
{ "type": "Feature", "properties": { "fid": 791, "mm_id": 1014552, "name": "ΜΟΥΣΙΚΟ ΓΥΜΝΑΣΙΟ ΜΕ ΛΥΚΕΙΑΚΕΣ ΤΑΞΕΙΣ ΤΡΙΠΟΛΗΣ - «ΔΗΜΗΤΡΗΣ ΜΗΤΡΟΠΟΥΛΟΣ»" }, "geometry": { "type": "Point", "coordinates": [ 22.364208, 37.501028 ] } },
{ "type": "Feature", "properties": { "fid": 792, "mm_id": 1015734, "name": "1ο ΓΕΝΙΚΟ ΛΥΚΕΙΟ ΚΙΑΤΟΥ" }, "geometry": { "type": "Point", "coordinates": [ 22.737781, 38.018154 ] } },
{ "type": "Feature", "properties": { "fid": 793, "mm_id": 1015725, "name": "1ο ΗΜΕΡΗΣΙΟ ΓΕΝΙΚΟ ΛΥΚΕΙΟ ΚΟΡΙΝΘΟΥ" }, "geometry": { "type": "Point", "coordinates": [ 22.927772, 37.933172 ] } },
{ "type": "Feature", "properties": { "fid": 794, "mm_id": 1015714, "name": "1ο ΗΜΕΡΗΣΙΟ ΕΠΑΛ ΚΟΡΙΝΘΟΥ" }, "geometry": { "type": "Point", "coordinates": [ 22.927797, 37.93995 ] } },
{ "type": "Feature", "properties": { "fid": 795, "mm_id": 1015716, "name": "1ο ΗΜΕΡΗΣΙΟ ΕΠΑΛ ΛΟΥΤΡΑΚΙΟΥ" }, "geometry": { "type": "Point", "coordinates": [ 22.976411, 37.921285 ] } },
{ "type": "Feature", "properties": { "fid": 796, "mm_id": 1015715, "name": "1ο ΗΜΕΡΗΣΙΟ ΕΠΑΛ ΝΕΜΕΑΣ" }, "geometry": { "type": "Point", "coordinates": [ 22.657833, 37.810803 ] } },
{ "type": "Feature", "properties": { "fid": 797, "mm_id": 1015721, "name": "1ο ΗΜΕΡΗΣΙΟ ΕΠΑΛ ΞΥΛΟΚΑΣΤΡΟΥ - ΕΠΑ.Λ. ΞΥΛΟΚΑΣΤΡΟΥ" }, "geometry": { "type": "Point", "coordinates": [ 22.62228, 38.076681 ] } },
{ "type": "Feature", "properties": { "fid": 798, "mm_id": 1015739, "name": "2ο ΗΜΕΡΗΣΙΟ ΓΕΝΙΚΟ ΛΥΚΕΙΟ ΚΙΑΤΟΥ" }, "geometry": { "type": "Point", "coordinates": [ 22.738851, 38.012907 ] } },
{ "type": "Feature", "properties": { "fid": 799, "mm_id": 1015726, "name": "2ο ΗΜΕΡΗΣΙΟ ΓΕΝΙΚΟ ΛΥΚΕΙΟ ΚΟΡΙΝΘΟΥ" }, "geometry": { "type": "Point", "coordinates": [ 22.928698, 37.933165 ] } },
{ "type": "Feature", "properties": { "fid": 800, "mm_id": 1015718, "name": "2ο ΗΜΕΡΗΣΙΟ ΕΠΑΛ ΛΟΥΤΡΑΚΙΟΥ" }, "geometry": { "type": "Point", "coordinates": [ 22.976878, 37.920549 ] } },
{ "type": "Feature", "properties": { "fid": 801, "mm_id": 1015730, "name": "3ο ΗΜΕΡΗΣΙΟ ΓΕΝΙΚΟ ΛΥΚΕΙΟ ΚΟΡΙΝΘΟΥ" }, "geometry": { "type": "Point", "coordinates": [ 22.950246, 37.936649 ] } },
{ "type": "Feature", "properties": { "fid": 802, "mm_id": 1015731, "name": "4ο ΗΜΕΡΗΣΙΟ ΓΕΝΙΚΟ ΛΥΚΕΙΟ ΚΟΡΙΝΘΟΥ" }, "geometry": { "type": "Point", "coordinates": [ 22.917245, 37.931092 ] } },
{ "type": "Feature", "properties": { "fid": 803, "mm_id": 1015738, "name": "ΓΕΝΙΚΟ ΛΥΚΕΙΟ ΑΓΙΩΝ ΘΕΟΔΩΡΩΝ" }, "geometry": { "type": "Point", "coordinates": [ 23.13462, 37.931005 ] } },
{ "type": "Feature", "properties": { "fid": 804, "mm_id": 1015729, "name": "ΓΕΝΙΚΟ ΛΥΚΕΙΟ ΒΕΛΟΥ ΚΟΡΙΝΘΙΑΣ" }, "geometry": { "type": "Point", "coordinates": [ 22.767631, 37.976611 ] } },
{ "type": "Feature", "properties": { "fid": 805, "mm_id": 1015735, "name": "ΓΕΝΙΚΟ ΛΥΚΕΙΟ ΞΥΛΟΚΑΣΤΡΟΥ" }, "geometry": { "type": "Point", "coordinates": [ 22.622514, 38.077262 ] } },
{ "type": "Feature", "properties": { "fid": 806, "mm_id": 1015697, "name": "ΓΥΜΝΑΣΙΟ - ΛΥΚΕΙΑΚΕΣ ΤΑΞΕΙΣ ΓΚΟΥΡΑΣ" }, "geometry": { "type": "Point", "coordinates": [ 22.344445, 37.934109 ] } },
{ "type": "Feature", "properties": { "fid": 807, "mm_id": 1025274, "name": "ΕΝΙΑΙΟ ΕΙΔΙΚΟ ΕΠΑΓΓΕΛΜΑΤΙΚΟ ΓΥΜΝΑΣΙΟ -ΛΥΚΕΙΟ ΛΟΥΤΡΑΚΙΟΥ-ΠΕΡΑΧΩΡΑΣ-ΑΓ. ΘΕΟΔΩΡΩΝ" }, "geometry": { "type": "Point", "coordinates": [ 23.001005, 37.904916 ] } },
{ "type": "Feature", "properties": { "fid": 808, "mm_id": 1015688, "name": "ΕΣΠΕΡΙΝΟ ΓΥΜΝΑΣΙΟ ΚΟΡΙΝΘΟΥ" }, "geometry": { "type": "Point", "coordinates": [ 22.927679, 37.933025 ] } },
{ "type": "Feature", "properties": { "fid": 809, "mm_id": 1015719, "name": "ΕΣΠΕΡΙΝΟ ΕΠΑΛ ΚΟΡΙΝΘΟΥ" }, "geometry": { "type": "Point", "coordinates": [ 22.928586, 37.933263 ] } },
{ "type": "Feature", "properties": { "fid": 810, "mm_id": 1015727, "name": "ΗΜΕΡΗΣΙΟ ΓΕΝΙΚΟ ΛΥΚΕΙΟ ΒΡΑΧΑΤΙ ΚΟΡΙΝΘΙΑΣ - ΓΕΝΙΚΟ ΛΥΚΕΙΟ ΒΡΑΧΑΤΙΟΥ" }, "geometry": { "type": "Point", "coordinates": [ 22.808224, 37.953527 ] } },
{ "type": "Feature", "properties": { "fid": 811, "mm_id": 1015733, "name": "ΗΜΕΡΗΣΙΟ ΓΕΝΙΚΟ ΛΥΚΕΙΟ ΔΕΡΒΕΝΙΟΥ" }, "geometry": { "type": "Point", "coordinates": [ 22.427464, 38.135752 ] } },
{ "type": "Feature", "properties": { "fid": 812, "mm_id": 1015728, "name": "ΗΜΕΡΗΣΙΟ ΓΕΝΙΚΟ ΛΥΚΕΙΟ ΖΕΥΓΟΛΑΤΙΟΥ" }, "geometry": { "type": "Point", "coordinates": [ 22.795982, 37.941671 ] } },
{ "type": "Feature", "properties": { "fid": 813, "mm_id": 1015736, "name": "ΗΜΕΡΗΣΙΟ ΓΕΝΙΚΟ ΛΥΚΕΙΟ ΛΟΥΤΡΑΚΙΟΥ" }, "geometry": { "type": "Point", "coordinates": [ 22.97851, 37.945623 ] } },
{ "type": "Feature", "properties": { "fid": 814, "mm_id": 1015737, "name": "ΗΜΕΡΗΣΙΟ ΓΕΝΙΚΟ ΛΥΚΕΙΟ ΝΕΜΕΑΣ" }, "geometry": { "type": "Point", "coordinates": [ 22.659646, 37.817753 ] } },
{ "type": "Feature", "properties": { "fid": 815, "mm_id": 1018924, "name": "ΗΜΕΡΗΣΙΟ ΓΕΝΙΚΟ ΛΥΚΕΙΟ ΧΙΛΙΟΜΟΔΙΟΥ ΚΟΡΙΝΘΟΥ" }, "geometry": { "type": "Point", "coordinates": [ 22.871254, 37.806376 ] } },
{ "type": "Feature", "properties": { "fid": 816, "mm_id": 1015694, "name": "ΗΜΕΡΗΣΙΟ ΓΥΜΝΑΣΙΟ ΚΑΙ ΛΥΚΕΙΑΚΕΣ ΤΑΞΕΙΣ ΛΕΧΑΙΟΥ" }, "geometry": { "type": "Point", "coordinates": [ 22.84258, 37.936778 ] } },
{ "type": "Feature", "properties": { "fid": 817, "mm_id": 1015710, "name": "ΗΜΕΡΗΣΙΟ ΓΥΜΝΑΣΙΟ ΚΑΛΛΙΑΝΩΝ - ΓΥΜΝΑΣΙΟ ΚΑΛΛΙΑΝΩΝ" }, "geometry": { "type": "Point", "coordinates": [ 22.497014, 37.888284 ] } },
{ "type": "Feature", "properties": { "fid": 818, "mm_id": 1015712, "name": "ΗΜΕΡΗΣΙΟ ΓΥΜΝΑΣΙΟ ΣΟΦΙΚΟΥ ΚΟΡΙΝΘΙΑΣ" }, "geometry": { "type": "Point", "coordinates": [ 23.059877, 37.793653 ] } },
{ "type": "Feature", "properties": { "fid": 819, "mm_id": 1001070, "name": "ΙΔΙΩΤΙΚΟ ΗΜΕΡΗΣΙΟ ΛΥΚΕΙΟ ΚΟΡΙΝΘΟΣ - ΑΡΙΣΤΟΤΕΛΕΙΟ ΓΕΝΙΚΟ ΛΥΚΕΙΟ" }, "geometry": { "type": "Point", "coordinates": [ 22.963594, 37.949145 ] } },
{ "type": "Feature", "properties": { "fid": 820, "mm_id": 1001072, "name": "ΙΔΙΩΤΙΚΟ ΗΜΕΡΗΣΙΟ ΛΥΚΕΙΟ ΚΟΡΙΝΘΟΥ - ΑΠΟΣΤΟΛΟΣ ΠΑΥΛΟΣ" }, "geometry": { "type": "Point", "coordinates": [ 22.987938, 37.927912 ] } },
{ "type": "Feature", "properties": { "fid": 821, "mm_id": 1024292, "name": "ΙΔΙΩΤΙΚΟ ΛΥΚΕΙΟ - HOMO EDUCANDUS ΑΓΩΓΗ" }, "geometry": { "type": "Point", "coordinates": [ 22.979142, 37.925566 ] } },
{ "type": "Feature", "properties": { "fid": 822, "mm_id": 1027227, "name": "ΙΔΙΩΤΙΚΟ ΛΥΚΕΙΟ - ΕΚΠΑΙΔΕΥΤΗΡΙΑ ΑΤΣΟΓΛΟΥ" }, "geometry": { "type": "Point", "coordinates": [ 22.986501, 37.928236 ] } },
{ "type": "Feature", "properties": { "fid": 823, "mm_id": 1015693, "name": "ΜΟΥΣΙΚΟ ΓΥΜΝΑΣΙΟ ΚΟΡΙΝΘΟΥ ΜΕ Μ.Λ.Τ." }, "geometry": { "type": "Point", "coordinates": [ 22.970008, 37.933719 ] } },
{ "type": "Feature", "properties": { "fid": 824, "mm_id": 1026976, "name": "Πρότυπο Επαγγελματικό Λύκειο (Π.ΕΠΑ.Λ.) Κιάτου" }, "geometry": { "type": "Point", "coordinates": [ 22.738839, 38.012905 ] } },
{ "type": "Feature", "properties": { "fid": 825, "mm_id": 1012407, "name": "ΕΣΠΕΡΙΝΟ ΓΥΜΝΑΣΙΟ Λ.Τ. ΑΡΧΑΓΓΕΛΟΥ" }, "geometry": { "type": "Point", "coordinates": [ 28.11662, 36.215693 ] } },
{ "type": "Feature", "properties": { "fid": 826, "mm_id": 1027049, "name": "ΕΣΠΕΡΙΝΟ ΓΥΜΝΑΣΙΟ ΜΕ ΛΥΚΕΙΑΚΕΣ ΤΑΞΕΙΣ ΤΗΛΟΥ" }, "geometry": { "type": "Point", "coordinates": [ 27.346545, 36.45247 ] } },
{ "type": "Feature", "properties": { "fid": 827, "mm_id": 1000786, "name": "ΗΜΕΡΗΣΙΟ ΓΥΜΝΑΣΙΟ - ΛΥΚΕΙΑΚΕΣ ΤΑΞΕΙΣ ΤΗΛΟΥ" }, "geometry": { "type": "Point", "coordinates": [ 27.346656, 36.452491 ] } },
{ "type": "Feature", "properties": { "fid": 828, "mm_id": 1000752, "name": "ΗΜΕΡΗΣΙΟ ΓΥΜΝΑΣΙΟ ΛΥΚΕΙΑΚΕΣ ΤΑΞΕΙΣ ΓΕΝΝΑΔΙΟΥ ΡΟΔΟΥ" }, "geometry": { "type": "Point", "coordinates": [ 27.924556, 36.022695 ] } },
{ "type": "Feature", "properties": { "fid": 829, "mm_id": 1000758, "name": "ΗΜΕΡΗΣΙΟ ΓΥΜΝΑΣΙΟ ΛΥΚΕΙΑΚΕΣ ΤΑΞΕΙΣ ΕΜΠΩΝΑ" }, "geometry": { "type": "Point", "coordinates": [ 27.856514, 36.229304 ] } },
{ "type": "Feature", "properties": { "fid": 830, "mm_id": 1000750, "name": "ΗΜΕΡΗΣΙΟ ΓΥΜΝΑΣΙΟ ΜΕ ΛΥΚΕΙΑΚΕΣ ΤΑΞΕΙΣ ΚΑΣΤΕΛΛΟΡΙΖΟΥ (ΜΕΓΙΣΤΗΣ)" }, "geometry": { "type": "Point", "coordinates": [ 29.589379, 36.147775 ] } },
{ "type": "Feature", "properties": { "fid": 831, "mm_id": 1000765, "name": "ΗΜΕΡΗΣΙΟ ΓΥΜΝΑΣΙΟ ΧΑΛΚΗΣ - ΓΥΜΝΑΣΙΟ Λ.Τ ΧΑΛΚΗΣ ''ΣΩΚΡΑΤΗΣ ΦΑΝΟΥΡΑΚΗΣ''" }, "geometry": { "type": "Point", "coordinates": [ 27.60992, 36.223207 ] } },
{ "type": "Feature", "properties": { "fid": 832, "mm_id": 1000762, "name": "ΜΟΥΣΙΚΟ ΓΥΜΝΑΣΙΟ ΡΟΔΟΥ - ΜΟΥΣΙΚΟ ΣΧΟΛΕΙΟ ΡΟΔΟΥ" }, "geometry": { "type": "Point", "coordinates": [ 28.200029, 36.386639 ] } },
{ "type": "Feature", "properties": { "fid": 833, "mm_id": 1000784, "name": "ΠΑΝΟΡΜΙΤΕΙΟ ΓΥΜΝΑΣΙΟ ΚΑΙ ΛΥΚΕΙΑΚΕΣ ΤΑΞΕΙΣ ΣΥΜΗΣ" }, "geometry": { "type": "Point", "coordinates": [ 27.839781, 36.614587 ] } },
{ "type": "Feature", "properties": { "fid": 834, "mm_id": 1018204, "name": "1ο ΕΠΑΛ ΠΑΡΑΜΥΘΙΑΣ" }, "geometry": { "type": "Point", "coordinates": [ 20.510311, 39.462315 ] } },
{ "type": "Feature", "properties": { "fid": 835, "mm_id": 1015269, "name": "1ο ΗΜΕΡΗΣΙΟ ΓΕΝΙΚΟ ΛΥΚΕΙΟ ΗΓΟΥΜΕΝΙΤΣΑΣ" }, "geometry": { "type": "Point", "coordinates": [ 20.265282, 39.506338 ] } },
{ "type": "Feature", "properties": { "fid": 836, "mm_id": 1018030, "name": "1ο ΗΜΕΡΗΣΙΟ ΓΕΝΙΚΟ ΛΥΚΕΙΟ ΠΑΡΑΜΥΘΙΑΣ ΘΕΣΠΡΩΤΙΑΣ" }, "geometry": { "type": "Point", "coordinates": [ 20.5142, 39.458928 ] } },
{ "type": "Feature", "properties": { "fid": 837, "mm_id": 1015266, "name": "1ο ΗΜΕΡΗΣΙΟ ΕΠΑΓΓΕΛΜΑΤΙΚΟ ΛΥΚΕΙΟ ΦΙΛΙΑΤΩΝ" }, "geometry": { "type": "Point", "coordinates": [ 20.305581, 39.602345 ] } },
{ "type": "Feature", "properties": { "fid": 838, "mm_id": 1018205, "name": "2ο ΗΜΕΡΗΣΙΟ ΓΕΝΙΚΟ ΛΥΚΕΙΟ ΗΓΟΥΜΕΝΙΤΣΑΣ" }, "geometry": { "type": "Point", "coordinates": [ 20.266446, 39.492156 ] } },
{ "type": "Feature", "properties": { "fid": 839, "mm_id": 1025351, "name": "ΕΝΙΑΙΟ ΕΙΔΙΚΟ ΕΠΑΓΓΕΛΜΑΤΙΚΟ ΓΥΜΝΑΣΙΟ-ΛΥΚΕΙΟ ΗΓΟΥΜΕΝΙΤΣΑΣ" }, "geometry": { "type": "Point", "coordinates": [ 20.255496, 39.523488 ] } },
{ "type": "Feature", "properties": { "fid": 840, "mm_id": 1015270, "name": "ΕΣΠΕΡΙΝΟ ΓΕΝΙΚΟ ΛΥΚΕΙΟ ΗΓΟΥΜΕΝΙΤΣΑΣ" }, "geometry": { "type": "Point", "coordinates": [ 20.264724, 39.506934 ] } },
{ "type": "Feature", "properties": { "fid": 841, "mm_id": 1026972, "name": "Εσπερινό ΕΠΑ.Λ. Ηγουμενίτσας" }, "geometry": { "type": "Point", "coordinates": [ 20.258206, 39.513037 ] } },
{ "type": "Feature", "properties": { "fid": 842, "mm_id": 1018031, "name": "ΗΜΕΡΗΣΙΟ ΓΕΝΙΚΟ ΛΥΚΕΙΟ ΜΑΡΓΑΡΙΤΙΟΥ ΘΕΣΠΡΩΤΙΑΣ" }, "geometry": { "type": "Point", "coordinates": [ 20.439392, 39.356916 ] } },
{ "type": "Feature", "properties": { "fid": 843, "mm_id": 1015271, "name": "ΗΜΕΡΗΣΙΟ ΓΕΝΙΚΟ ΛΥΚΕΙΟ ΦΙΛΙΑΤΩΝ ΘΕΣΠΡΩΤΙΑΣ- \"ΜΙΧΑΛΗΣ ΓΚΑΝΑΣ\"" }, "geometry": { "type": "Point", "coordinates": [ 20.307973, 39.600555 ] } },
{ "type": "Feature", "properties": { "fid": 844, "mm_id": 1026827, "name": "ΜΟΥΣΙΚΟ ΓΥΜΝΑΣΙΟ ΗΓΟΥΜΕΝΙΤΣΑΣ" }, "geometry": { "type": "Point", "coordinates": [ 20.37329, 39.416534 ] } },
{ "type": "Feature", "properties": { "fid": 845, "mm_id": 1026891, "name": "Πρότυπο Επαγγελματικό Λύκειο (Π.ΕΠΑ.Λ.) Ηγουμενίτσας" }, "geometry": { "type": "Point", "coordinates": [ 20.258496, 39.51316 ] } },
{ "type": "Feature", "properties": { "fid": 846, "mm_id": 1015871, "name": "10ο ΗΜΕΡΗΣΙΟ ΓΕΝΙΚΟ ΛΥΚΕΙΟ ΛΑΡΙΣΑΣ" }, "geometry": { "type": "Point", "coordinates": [ 22.403064, 39.639615 ] } },
{ "type": "Feature", "properties": { "fid": 847, "mm_id": 1015872, "name": "11ο ΗΜΕΡΗΣΙΟ ΓΕΝΙΚΟ ΛΥΚΕΙΟ ΛΑΡΙΣΑΣ" }, "geometry": { "type": "Point", "coordinates": [ 22.434332, 39.648237 ] } },
{ "type": "Feature", "properties": { "fid": 848, "mm_id": 1015861, "name": "12ο ΗΜΕΡΗΣΙΟ ΓΕΝΙΚΟ ΛΥΚΕΙΟ ΛΑΡΙΣΑΣ" }, "geometry": { "type": "Point", "coordinates": [ 22.427604, 39.613095 ] } },
{ "type": "Feature", "properties": { "fid": 849, "mm_id": 1024631, "name": "13ο ΗΜΕΡΗΣΙΟ ΓΕΝΙΚΟ ΛΥΚΕΙΟ ΛΑΡΙΣΑΣ" }, "geometry": { "type": "Point", "coordinates": [ 22.449933, 39.627725 ] } },
{ "type": "Feature", "properties": { "fid": 850, "mm_id": 1025319, "name": "14ο ΗΜΕΡΗΣΙΟ ΓΕΝΙΚΟ ΛΥΚΕΙΟ ΛΑΡΙΣΑΣ" }, "geometry": { "type": "Point", "coordinates": [ 22.417283, 39.62107 ] } },
{ "type": "Feature", "properties": { "fid": 851, "mm_id": 1015877, "name": "1ο ΓΕΝΙΚΟ ΛΥΚΕΙΟ ΕΛΑΣΣΟΝΑΣ" }, "geometry": { "type": "Point", "coordinates": [ 22.194055, 39.887819 ] } },
{ "type": "Feature", "properties": { "fid": 852, "mm_id": 1015850, "name": "1ο ΕΠΑΛ ΤΥΡΝΑΒΟΥ" }, "geometry": { "type": "Point", "coordinates": [ 22.276311, 39.735683 ] } },
{ "type": "Feature", "properties": { "fid": 853, "mm_id": 1015881, "name": "1ο ΗΜΕΡΗΣΙΟ ΓΕΝΙΚΟ ΛΥΚΕΙΟ ΦΑΡΣΑΛΩΝ" }, "geometry": { "type": "Point", "coordinates": [ 22.395095, 39.298037 ] } },
{ "type": "Feature", "properties": { "fid": 854, "mm_id": 1015851, "name": "1ο Ημερήσιο ΕΠΑΛ Αγιάς" }, "geometry": { "type": "Point", "coordinates": [ 22.761722, 39.716062 ] } },
{ "type": "Feature", "properties": { "fid": 855, "mm_id": 1015849, "name": "1ο ΗΜΕΡΗΣΙΟ ΕΠΑΛ ΕΛΑΣΣΟΝΑΣ" }, "geometry": { "type": "Point", "coordinates": [ 22.181382, 39.892917 ] } },
{ "type": "Feature", "properties": { "fid": 856, "mm_id": 1015843, "name": "1ο ΗΜΕΡΗΣΙΟ ΕΠΑΛ ΛΑΡΙΣΑΣ" }, "geometry": { "type": "Point", "coordinates": [ 22.397134, 39.611987 ] } },
{ "type": "Feature", "properties": { "fid": 857, "mm_id": 1015848, "name": "1ο ΗΜΕΡΗΣΙΟ ΕΠΑΛ ΦΑΡΣΑΛΩΝ" }, "geometry": { "type": "Point", "coordinates": [ 22.371623, 39.297105 ] } },
{ "type": "Feature", "properties": { "fid": 858, "mm_id": 1015862, "name": "1ο ΠΕΙΡΑΜΑΤΙΚΟ ΓΕΝΙΚΟ ΛΥΚΕΙΟ ΛΑΡΙΣΑΣ" }, "geometry": { "type": "Point", "coordinates": [ 22.412901, 39.634175 ] } },
{ "type": "Feature", "properties": { "fid": 859, "mm_id": 1015863, "name": "2ο ΓΕΝΙΚΟ ΛΥΚΕΙΟ ΛΑΡΙΣΑΣ-ΙΠΠΟΚΡΑΤΗΣ" }, "geometry": { "type": "Point", "coordinates": [ 22.429607, 39.636482 ] } },
{ "type": "Feature", "properties": { "fid": 860, "mm_id": 1015882, "name": "2ο ΗΜΕΡΗΣΙΟ ΓΕΝΙΚΟ ΛΥΚΕΙΟ ΦΑΡΣΑΛΩΝ" }, "geometry": { "type": "Point", "coordinates": [ 22.382478, 39.300205 ] } },
{ "type": "Feature", "properties": { "fid": 861, "mm_id": 1015845, "name": "2ο ΗΜΕΡΗΣΙΟ ΕΠΑΛ ΛΑΡΙΣΑΣ" }, "geometry": { "type": "Point", "coordinates": [ 22.397145, 39.612061 ] } },
{ "type": "Feature", "properties": { "fid": 862, "mm_id": 1015846, "name": "3ο ΕΣΠΕΡΙΝΟ ΕΠΑΛ ΛΑΡΙΣΑΣ" }, "geometry": { "type": "Point", "coordinates": [ 22.424614, 39.632884 ] } },
{ "type": "Feature", "properties": { "fid": 863, "mm_id": 1015864, "name": "3ο ΗΜΕΡΗΣΙΟ ΓΕΝΙΚΟ ΛΥΚΕΙΟ ΛΑΡΙΣΑΣ" }, "geometry": { "type": "Point", "coordinates": [ 22.4015, 39.61778 ] } },
{ "type": "Feature", "properties": { "fid": 864, "mm_id": 1015865, "name": "4ο ΗΜΕΡΗΣΙΟ ΓΕΝΙΚΟ ΛΥΚΕΙΟ ΛΑΡΙΣΑΣ" }, "geometry": { "type": "Point", "coordinates": [ 22.412107, 39.633572 ] } },
{ "type": "Feature", "properties": { "fid": 865, "mm_id": 1015847, "name": "4ο ΗΜΕΡΗΣΙΟ ΕΠΑΛ ΛΑΡΙΣΑΣ" }, "geometry": { "type": "Point", "coordinates": [ 22.429172, 39.637632 ] } },
{ "type": "Feature", "properties": { "fid": 866, "mm_id": 1015866, "name": "5ο ΗΜΕΡΗΣΙΟ ΓΕΝΙΚΟ ΛΥΚΕΙΟ ΛΑΡΙΣΑΣ - ΚΩΝΣΤΑΝΤΙΝΟΣ ΚΟΥΜΑΣ" }, "geometry": { "type": "Point", "coordinates": [ 22.424331, 39.632665 ] } },
{ "type": "Feature", "properties": { "fid": 867, "mm_id": 1018696, "name": "6ο ΕΣΠΕΡΙΝΟ ΕΠΑΛ ΛΑΡΙΣΑΣ" }, "geometry": { "type": "Point", "coordinates": [ 22.39767, 39.612028 ] } },
{ "type": "Feature", "properties": { "fid": 868, "mm_id": 1015867, "name": "6ο ΗΜΕΡΗΣΙΟ ΓΕΝΙΚΟ ΛΥΚΕΙΟ ΛΑΡΙΣΑΣ" }, "geometry": { "type": "Point", "coordinates": [ 22.398149, 39.627572 ] } },
{ "type": "Feature", "properties": { "fid": 869, "mm_id": 1015868, "name": "7ο ΗΜΕΡΗΣΙΟ ΓΕΝΙΚΟ ΛΥΚΕΙΟ ΛΑΡΙΣΑΣ" }, "geometry": { "type": "Point", "coordinates": [ 22.429802, 39.62535 ] } },
{ "type": "Feature", "properties": { "fid": 870, "mm_id": 1015858, "name": "7ο ΗΜΕΡΗΣΙΟ ΕΠΑΛ ΛΑΡΙΣΑΣ" }, "geometry": { "type": "Point", "coordinates": [ 22.419699, 39.617359 ] } },
{ "type": "Feature", "properties": { "fid": 871, "mm_id": 1027201, "name": "8ο ΕΠΑ.Λ. ΛΑΡΙΣΑΣ" }, "geometry": { "type": "Point", "coordinates": [ 22.39671, 39.611259 ] } },
{ "type": "Feature", "properties": { "fid": 872, "mm_id": 1015869, "name": "8ο ΗΜΕΡΗΣΙΟ ΓΕΝΙΚΟ ΛΥΚΕΙΟ ΛΑΡΙΣΑΣ" }, "geometry": { "type": "Point", "coordinates": [ 22.419211, 39.645026 ] } },
{ "type": "Feature", "properties": { "fid": 873, "mm_id": 1015870, "name": "9ο ΗΜΕΡΗΣΙΟ ΓΕΝΙΚΟ ΛΥΚΕΙΟ ΛΑΡΙΣΑΣ" }, "geometry": { "type": "Point", "coordinates": [ 22.433359, 39.643939 ] } },
{ "type": "Feature", "properties": { "fid": 874, "mm_id": 1015834, "name": "ΓΥΜΝΑΣΙΟ - ΛΥΚΕΙΑΚΕΣ ΤΑΞΕΙΣ ΚΡΑΝΕΑΣ" }, "geometry": { "type": "Point", "coordinates": [ 21.967274, 39.949644 ] } },
{ "type": "Feature", "properties": { "fid": 875, "mm_id": 1015840, "name": "ΓΥΜΝΑΣΙΟ ΚΑΙ ΛΥΚΕΙΑΚΕΣ ΤΑΞΕΙΣ ΚΑΛΛΙΘΕΑΣ \"ΘΕΟΦΙΛΟΣ ΣΑΚΑΛΙΔΗΣ\"" }, "geometry": { "type": "Point", "coordinates": [ 22.190315, 39.980094 ] } },
{ "type": "Feature", "properties": { "fid": 876, "mm_id": 1001163, "name": "ΕΚΠΑΙΔΕΥΤΗΡΙΑ ΜΑΙΡΗΣ Ν. ΡΑΠΤΟΥ/ ΚΕΝΤΡΟ ΕΛΛΗΝΙΚΗΣ ΠΑΙΔΕΙΑΣ" }, "geometry": { "type": "Point", "coordinates": [ 22.414421, 39.629766 ] } },
{ "type": "Feature", "properties": { "fid": 877, "mm_id": 1015844, "name": "ΕΝΙΑΙΟ ΕΙΔΙΚΟ ΕΠΑΓΓΕΛΜΑΤΙΚΟ ΓΥΜΝΑΣΙΟ - ΛΥΚΕΙΟ  ΛΑΡΙΣΑΣ" }, "geometry": { "type": "Point", "coordinates": [ 22.391948, 39.671848 ] } },
{ "type": "Feature", "properties": { "fid": 878, "mm_id": 1015830, "name": "ΕΝΙΑΙΟ ΕΙΔΙΚΟ ΕΠΑΓΓΕΛΜΑΤΙΚΟ ΓΥΜΝΑΣΙΟ-ΛΥΚΕΙΟ ΕΛΑΣΣΟΝΑΣ" }, "geometry": { "type": "Point", "coordinates": [ 22.180933, 39.893038 ] } },
{ "type": "Feature", "properties": { "fid": 879, "mm_id": 1015797, "name": "ΕΣΠΕΡΙΝΟ ΓΥΜΝΑΣΙΟ ΜΕ ΛΥΚΕΙΑΚΕΣ ΤΑΞΕΙΣ ΛΑΡΙΣΑΣ" }, "geometry": { "type": "Point", "coordinates": [ 22.423576, 39.632464 ] } },
{ "type": "Feature", "properties": { "fid": 880, "mm_id": 1015875, "name": "ΗΜΕΡΗΣΙΟ ΓΕΝΙΚΟ ΛΥΚΕΙΟ ΑΓΙΑΣ - ΓΕΝΙΚΟ ΛΥΚΕΙΟ ΑΓΙΑΣ" }, "geometry": { "type": "Point", "coordinates": [ 22.761704, 39.716046 ] } },
{ "type": "Feature", "properties": { "fid": 881, "mm_id": 1015883, "name": "ΗΜΕΡΗΣΙΟ ΓΕΝΙΚΟ ΛΥΚΕΙΟ ΑΜΠΕΛΩΝΑ" }, "geometry": { "type": "Point", "coordinates": [ 22.357395, 39.74936 ] } },
{ "type": "Feature", "properties": { "fid": 882, "mm_id": 1015887, "name": "ΗΜΕΡΗΣΙΟ ΓΕΝΙΚΟ ΛΥΚΕΙΟ ΓΙΑΝΝΟΥΛΗΣ" }, "geometry": { "type": "Point", "coordinates": [ 22.389276, 39.669966 ] } },
{ "type": "Feature", "properties": { "fid": 883, "mm_id": 1015876, "name": "ΗΜΕΡΗΣΙΟ ΓΕΝΙΚΟ ΛΥΚΕΙΟ ΓΟΝΝΩΝ" }, "geometry": { "type": "Point", "coordinates": [ 22.469807, 39.862742 ] } },
{ "type": "Feature", "properties": { "fid": 884, "mm_id": 1015891, "name": "ΗΜΕΡΗΣΙΟ ΓΕΝΙΚΟ ΛΥΚΕΙΟ ΔΟΜΕΝΙΚΟΥ" }, "geometry": { "type": "Point", "coordinates": [ 22.115164, 39.788369 ] } },
{ "type": "Feature", "properties": { "fid": 885, "mm_id": 1015874, "name": "ΗΜΕΡΗΣΙΟ ΓΕΝΙΚΟ ΛΥΚΕΙΟ ΝΙΚΑΙΑΣ" }, "geometry": { "type": "Point", "coordinates": [ 22.47218, 39.564457 ] } },
{ "type": "Feature", "properties": { "fid": 886, "mm_id": 1015889, "name": "ΗΜΕΡΗΣΙΟ ΓΕΝΙΚΟ ΛΥΚΕΙΟ ΠΛΑΤΥΚΑΜΠΟΥ" }, "geometry": { "type": "Point", "coordinates": [ 22.536893, 39.626342 ] } },
{ "type": "Feature", "properties": { "fid": 887, "mm_id": 1015886, "name": "ΗΜΕΡΗΣΙΟ ΓΕΝΙΚΟ ΛΥΚΕΙΟ ΠΥΡΓΕΤΟΥ - ΓΕΛ ΠΥΡΓΕΤΟΥ" }, "geometry": { "type": "Point", "coordinates": [ 22.597264, 39.919067 ] } },
{ "type": "Feature", "properties": { "fid": 888, "mm_id": 1015880, "name": "ΗΜΕΡΗΣΙΟ ΓΕΝΙΚΟ ΛΥΚΕΙΟ ΣΥΚΟΥΡΙΟΥ ΛΑΡΙΣΑΣ" }, "geometry": { "type": "Point", "coordinates": [ 22.574778, 39.756651 ] } },
{ "type": "Feature", "properties": { "fid": 889, "mm_id": 1015884, "name": "ΗΜΕΡΗΣΙΟ ΓΕΝΙΚΟ ΛΥΚΕΙΟ ΤΥΡΝΑΒΟΥ" }, "geometry": { "type": "Point", "coordinates": [ 22.292399, 39.747901 ] } },
{ "type": "Feature", "properties": { "fid": 890, "mm_id": 1015892, "name": "ΗΜΕΡΗΣΙΟ ΓΕΝΙΚΟ ΛΥΚΕΙΟ ΦΑΛΑΝΗΣ" }, "geometry": { "type": "Point", "coordinates": [ 22.402026, 39.7272 ] } },
{ "type": "Feature", "properties": { "fid": 891, "mm_id": 1015811, "name": "ΗΜΕΡΗΣΙΟ ΓΥΜΝΑΣΙΟ & Λ. - Τ. ΤΣΑΡΙΤΣΑΝΗΣ - ΚΩΝΣΤΑΝΤΙΝΟΣ ΟΙΚΟΝΟΜΟΣ" }, "geometry": { "type": "Point", "coordinates": [ 22.230037, 39.880768 ] } },
{ "type": "Feature", "properties": { "fid": 892, "mm_id": 1015829, "name": "ΗΜΕΡΗΣΙΟ ΓΥΜΝΑΣΙΟ & Λ.Τ. ΛΙΒΑΔΙΟΥ" }, "geometry": { "type": "Point", "coordinates": [ 22.157431, 40.124663 ] } },
{ "type": "Feature", "properties": { "fid": 893, "mm_id": 1015839, "name": "ΗΜΕΡΗΣΙΟ ΓΥΜΝΑΣΙΟ - Λ.Τ. ΒΕΡΔΙΚΟΥΣΑΣ" }, "geometry": { "type": "Point", "coordinates": [ 21.977252, 39.783694 ] } },
{ "type": "Feature", "properties": { "fid": 894, "mm_id": 1015835, "name": "ΗΜΕΡΗΣΙΟ ΓΥΜΝΑΣΙΟ - ΛΥΚΕΙΑΚΕΣ ΤΑΞΕΙΣ ΚΟΙΛΑΔΑΣ" }, "geometry": { "type": "Point", "coordinates": [ 22.302281, 39.57442 ] } },
{ "type": "Feature", "properties": { "fid": 895, "mm_id": 1015836, "name": "ΗΜΕΡΗΣΙΟ ΓΥΜΝΑΣΙΟ ΑΡΜΕΝΙΟΥ & ΛΥΚΕΙΑΚΕΣ ΤΑΞΕΙΣ" }, "geometry": { "type": "Point", "coordinates": [ 22.700553, 39.493718 ] } },
{ "type": "Feature", "properties": { "fid": 896, "mm_id": 1015813, "name": "ΗΜΕΡΗΣΙΟ ΓΥΜΝΑΣΙΟ ΛΥΚ. ΤΑΞΕΙΣ ΜΑΚΡΥΧΩΡΙΟΥ" }, "geometry": { "type": "Point", "coordinates": [ 22.495776, 39.801588 ] } },
{ "type": "Feature", "properties": { "fid": 897, "mm_id": 1001165, "name": "ΙΔ. ΓΕΝ. ΛΥΚ. Ν. ΜΠΑΚΟΓΙΑΝΝΗ" }, "geometry": { "type": "Point", "coordinates": [ 22.365871, 39.624857 ] } },
{ "type": "Feature", "properties": { "fid": 898, "mm_id": 1015800, "name": "ΜΟΥΣΙΚΟ ΣΧΟΛΕΙΟ ΛΑΡΙΣΑΣ(ΓΥΜΝΑΣΙΟ-ΛΥΚΕΙΟ)" }, "geometry": { "type": "Point", "coordinates": [ 22.411295, 39.617369 ] } },
{ "type": "Feature", "properties": { "fid": 899, "mm_id": 1027094, "name": "ΠΡΟΤΥΠΟ ΓΕΝΙΚΟ ΛΥΚΕΙΟ ΛΑΡΙΣΑΣ" }, "geometry": { "type": "Point", "coordinates": [ 22.429602, 39.635823 ] } },
{ "type": "Feature", "properties": { "fid": 900, "mm_id": 1018796, "name": "1ο ΓΕΝΙΚΟ ΛΥΚΕΙΟ ΙΩΑΝΝΙΝΩΝ" }, "geometry": { "type": "Point", "coordinates": [ 20.852218, 39.654412 ] } },
{ "type": "Feature", "properties": { "fid": 901, "mm_id": 1015393, "name": "1ο ΓΕΝΙΚΟ ΛΥΚΕΙΟ ΜΕΤΣΟΒΟΥ" }, "geometry": { "type": "Point", "coordinates": [ 21.180844, 39.774832 ] } },
{ "type": "Feature", "properties": { "fid": 902, "mm_id": 1015372, "name": "1ο ΕΠΑΛ ΜΕΤΣΟΒΟΥ" }, "geometry": { "type": "Point", "coordinates": [ 21.180766, 39.774735 ] } },
{ "type": "Feature", "properties": { "fid": 903, "mm_id": 1015352, "name": "1ο ΗΜΕΡΗΣΙΟ ΓΥΜΝΑΣΙΟ ΠΡΑΜΑΝΤΩΝ ΙΩΑΝΝΙΝΩΝ - ΓΥΜΝΑΣΙΟ-ΛΥΚΕΙΑΚΕΣ ΤΑΞΕΙΣ ΠΡΑΜΑΝΤΩΝ" }, "geometry": { "type": "Point", "coordinates": [ 21.101775, 39.525537 ] } },
{ "type": "Feature", "properties": { "fid": 904, "mm_id": 1015369, "name": "1ο ΗΜΕΡΗΣΙΟ ΕΠΑΛ ΙΩΑΝΝΙΝΩΝ" }, "geometry": { "type": "Point", "coordinates": [ 20.850235, 39.648884 ] } },
{ "type": "Feature", "properties": { "fid": 905, "mm_id": 1015374, "name": "1ο ΗΜΕΡΗΣΙΟ ΕΠΑΛ ΚΟΝΙΤΣΑΣ" }, "geometry": { "type": "Point", "coordinates": [ 20.744233, 40.0473 ] } },
{ "type": "Feature", "properties": { "fid": 906, "mm_id": 1015370, "name": "2ο ΕΣΠΕΡΙΝΟ ΕΠΑ.Λ. ΙΩΑΝΝΙΝΩΝ" }, "geometry": { "type": "Point", "coordinates": [ 20.844976, 39.649375 ] } },
{ "type": "Feature", "properties": { "fid": 907, "mm_id": 1015383, "name": "2ο ΗΜΕΡΗΣΙΟ ΓΕΝΙΚΟ ΛΥΚΕΙΟ ΙΩΑΝΝΙΝΩΝ \"ΓΕΩΡΓΙΟΣ ΣΤΑΥΡΟΥ\"" }, "geometry": { "type": "Point", "coordinates": [ 20.8522, 39.671715 ] } },
{ "type": "Feature", "properties": { "fid": 908, "mm_id": 1015384, "name": "3ο ΗΜΕΡΗΣΙΟ ΓΕΝΙΚΟ ΛΥΚΕΙΟ ΙΩΑΝΝΙΝΩΝ - \"ΕΠΙΦΑΝΕΙΟΣ ΣΧΟΛΗ\"" }, "geometry": { "type": "Point", "coordinates": [ 20.839498, 39.675842 ] } },
{ "type": "Feature", "properties": { "fid": 909, "mm_id": 1015371, "name": "3ο ΗΜΕΡΗΣΙΟ ΕΠΑΛ ΙΩΑΝΝΙΝΩΝ" }, "geometry": { "type": "Point", "coordinates": [ 20.845136, 39.649304 ] } },
{ "type": "Feature", "properties": { "fid": 910, "mm_id": 1015386, "name": "4ο ΗΜΕΡΗΣΙΟ ΓΕΝΙΚΟ ΛΥΚΕΙΟ ΙΩΑΝΝΙΝΩΝ- \"ΑΚΑΔΗΜΙΑ\"" }, "geometry": { "type": "Point", "coordinates": [ 20.851215, 39.660952 ] } },
{ "type": "Feature", "properties": { "fid": 911, "mm_id": 1015389, "name": "5ο ΗΜΕΡΗΣΙΟ ΓΕΝΙΚΟ ΛΥΚΕΙΟ ΙΩΑΝΝΙΝΩΝ" }, "geometry": { "type": "Point", "coordinates": [ 20.838073, 39.679037 ] } },
{ "type": "Feature", "properties": { "fid": 912, "mm_id": 1015379, "name": "6ο ΗΜΕΡΗΣΙΟ ΕΠΑΛ ΙΩΑΝΝΙΝΩΝ" }, "geometry": { "type": "Point", "coordinates": [ 20.844634, 39.651909 ] } },
{ "type": "Feature", "properties": { "fid": 913, "mm_id": 1015381, "name": "7ο ΗΜΕΡΗΣΙΟ ΓΕΝΙΚΟ ΛΥΚΕΙΟ ΙΩΑΝΝΙΝΩΝ" }, "geometry": { "type": "Point", "coordinates": [ 20.851705, 39.660355 ] } },
{ "type": "Feature", "properties": { "fid": 914, "mm_id": 1015382, "name": "8ο ΗΜΕΡΗΣΙΟ ΓΕΝΙΚΟ ΛΥΚΕΙΟ ΙΩΑΝΝΙΝΩΝ" }, "geometry": { "type": "Point", "coordinates": [ 20.849053, 39.649092 ] } },
{ "type": "Feature", "properties": { "fid": 915, "mm_id": 1015376, "name": "9ο ΓΕΝΙΚΟ ΛΥΚΕΙΟ ΚΑΡΔΑΜΙΤΣΙΩΝ" }, "geometry": { "type": "Point", "coordinates": [ 20.813585, 39.672902 ] } },
{ "type": "Feature", "properties": { "fid": 916, "mm_id": 1025364, "name": "ΑΡΣΑΚΕΙΟ ΓΕΝΙΚΟ ΛΥΚΕΙΟ ΙΩΑΝΝΙΝΩΝ" }, "geometry": { "type": "Point", "coordinates": [ 20.940569, 39.651829 ] } },
{ "type": "Feature", "properties": { "fid": 917, "mm_id": 1015397, "name": "ΓΕ.Λ. ΕΛΕΟΥΣΑΣ - «Κωνσταντίνος Ασώπιος»" }, "geometry": { "type": "Point", "coordinates": [ 20.787933, 39.701376 ] } },
{ "type": "Feature", "properties": { "fid": 918, "mm_id": 1021313, "name": "ΔΩΔΩΝΑΙΑ ΕΚΠΑΙΔΕΥΤΗΡΙΑ - ΙΔΙΩΤΙΚΟ ΗΜΕΡΗΣΙΟ ΛΥΚΕΙΟ ΙΩΑΝΝΙΝΩΝ" }, "geometry": { "type": "Point", "coordinates": [ 20.8213, 39.660332 ] } },
{ "type": "Feature", "properties": { "fid": 919, "mm_id": 1015380, "name": "ΕΝΙΑΙΟ ΕΙΔΙΚΟ ΕΠΑΓΓΕΛΜΑΤΙΚΟ ΓΥΜΝΑΣΙΟ ΛΥΚΕΙΟ ΙΩΑΝΝΙΝΩΝ" }, "geometry": { "type": "Point", "coordinates": [ 20.84461, 39.649934 ] } },
{ "type": "Feature", "properties": { "fid": 920, "mm_id": 1015373, "name": "ΕΠΑ.Λ. ΒΡΟΣΙΝΑΣ" }, "geometry": { "type": "Point", "coordinates": [ 20.763728, 39.739111 ] } },
{ "type": "Feature", "properties": { "fid": 921, "mm_id": 1015399, "name": "ΕΣΠΕΡΙΝΟ ΓΕΝΙΚΟ ΛΥΚΕΙΟ ΙΩΑΝΝΙΝΩΝ" }, "geometry": { "type": "Point", "coordinates": [ 20.851601, 39.662043 ] } },
{ "type": "Feature", "properties": { "fid": 922, "mm_id": 1015387, "name": "ΗΜΕΡΗΣΙΟ ΓΕΝΙΚΟ ΛΥΚΕΙΟ ΑΝΑΤΟΛΗΣ ΙΩΑΝΝΙΝΩΝ" }, "geometry": { "type": "Point", "coordinates": [ 20.858513, 39.637135 ] } },
{ "type": "Feature", "properties": { "fid": 923, "mm_id": 1015391, "name": "ΗΜΕΡΗΣΙΟ ΓΕΝΙΚΟ ΛΥΚΕΙΟ ΔΟΛΙΑΝΩΝ ΙΩΑΝΝΙΝΩΝ" }, "geometry": { "type": "Point", "coordinates": [ 20.578438, 39.902838 ] } },
{ "type": "Feature", "properties": { "fid": 924, "mm_id": 1015396, "name": "ΗΜΕΡΗΣΙΟ ΓΕΝΙΚΟ ΛΥΚΕΙΟ ΚΑΤΣΙΚΑ - \" ΜΑΡΟΥΛΕΙΟ \"" }, "geometry": { "type": "Point", "coordinates": [ 20.886144, 39.614917 ] } },
{ "type": "Feature", "properties": { "fid": 925, "mm_id": 1015392, "name": "ΗΜΕΡΗΣΙΟ ΓΕΝΙΚΟ ΛΥΚΕΙΟ ΚΟΝΙΤΣΑΣ - ΓΕΝΙΚΟ ΛΥΚΕΙΟ ΚΟΝΙΤΣΑΣ" }, "geometry": { "type": "Point", "coordinates": [ 20.749834, 40.046733 ] } },
{ "type": "Feature", "properties": { "fid": 926, "mm_id": 1015388, "name": "ΗΜΕΡΗΣΙΟ ΓΕΝΙΚΟ ΛΥΚΕΙΟ ΠΕΔΙΝΗΣ" }, "geometry": { "type": "Point", "coordinates": [ 20.845266, 39.599234 ] } },
{ "type": "Feature", "properties": { "fid": 927, "mm_id": 1015367, "name": "ΗΜΕΡΗΣΙΟ ΓΥΜΝΑΣΙΟ - ΓΕ.Λ. ΧΡΥΣΟΒΙΤΣΑΣ" }, "geometry": { "type": "Point", "coordinates": [ 21.092698, 39.764847 ] } },
{ "type": "Feature", "properties": { "fid": 928, "mm_id": 1015351, "name": "ΗΜΕΡΗΣΙΟ ΓΥΜΝΑΣΙΟ ΖΙΤΣΑΣ ΜΕ ΛΥΚΕΙΑΚΕΣ ΤΑΞΕΙΣ" }, "geometry": { "type": "Point", "coordinates": [ 20.649482, 39.754604 ] } },
{ "type": "Feature", "properties": { "fid": 929, "mm_id": 1026700, "name": "Ιδιωτικό Λύκειο - ΖΩΓΡΑΦΕΙΟ Ι.Κ.Ε." }, "geometry": { "type": "Point", "coordinates": [ 20.850857, 39.616323 ] } },
{ "type": "Feature", "properties": { "fid": 930, "mm_id": 1001182, "name": "1ο ΗΜΕΡΗΣΙΟ ΕΠΑΛ ΜΥΤΙΛΗΝΗΣ" }, "geometry": { "type": "Point", "coordinates": [ 26.546263, 39.097664 ] } },
{ "type": "Feature", "properties": { "fid": 931, "mm_id": 1015323, "name": "ΜΟΥΣΙΚΟ ΣΧΟΛΕΙΟ ΙΩΑΝΝΙΝΩΝ - \"ΝΙΚΟΛΑΟΣ ΔΟΥΜΠΑΣ\"" }, "geometry": { "type": "Point", "coordinates": [ 20.837657, 39.683187 ] } },
{ "type": "Feature", "properties": { "fid": 932, "mm_id": 1015385, "name": "ΠΡΟΤΥΠΟ ΓΕΝΙΚΟ ΛΥΚΕΙΟ ΖΩΣΙΜΑΙΑΣ ΣΧΟΛΗΣ ΙΩΑΝΝΙΝΩΝ" }, "geometry": { "type": "Point", "coordinates": [ 20.846189, 39.671098 ] } },
{ "type": "Feature", "properties": { "fid": 933, "mm_id": 1015433, "name": "1ο ΗΜΕΡΗΣΙΟ ΓΕΝΙΚΟ ΛΥΚΕΙΟ ΚΑΒΑΛΑΣ" }, "geometry": { "type": "Point", "coordinates": [ 24.417784, 40.943565 ] } },
{ "type": "Feature", "properties": { "fid": 934, "mm_id": 1015427, "name": "1ο ΗΜΕΡΗΣΙΟ ΕΠΑ.Λ. ΚΑΒΑΛΑΣ" }, "geometry": { "type": "Point", "coordinates": [ 24.424971, 40.944543 ] } },
{ "type": "Feature", "properties": { "fid": 935, "mm_id": 1015429, "name": "1ο ΗΜΕΡΗΣΙΟ ΕΠΑΛ ΕΛΕΥΘΕΡΟΥΠΟΛΗΣ" }, "geometry": { "type": "Point", "coordinates": [ 24.251281, 40.913983 ] } },
{ "type": "Feature", "properties": { "fid": 936, "mm_id": 1015430, "name": "1ο ΗΜΕΡΗΣΙΟ ΕΠΑΛ ΧΡΥΣΟΥΠΟΛΗΣ" }, "geometry": { "type": "Point", "coordinates": [ 24.702469, 40.983314 ] } },
{ "type": "Feature", "properties": { "fid": 937, "mm_id": 1015428, "name": "2ο ΕΠΑ.Λ. ΚΑΒΑΛΑΣ (ΕΣΠΕΡΙΝΟ)" }, "geometry": { "type": "Point", "coordinates": [ 24.425418, 40.944642 ] } },
{ "type": "Feature", "properties": { "fid": 938, "mm_id": 1015434, "name": "2ο ΗΜΕΡΗΣΙΟ ΓΕΝΙΚΟ ΛΥΚΕΙΟ ΚΑΒΑΛΑΣ" }, "geometry": { "type": "Point", "coordinates": [ 24.388349, 40.938381 ] } },
{ "type": "Feature", "properties": { "fid": 939, "mm_id": 1015435, "name": "3ο ΗΜΕΡΗΣΙΟ ΓΕΝΙΚΟ ΛΥΚΕΙΟ ΚΑΒΑΛΑΣ" }, "geometry": { "type": "Point", "coordinates": [ 24.402209, 40.944808 ] } },
{ "type": "Feature", "properties": { "fid": 940, "mm_id": 1018035, "name": "4ο ΗΜΕΡΗΣΙΟ ΕΠΑΛ ΚΑΒΑΛΑΣ" }, "geometry": { "type": "Point", "coordinates": [ 24.402415, 40.94472 ] } },
{ "type": "Feature", "properties": { "fid": 941, "mm_id": 1015437, "name": "5ο ΗΜΕΡΗΣΙΟ ΓΕΝΙΚΟ ΛΥΚΕΙΟ ΚΑΒΑΛΑΣ" }, "geometry": { "type": "Point", "coordinates": [ 24.372049, 40.940414 ] } },
{ "type": "Feature", "properties": { "fid": 942, "mm_id": 1015432, "name": "6ο ΗΜΕΡΗΣΙΟ ΓΕΝΙΚΟ ΛΥΚΕΙΟ ΚΑΒΑΛΑΣ" }, "geometry": { "type": "Point", "coordinates": [ 24.397648, 40.935162 ] } },
{ "type": "Feature", "properties": { "fid": 943, "mm_id": 1025270, "name": "Ενιαίο Ειδικό Επαγγελματικό Γυμνάσιο- Λύκειο ΚΑΒΑΛΑΣ" }, "geometry": { "type": "Point", "coordinates": [ 24.417627, 40.939705 ] } },
{ "type": "Feature", "properties": { "fid": 944, "mm_id": 1015439, "name": "ΗΜΕΡΗΣΙΟ ΓΕΝΙΚΟ ΛΥΚΕΙΟ ΕΛΕΥΘΕΡΟΥΠΟΛΗΣ - Γ.Λ.ΕΛΕΥΘΕΡΟΥΠΟΛΗΣ" }, "geometry": { "type": "Point", "coordinates": [ 24.259478, 40.920164 ] } },
{ "type": "Feature", "properties": { "fid": 945, "mm_id": 1015444, "name": "ΗΜΕΡΗΣΙΟ ΓΕΝΙΚΟ ΛΥΚΕΙΟ ΚΡΗΝΙΔΩΝ" }, "geometry": { "type": "Point", "coordinates": [ 24.295431, 41.012727 ] } },
{ "type": "Feature", "properties": { "fid": 946, "mm_id": 1015446, "name": "ΗΜΕΡΗΣΙΟ ΓΕΝΙΚΟ ΛΥΚΕΙΟ ΝΕΑΣ ΠΕΡΑΜΟΥ" }, "geometry": { "type": "Point", "coordinates": [ 24.298213, 40.83926 ] } },
{ "type": "Feature", "properties": { "fid": 947, "mm_id": 1015443, "name": "ΗΜΕΡΗΣΙΟ ΓΕΝΙΚΟ ΛΥΚΕΙΟ ΝΙΚΗΣΙΑΝΗΣ" }, "geometry": { "type": "Point", "coordinates": [ 24.144135, 40.972654 ] } },
{ "type": "Feature", "properties": { "fid": 948, "mm_id": 1015442, "name": "ΗΜΕΡΗΣΙΟ ΓΕΝΙΚΟ ΛΥΚΕΙΟ ΠΟΔΟΧΩΡΙΟΥ" }, "geometry": { "type": "Point", "coordinates": [ 24.025231, 40.830965 ] } },
{ "type": "Feature", "properties": { "fid": 949, "mm_id": 1015440, "name": "ΗΜΕΡΗΣΙΟ ΓΕΝΙΚΟ ΛΥΚΕΙΟ ΧΡΥΣΟΥΠΟΛΗΣ" }, "geometry": { "type": "Point", "coordinates": [ 24.704264, 40.987845 ] } },
{ "type": "Feature", "properties": { "fid": 950, "mm_id": 1015408, "name": "ΜΟΥΣΙΚΟ ΓΥΜΝΑΣΙΟ ΚΑΒΑΛΑΣ ΜΕ ΛΥΚΕΙΑΚΕΣ ΤΑΞΕΙΣ" }, "geometry": { "type": "Point", "coordinates": [ 24.39804, 40.93521 ] } },
{ "type": "Feature", "properties": { "fid": 951, "mm_id": 1016051, "name": "1ο ΕΣΠΕΡΙΝΟ ΕΠΑΛ ΞΑΝΘΗΣ" }, "geometry": { "type": "Point", "coordinates": [ 24.893621, 41.133492 ] } },
{ "type": "Feature", "properties": { "fid": 952, "mm_id": 1016054, "name": "1ο ΗΜΕΡΗΣΙΟ ΓΕΝΙΚΟ ΛΥΚΕΙΟ ΞΑΝΘΗΣ" }, "geometry": { "type": "Point", "coordinates": [ 24.871976, 41.132238 ] } },
{ "type": "Feature", "properties": { "fid": 953, "mm_id": 1016050, "name": "1ο ΗΜΕΡΗΣΙΟ ΕΠΑΛ ΓΛΑΥΚΗΣ" }, "geometry": { "type": "Point", "coordinates": [ 24.929317, 41.258946 ] } },
{ "type": "Feature", "properties": { "fid": 954, "mm_id": 1018697, "name": "2ο ΗΜΕΡΗΣΙΟ ΕΠΑΛ ΞΑΝΘΗΣ" }, "geometry": { "type": "Point", "coordinates": [ 24.893706, 41.133451 ] } },
{ "type": "Feature", "properties": { "fid": 955, "mm_id": 1016056, "name": "3ο ΗΜΕΡΗΣΙΟ ΓΕΝΙΚΟ ΛΥΚΕΙΟ ΞΑΝΘΗΣ" }, "geometry": { "type": "Point", "coordinates": [ 24.879582, 41.1429 ] } },
{ "type": "Feature", "properties": { "fid": 956, "mm_id": 1016060, "name": "4ο ΗΜΕΡΗΣΙΟ ΓΕΝΙΚΟ ΛΥΚΕΙΟ ΞΑΝΘΗΣ" }, "geometry": { "type": "Point", "coordinates": [ 24.87656, 41.124266 ] } },
{ "type": "Feature", "properties": { "fid": 957, "mm_id": 1016055, "name": "ΔΗΜΟΣΙΟ ΩΝΑΣΕΙΟ ΣΧΟΛΕΙΟ - ΗΜΕΡΗΣΙΟ ΓΕΝΙΚΟ ΛΥΚΕΙΟ ΞΑΝΘΗΣ" }, "geometry": { "type": "Point", "coordinates": [ 24.888337, 41.127629 ] } },
{ "type": "Feature", "properties": { "fid": 958, "mm_id": 1025354, "name": "ΕΝΙΑΙΟ ΕΙΔΙΚΟ ΕΠΑΓΓΕΛΜΑΤΙΚΟ ΓΥΜΝΑΣΙΟ-ΛΥΚΕΙΟ ΞΑΝΘΗΣ" }, "geometry": { "type": "Point", "coordinates": [ 24.840813, 40.953374 ] } },
{ "type": "Feature", "properties": { "fid": 959, "mm_id": 1016057, "name": "ΕΣΠΕΡΙΝΟ ΓΕΝΙΚΟ ΛΥΚΕΙΟ ΞΑΝΘΗΣ" }, "geometry": { "type": "Point", "coordinates": [ 24.893405, 41.133456 ] } },
{ "type": "Feature", "properties": { "fid": 960, "mm_id": 1016059, "name": "ΗΜΕΡΗΣΙΟ ΓΕΝΙΚΟ ΛΥΚΕΙΟ ΑΒΔΗΡΩΝ ΞΑΝΘΗΣ" }, "geometry": { "type": "Point", "coordinates": [ 24.95191, 40.978804 ] } },
{ "type": "Feature", "properties": { "fid": 961, "mm_id": 1018698, "name": "ΗΜΕΡΗΣΙΟ ΓΕΝΙΚΟ ΛΥΚΕΙΟ ΓΛΑΥΚΗΣ ΞΑΝΘΗ" }, "geometry": { "type": "Point", "coordinates": [ 24.929328, 41.258808 ] } },
{ "type": "Feature", "properties": { "fid": 962, "mm_id": 1016038, "name": "ΗΜΕΡΗΣΙΟ ΓΥΜΝΑΣΙΟ Λ.Τ. ΣΤΑΥΡΟΥΠΟΛΗΣ ΞΑΝΘΗΣ" }, "geometry": { "type": "Point", "coordinates": [ 24.705611, 41.194819 ] } },
{ "type": "Feature", "properties": { "fid": 963, "mm_id": 1001228, "name": "ΙΔΙΩΤΙΚΟ ΗΜΕΡΗΣΙΟ ΛΥΚΕΙΟ ΞΑΝΘΗ - ΑΞΙΟΝ" }, "geometry": { "type": "Point", "coordinates": [ 25.01101, 41.068147 ] } },
{ "type": "Feature", "properties": { "fid": 964, "mm_id": 1020753, "name": "ΜΕΙΟΝΟΤΙΚΟ ΓΥΜΝΑΣΙΟ - ΛΥΚΕΙΟ  ΞΑΝΘΗΣ" }, "geometry": { "type": "Point", "coordinates": [ 24.886826, 41.135139 ] } },
{ "type": "Feature", "properties": { "fid": 965, "mm_id": 1016035, "name": "ΜΟΥΣΙΚΟ ΓΥΜΝΑΣΙΟ ΞΑΝΘΗΣ ΜΕ ΛΥΚΕΙΑΚΕΣ ΤΑΞΕΙΣ" }, "geometry": { "type": "Point", "coordinates": [ 24.901741, 41.088301 ] } },
{ "type": "Feature", "properties": { "fid": 966, "mm_id": 1024714, "name": "ΠΡΟΤΥΠΟ ΕΚΚΛ/ΚΟ ΓΥΜΝΑΣΙΟ ΠΡΟΤΥΠΟ ΕΚΚΛ/ΚΟ ΛΥΚΕΙΟ ΞΑΝΘΗΣ \"ΑΓΙΟΙ ΠΕΝΤΕ ΝΕΟΜΑΡΤΥΡΕΣ ΟΙ ΕΚ ΣΑΜΟΘΡΑΚΗΣ\"" }, "geometry": { "type": "Point", "coordinates": [ 24.88287, 41.148648 ] } },
{ "type": "Feature", "properties": { "fid": 967, "mm_id": 1026894, "name": "Πρότυπο Επαγγελματικό Λύκειο (Π.ΕΠΑ.Λ.) Ξάνθης" }, "geometry": { "type": "Point", "coordinates": [ 24.879651, 41.125112 ] } },
{ "type": "Feature", "properties": { "fid": 968, "mm_id": 1016176, "name": "1ο ΕΠΑΛ ΠΡΕΒΕΖΑΣ" }, "geometry": { "type": "Point", "coordinates": [ 20.743548, 38.976074 ] } },
{ "type": "Feature", "properties": { "fid": 969, "mm_id": 1016177, "name": "1ο ΕΠΑΛ ΦΙΛΙΠΠΙΑΔΑΣ" }, "geometry": { "type": "Point", "coordinates": [ 20.887458, 39.201018 ] } },
{ "type": "Feature", "properties": { "fid": 970, "mm_id": 1016182, "name": "1ο ΗΜΕΡΗΣΙΟ ΓΕΝΙΚΟ ΛΥΚΕΙΟ ΠΡΕΒΕΖΑΣ" }, "geometry": { "type": "Point", "coordinates": [ 20.740501, 38.955027 ] } },
{ "type": "Feature", "properties": { "fid": 971, "mm_id": 1016186, "name": "1ο ΗΜΕΡΗΣΙΟ ΓΕΝΙΚΟ ΛΥΚΕΙΟ ΦΙΛΙΠΠΙΑΔΑΣ" }, "geometry": { "type": "Point", "coordinates": [ 20.885451, 39.187858 ] } },
{ "type": "Feature", "properties": { "fid": 972, "mm_id": 1016158, "name": "1ο ΠΡΟΤΥΠΟ ΓΥΜΝΑΣΙΟ ΠΡΕΒΕΖΑΣ ΜΕ Λ.Τ." }, "geometry": { "type": "Point", "coordinates": [ 20.750864, 38.953969 ] } },
{ "type": "Feature", "properties": { "fid": 973, "mm_id": 1016183, "name": "2ο ΓΕΝΙΚΟ ΛΥΚΕΙΟ ΠΡΕΒΕΖΑΣ" }, "geometry": { "type": "Point", "coordinates": [ 20.751425, 38.968815 ] } },
{ "type": "Feature", "properties": { "fid": 974, "mm_id": 1016184, "name": "ΓΕΛ ΘΕΣΠΡΩΤΙΚΟΥ \"ΒΑΣΙΛΕΙΟΣ ΖΟΡΜΠΑΣ\"" }, "geometry": { "type": "Point", "coordinates": [ 20.785385, 39.256797 ] } },
{ "type": "Feature", "properties": { "fid": 975, "mm_id": 1016188, "name": "ΓΕΛ ΛΟΥΡΟΥ" }, "geometry": { "type": "Point", "coordinates": [ 20.754298, 39.167147 ] } },
{ "type": "Feature", "properties": { "fid": 976, "mm_id": 1016185, "name": "ΔΕΣΚΕΙΟ ΓΕΝΙΚΟ ΛΥΚΕΙΟ ΠΑΡΓΑΣ" }, "geometry": { "type": "Point", "coordinates": [ 20.406997, 39.283633 ] } },
{ "type": "Feature", "properties": { "fid": 977, "mm_id": 1016178, "name": "ΕΠΑΛ ΚΑΝΑΛΑΚΙΟΥ" }, "geometry": { "type": "Point", "coordinates": [ 20.601127, 39.224905 ] } },
{ "type": "Feature", "properties": { "fid": 978, "mm_id": 1016181, "name": "ΕΣΠΕΡΙΝΟ ΓΕΛ ΠΡΕΒΕΖΑΣ" }, "geometry": { "type": "Point", "coordinates": [ 20.740364, 38.955102 ] } },
{ "type": "Feature", "properties": { "fid": 979, "mm_id": 1024680, "name": "ΕΣΠΕΡΙΝΟ ΕΠΑΛ ΠΡΕΒΕΖΑΣ" }, "geometry": { "type": "Point", "coordinates": [ 20.743714, 38.976078 ] } },
{ "type": "Feature", "properties": { "fid": 980, "mm_id": 1016189, "name": "ΗΜΕΡΗΣΙΟ ΓΕΝΙΚΟ ΛΥΚΕΙΟ ΚΑΝΑΛΑΚΙΟΥ" }, "geometry": { "type": "Point", "coordinates": [ 20.598118, 39.236506 ] } },
{ "type": "Feature", "properties": { "fid": 981, "mm_id": 1016162, "name": "ΜΟΥΣΙΚΟ ΣΧΟΛΕΙΟ ΠΡΕΒΕΖΑΣ" }, "geometry": { "type": "Point", "coordinates": [ 20.745103, 38.980219 ] } },
{ "type": "Feature", "properties": { "fid": 982, "mm_id": 1001285, "name": "1ο ΗΜΕΡΗΣΙΟ ΓΕΝΙΚΟ ΛΥΚΕΙΟ ΧΙΟΥ" }, "geometry": { "type": "Point", "coordinates": [ 26.132064, 38.353309 ] } },
{ "type": "Feature", "properties": { "fid": 983, "mm_id": 1014024, "name": "1ο ΗΜΕΡΗΣΙΟ ΓΥΜΝΑΣΙΟ ΒΟΛΙΣΣΟΥ ΧΙΟΥ - ΜΙΧ. ΠΑΠΑΜΑΥΡΟΣ" }, "geometry": { "type": "Point", "coordinates": [ 25.924851, 38.481493 ] } },
{ "type": "Feature", "properties": { "fid": 984, "mm_id": 1001275, "name": "1ο ΗΜΕΡΗΣΙΟ ΕΠΑ.Λ. ΒΡΟΝΤΑΔΟΥ" }, "geometry": { "type": "Point", "coordinates": [ 26.133589, 38.405707 ] } },
{ "type": "Feature", "properties": { "fid": 985, "mm_id": 1001276, "name": "1ο ΗΜΕΡΗΣΙΟ ΕΠΑΛ ΚΑΡΔΑΜΥΛΩΝ - ΛΙΒΑΝΕΙΟ" }, "geometry": { "type": "Point", "coordinates": [ 26.112146, 38.540027 ] } },
{ "type": "Feature", "properties": { "fid": 986, "mm_id": 1001277, "name": "1ο ΗΜΕΡΗΣΙΟ ΕΠΑΛ ΟΙΝΟΥΣΣΩΝ" }, "geometry": { "type": "Point", "coordinates": [ 26.215246, 38.515485 ] } },
{ "type": "Feature", "properties": { "fid": 987, "mm_id": 1001274, "name": "1ο ΗΜΕΡΗΣΙΟ ΕΠΑΛ ΧΙΟΥ - ΕΜΠΟΡΙΚΗ ΣΧΟΛΗ" }, "geometry": { "type": "Point", "coordinates": [ 26.139973, 38.365789 ] } },
{ "type": "Feature", "properties": { "fid": 988, "mm_id": 1001281, "name": "2ο ΗΜΕΡΗΣΙΟ ΓΕΝΙΚΟ ΛΥΚΕΙΟ ΧΙΟΥ - ΛΙΒΑΝΕΙΟ" }, "geometry": { "type": "Point", "coordinates": [ 26.13418, 38.364751 ] } },
{ "type": "Feature", "properties": { "fid": 989, "mm_id": 1001280, "name": "3ο ΠΕΙΡΑΜΑΤΙΚΟ ΓΕΝΙΚΟ ΛΥΚΕΙΟ ΧΙΟΥ" }, "geometry": { "type": "Point", "coordinates": [ 26.13199, 38.352758 ] } },
{ "type": "Feature", "properties": { "fid": 990, "mm_id": 1025359, "name": "ΕΝΙΑΙΟ ΕΙΔΙΚΟ ΕΠΑΓΓΕΛΜΑΤΙΚΟ ΓΥΜΝΑΣΙΟ-ΛΥΚΕΙΟ ΧΙΟΥ" }, "geometry": { "type": "Point", "coordinates": [ 26.134223, 38.339884 ] } },
{ "type": "Feature", "properties": { "fid": 991, "mm_id": 1014023, "name": "ΕΣΠΕΡΙΝΟ ΓΥΜΝΑΣΙΟ ΧΙΟΥ ΜΕ Λ.Τ" }, "geometry": { "type": "Point", "coordinates": [ 26.132742, 38.3349 ] } },
{ "type": "Feature", "properties": { "fid": 992, "mm_id": 1024650, "name": "ΕΣΠΕΡΙΝΟ ΕΠΑΛ ΧΙΟΥ" }, "geometry": { "type": "Point", "coordinates": [ 26.140102, 38.365578 ] } },
{ "type": "Feature", "properties": { "fid": 993, "mm_id": 1001282, "name": "ΗΜΕΡΗΣΙΟ ΓΕΝΙΚΟ ΛΥΚΕΙΟ ΒΡΟΝΤΑΔΟΥ ΧΙΟΥ" }, "geometry": { "type": "Point", "coordinates": [ 26.133953, 38.406283 ] } },
{ "type": "Feature", "properties": { "fid": 994, "mm_id": 1014029, "name": "ΗΜΕΡΗΣΙΟ ΓΕΝΙΚΟ ΛΥΚΕΙΟ ΚΑΛΑΜΩΤΗΣ ΧΙΟΥ" }, "geometry": { "type": "Point", "coordinates": [ 26.046553, 38.232736 ] } },
{ "type": "Feature", "properties": { "fid": 995, "mm_id": 1014030, "name": "ΗΜΕΡΗΣΙΟ ΓΕΝΙΚΟ ΛΥΚΕΙΟ ΚΑΛΛΙΜΑΣΙΑΣ ΧΙΟΥ" }, "geometry": { "type": "Point", "coordinates": [ 26.104641, 38.292167 ] } },
{ "type": "Feature", "properties": { "fid": 996, "mm_id": 1001284, "name": "ΗΜΕΡΗΣΙΟ ΓΕΝΙΚΟ ΛΥΚΕΙΟ ΚΑΡΔΑΜΥΛΩΝ - ΛΙΒΑΝΕΙΟ" }, "geometry": { "type": "Point", "coordinates": [ 26.111596, 38.540129 ] } },
{ "type": "Feature", "properties": { "fid": 997, "mm_id": 1001272, "name": "ΗΜΕΡΗΣΙΟ ΓΥΜΝΑΣΙΟ ΛΤ ΟΙΝΟΥΣΣΩΝ" }, "geometry": { "type": "Point", "coordinates": [ 26.215221, 38.515461 ] } },
{ "type": "Feature", "properties": { "fid": 998, "mm_id": 1014026, "name": "ΗΜΕΡΗΣΙΟ ΓΥΜΝΑΣΙΟ ΨΑΡΩΝ ΧΙΟΥ - ΓΥΜΝΑΣΙΟ ΨΑΡΩΝ ΙΩΑΝΝΗΣ ΒΑΡΒΑΚΗΣ" }, "geometry": { "type": "Point", "coordinates": [ 25.583204, 38.498977 ] } },
{ "type": "Feature", "properties": { "fid": 999, "mm_id": 1027153, "name": "Ιδιωτικό Πρότυπο ΕΠΑ.Λ. ΤΣΑΚΟΣ ΕΛΛΗΝΙΚΑ ΕΚΠΑΙΔΕΥΤΗΡΙΑ ΝΑΥΤΙΚΩΝ ΣΠΟΥΔΩΝ" }, "geometry": { "type": "Point", "coordinates": [ 26.141122, 38.354283 ] } },
{ "type": "Feature", "properties": { "fid": 1000, "mm_id": 1001269, "name": "ΜΟΥΣΙΚΟ ΣΧΟΛΕΙΟ ΧΙΟΥ" }, "geometry": { "type": "Point", "coordinates": [ 26.137517, 38.310331 ] } },
{ "type": "Feature", "properties": { "fid": 1001, "mm_id": 1015041, "name": "ΕΣΠΕΡΙΝΟ ΓΥΜΝΑΣΙΟ & Λ.Τ. ΑΜΑΛΙΑΔΑΣ ΗΛΕΙΑΣ" }, "geometry": { "type": "Point", "coordinates": [ 21.354382, 37.795955 ] } },
{ "type": "Feature", "properties": { "fid": 1002, "mm_id": 1015028, "name": "ΕΣΠΕΡΙΝΟ ΓΥΜΝΑΣΙΟ ΠΥΡΓΟΥ - ΓΙΑΝΝΗΣ ΖΑΠΑΝΤΗΣ" }, "geometry": { "type": "Point", "coordinates": [ 21.433252, 37.669892 ] } },
{ "type": "Feature", "properties": { "fid": 1003, "mm_id": 1015063, "name": "ΗΜΕΡΗΣΙΟ ΓΥΜΝΑΣΙΟ ΚΑΛΛΙΘΕΑΣ ΜΕ ΛΤ" }, "geometry": { "type": "Point", "coordinates": [ 21.82519, 37.551144 ] } },
{ "type": "Feature", "properties": { "fid": 1004, "mm_id": 1015058, "name": "ΗΜΕΡΗΣΙΟ ΓΥΜΝΑΣΙΟ- ΛΥΚΕΙΑΚΕΣ ΤΑΞΕΙΣ ΛΑΜΠΕΙΑΣ ΗΛΕΙΑΣ" }, "geometry": { "type": "Point", "coordinates": [ 21.80728, 37.858122 ] } },
{ "type": "Feature", "properties": { "fid": 1005, "mm_id": 1015061, "name": "ΗΜΕΡΗΣΙΟ ΓΥΜΝΑΣΙΟ-Λ.Τ. ΒΑΣΙΛΑΚΙΟΥ" }, "geometry": { "type": "Point", "coordinates": [ 21.759767, 37.64868 ] } },
{ "type": "Feature", "properties": { "fid": 1006, "mm_id": 1015054, "name": "ΜΟΥΣΙΚΟ ΓΥΜΝΑΣΙΟ ΒΑΡΘΟΛΟΜΙΟΥ ΜΕ ΛΥΚΕΙΑΚΕΣ ΤΑΞΕΙΣ" }, "geometry": { "type": "Point", "coordinates": [ 21.203311, 37.85539 ] } },
{ "type": "Feature", "properties": { "fid": 1007, "mm_id": 1015244, "name": "10ο ΗΜΕΡΗΣΙΟ ΓΕΝΙΚΟ ΛΥΚΕΙΟ ΗΡΑΚΛΕΙΟΥ" }, "geometry": { "type": "Point", "coordinates": [ 25.115461, 35.329992 ] } },
{ "type": "Feature", "properties": { "fid": 1008, "mm_id": 1015245, "name": "11ο ΗΜΕΡΗΣΙΟ ΓΕΝΙΚΟ ΛΥΚΕΙΟ ΗΡΑΚΛΕΙΟΥ" }, "geometry": { "type": "Point", "coordinates": [ 25.136917, 35.311809 ] } },
{ "type": "Feature", "properties": { "fid": 1009, "mm_id": 1015247, "name": "13ο ΗΜΕΡΗΣΙΟ ΓΕΝΙΚΟ ΛΥΚΕΙΟ ΗΡΑΚΛΕΙΟΥ" }, "geometry": { "type": "Point", "coordinates": [ 25.117838, 35.339699 ] } },
{ "type": "Feature", "properties": { "fid": 1010, "mm_id": 1015213, "name": "1ο ΗΜΕΡΗΣΙΟ ΓΕΝΙΚΟ ΛΥΚΕΙΟ ΗΡΑΚΛΕΙΟΥ" }, "geometry": { "type": "Point", "coordinates": [ 25.139281, 35.337281 ] } },
{ "type": "Feature", "properties": { "fid": 1011, "mm_id": 1015206, "name": "1ο ΗΜΕΡΗΣΙΟ ΕΠΑΛ ΑΡΚΑΛΟΧΩΡΙΟΥ ΗΡΑΚΛΕΙΟΥ - ΕΠΑΛ ΑΡΚΑΛΟΧΩΡΙΟΥ" }, "geometry": { "type": "Point", "coordinates": [ 25.26892, 35.155623 ] } },
{ "type": "Feature", "properties": { "fid": 1012, "mm_id": 1015202, "name": "1ο ΗΜΕΡΗΣΙΟ ΕΠΑΛ ΗΡΑΚΛΕΙΟΥ" }, "geometry": { "type": "Point", "coordinates": [ 25.143902, 35.326431 ] } },
{ "type": "Feature", "properties": { "fid": 1013, "mm_id": 1015205, "name": "1ο ΗΜΕΡΗΣΙΟ ΕΠΑΛ ΜΟΙΡΩΝ" }, "geometry": { "type": "Point", "coordinates": [ 24.857373, 35.050794 ] } },
{ "type": "Feature", "properties": { "fid": 1014, "mm_id": 1015215, "name": "2ο ΗΜΕΡΗΣΙΟ ΓΕΝΙΚΟ ΛΥΚΕΙΟ ΗΡΑΚΛΕΙΟ" }, "geometry": { "type": "Point", "coordinates": [ 25.124773, 35.330916 ] } },
{ "type": "Feature", "properties": { "fid": 1015, "mm_id": 1018587, "name": "2ο ΗΜΕΡΗΣΙΟ ΕΠΑΛ ΗΡΑΚΛΕΙΟΥ" }, "geometry": { "type": "Point", "coordinates": [ 25.14903, 35.30788 ] } },
{ "type": "Feature", "properties": { "fid": 1016, "mm_id": 1015216, "name": "3ο ΗΜΕΡΗΣΙΟ ΓΕΝΙΚΟ ΛΥΚΕΙΟ ΗΡΑΚΛΕΙΟΥ" }, "geometry": { "type": "Point", "coordinates": [ 25.13822, 35.333585 ] } },
{ "type": "Feature", "properties": { "fid": 1017, "mm_id": 1018029, "name": "3ο ΗΜΕΡΗΣΙΟ ΕΠΑΛ ΗΡΑΚΛΕΙΟΥ" }, "geometry": { "type": "Point", "coordinates": [ 25.162092, 35.339532 ] } },
{ "type": "Feature", "properties": { "fid": 1018, "mm_id": 1015203, "name": "4ο ΕΣΠΕΡΙΝΟ ΕΠΑΛ ΗΡΑΚΛΕΙΟΥ" }, "geometry": { "type": "Point", "coordinates": [ 25.142004, 35.325099 ] } },
{ "type": "Feature", "properties": { "fid": 1019, "mm_id": 1015217, "name": "4ο ΗΜΕΡΗΣΙΟ ΓΕΝΙΚΟ ΛΥΚΕΙΟ ΗΡΑΚΛΕΙΟΥ" }, "geometry": { "type": "Point", "coordinates": [ 25.122201, 35.330967 ] } },
{ "type": "Feature", "properties": { "fid": 1020, "mm_id": 1015218, "name": "5ο ΗΜΕΡΗΣΙΟ ΓΕΝΙΚΟ ΛΥΚΕΙΟ ΗΡΑΚΛΕΙΟΥ" }, "geometry": { "type": "Point", "coordinates": [ 25.142021, 35.325208 ] } },
{ "type": "Feature", "properties": { "fid": 1021, "mm_id": 1015204, "name": "5ο ΗΜΕΡΗΣΙΟ ΕΠΑΛ ΗΡΑΚΛΕΙΟΥ" }, "geometry": { "type": "Point", "coordinates": [ 25.117431, 35.336589 ] } },
{ "type": "Feature", "properties": { "fid": 1022, "mm_id": 1015219, "name": "6ο ΗΜΕΡΗΣΙΟ ΓΕΝΙΚΟ ΛΥΚΕΙΟ ΗΡΑΚΛΕΙΟΥ     \n\"ΣΤΥΛΙΑΝΟΣ ΑΛΕΞΙΟΥ\"" }, "geometry": { "type": "Point", "coordinates": [ 25.150266, 35.335856 ] } },
{ "type": "Feature", "properties": { "fid": 1023, "mm_id": 1015209, "name": "6ο ΗΜΕΡΗΣΙΟ ΕΠΑΛ ΗΡΑΚΛΕΙΟΥ" }, "geometry": { "type": "Point", "coordinates": [ 25.144554, 35.327162 ] } },
{ "type": "Feature", "properties": { "fid": 1024, "mm_id": 1015220, "name": "7ο ΗΜΕΡΗΣΙΟ ΓΕΝΙΚΟ ΛΥΚΕΙΟ ΗΡΑΚΛΕΙΟΥ" }, "geometry": { "type": "Point", "coordinates": [ 25.110333, 35.333923 ] } },
{ "type": "Feature", "properties": { "fid": 1025, "mm_id": 1015221, "name": "8ο ΗΜΕΡΗΣΙΟ ΓΕΝΙΚΟ ΛΥΚΕΙΟ ΗΡΑΚΛΕΙΟΥ" }, "geometry": { "type": "Point", "coordinates": [ 25.153177, 35.312116 ] } },
{ "type": "Feature", "properties": { "fid": 1026, "mm_id": 1015032, "name": "ΓΥΜΝΑΣΙΟ ΕΥΡΩΠΑΪΚΗΣ ΠΑΙΔΕΙΑΣ ΗΡΑΚΛΕΙΟΥ ΚΡΗΤΗΣ" }, "geometry": { "type": "Point", "coordinates": [ 25.12717, 35.340158 ] } },
{ "type": "Feature", "properties": { "fid": 1027, "mm_id": 1015201, "name": "ΕΝΙΑΙΟ ΕΙΔΙΚΟ ΕΠΑΓΓΕΛΜΑΤΙΚΟ ΓΥΜΝΑΣΙΟ ΚΑΙ ΛΥΚΕΙΟ ΗΡΑΚΛΕΙΟΥ" }, "geometry": { "type": "Point", "coordinates": [ 25.283325, 35.327347 ] } },
{ "type": "Feature", "properties": { "fid": 1028, "mm_id": 1027267, "name": "ΕΣΠΕΡΙΝΟ ΓΕΝΙΚΟ ΛΥΚΕΙΟ ΑΣΗΜΙΟΥ" }, "geometry": { "type": "Point", "coordinates": [ 25.086207, 35.042411 ] } },
{ "type": "Feature", "properties": { "fid": 1029, "mm_id": 1015246, "name": "ΕΣΠΕΡΙΝΟ ΓΕΝΙΚΟ ΛΥΚΕΙΟ ΗΡΑΚΛΕΙΟΥ" }, "geometry": { "type": "Point", "coordinates": [ 25.152175, 35.313504 ] } },
{ "type": "Feature", "properties": { "fid": 1030, "mm_id": 1015182, "name": "ΕΣΠΕΡΙΝΟ ΓΥΜΝΑΣΙΟ ΤΥΜΠΑΚΙΟΥ ΜΕ Α , Β , Γ  ΛΥΚΕΙΑΚΕΣ ΤΑΞΕΙΣ" }, "geometry": { "type": "Point", "coordinates": [ 24.766467, 35.067224 ] } },
{ "type": "Feature", "properties": { "fid": 1031, "mm_id": 1015231, "name": "ΗΜΕΡΗΣΙΟ ΓΕΝΙΚΟ ΛΥΚΕΙΟ ΑΓΙΑΣ ΒΑΡΒΑΡΑΣ ΗΡΑΚΛΕΙΟΥ" }, "geometry": { "type": "Point", "coordinates": [ 25.001, 35.139443 ] } },
{ "type": "Feature", "properties": { "fid": 1032, "mm_id": 1015224, "name": "ΗΜΕΡΗΣΙΟ ΓΕΝΙΚΟ ΛΥΚΕΙΟ ΑΓΙΟΣ ΜΥΡΩΝΑΣ ΗΡΑΚΛΕΙΟΥ" }, "geometry": { "type": "Point", "coordinates": [ 25.030068, 35.236901 ] } },
{ "type": "Feature", "properties": { "fid": 1033, "mm_id": 1015241, "name": "ΗΜΕΡΗΣΙΟ ΓΕΝΙΚΟ ΛΥΚΕΙΟ ΑΓΙΩΝ ΔΕΚΑ ΗΡΑΚΛΕΙΟΥ" }, "geometry": { "type": "Point", "coordinates": [ 24.959859, 35.057888 ] } },
{ "type": "Feature", "properties": { "fid": 1034, "mm_id": 1015225, "name": "ΗΜΕΡΗΣΙΟ ΓΕΝΙΚΟ ΛΥΚΕΙΟ ΑΡΚΑΛΟΧΩΡΙΟΥ" }, "geometry": { "type": "Point", "coordinates": [ 25.262924, 35.142471 ] } },
{ "type": "Feature", "properties": { "fid": 1035, "mm_id": 1015226, "name": "ΗΜΕΡΗΣΙΟ ΓΕΝΙΚΟ ΛΥΚΕΙΟ ΑΡΧΑΝΩΝ ΗΡΑΚΛΕΙΟΥ" }, "geometry": { "type": "Point", "coordinates": [ 25.157488, 35.230313 ] } },
{ "type": "Feature", "properties": { "fid": 1036, "mm_id": 1015238, "name": "ΗΜΕΡΗΣΙΟ ΓΕΝΙΚΟ ΛΥΚΕΙΟ ΑΣΗΜΙΟΥ ΗΡΑΚΛΕΙΟΥ" }, "geometry": { "type": "Point", "coordinates": [ 25.086207, 35.042411 ] } },
{ "type": "Feature", "properties": { "fid": 1037, "mm_id": 1015227, "name": "ΗΜΕΡΗΣΙΟ ΓΕΝΙΚΟ ΛΥΚΕΙΟ ΒΙΑΝΝΟΥ ΗΡΑΚΛΕΙΟΥ - ΕΝΙΑΙΟ ΛΥΚΕΙΟ" }, "geometry": { "type": "Point", "coordinates": [ 25.412588, 35.051799 ] } },
{ "type": "Feature", "properties": { "fid": 1038, "mm_id": 1015243, "name": "ΗΜΕΡΗΣΙΟ ΓΕΝΙΚΟ ΛΥΚΕΙΟ ΓΑΖΙΟΥ ΗΡΑΚΛΕΙΟ ΚΡΗΤΗΣ - ΔΟΜΗΝΙΚΟΣ ΘΕΟΤΟΚΟΠΟΥΛΟΣ" }, "geometry": { "type": "Point", "coordinates": [ 25.07566, 35.321899 ] } },
{ "type": "Feature", "properties": { "fid": 1039, "mm_id": 1015237, "name": "ΗΜΕΡΗΣΙΟ ΓΕΝΙΚΟ ΛΥΚΕΙΟ ΓΟΥΒΩΝ" }, "geometry": { "type": "Point", "coordinates": [ 25.282705, 35.326744 ] } },
{ "type": "Feature", "properties": { "fid": 1040, "mm_id": 1015223, "name": "ΗΜΕΡΗΣΙΟ ΓΕΝΙΚΟ ΛΥΚΕΙΟ ΕΠΙΣΚΟΠΗΣ ΗΡΑΚΛΕΙΟΥ" }, "geometry": { "type": "Point", "coordinates": [ 25.233505, 35.260398 ] } },
{ "type": "Feature", "properties": { "fid": 1041, "mm_id": 1015228, "name": "ΗΜΕΡΗΣΙΟ ΓΕΝΙΚΟ ΛΥΚΕΙΟ ΚΑΣΤΕΛΛΙΟΥ ΠΕΔΙΑΔΑΣ ΗΡΑΚΛΕΙΟΥ" }, "geometry": { "type": "Point", "coordinates": [ 25.340395, 35.206588 ] } },
{ "type": "Feature", "properties": { "fid": 1042, "mm_id": 1015233, "name": "ΗΜΕΡΗΣΙΟ ΓΕΝΙΚΟ ΛΥΚΕΙΟ ΚΡΟΥΣΩΝΑ ΗΡΑΚΛΕΙΟΥ" }, "geometry": { "type": "Point", "coordinates": [ 24.986753, 35.23229 ] } },
{ "type": "Feature", "properties": { "fid": 1043, "mm_id": 1015239, "name": "ΗΜΕΡΗΣΙΟ ΓΕΝΙΚΟ ΛΥΚΕΙΟ ΛΙΜΕΝΑ ΧΕΡΣΟΝΗΣΟΥ" }, "geometry": { "type": "Point", "coordinates": [ 25.387461, 35.313159 ] } },
{ "type": "Feature", "properties": { "fid": 1044, "mm_id": 1015240, "name": "ΗΜΕΡΗΣΙΟ ΓΕΝΙΚΟ ΛΥΚΕΙΟ ΜΑΛΙΩΝ" }, "geometry": { "type": "Point", "coordinates": [ 25.456766, 35.284706 ] } },
{ "type": "Feature", "properties": { "fid": 1045, "mm_id": 1015234, "name": "ΗΜΕΡΗΣΙΟ ΓΕΝΙΚΟ ΛΥΚΕΙΟ ΜΕΛΕΣΩΝ ΗΡΑΚΛΕΙΟΥ - ΜΑΛΙΩΤΕΙΟ" }, "geometry": { "type": "Point", "coordinates": [ 25.199622, 35.190674 ] } },
{ "type": "Feature", "properties": { "fid": 1046, "mm_id": 1015229, "name": "ΗΜΕΡΗΣΙΟ ΓΕΝΙΚΟ ΛΥΚΕΙΟ ΜΟΙΡΩΝ ΗΡΑΚΛΕΙΟΥ" }, "geometry": { "type": "Point", "coordinates": [ 24.869706, 35.055028 ] } },
{ "type": "Feature", "properties": { "fid": 1047, "mm_id": 1015235, "name": "ΗΜΕΡΗΣΙΟ ΓΕΝΙΚΟ ΛΥΚΕΙΟ ΜΟΧΟΥ" }, "geometry": { "type": "Point", "coordinates": [ 25.428517, 35.259003 ] } },
{ "type": "Feature", "properties": { "fid": 1048, "mm_id": 1015242, "name": "ΗΜΕΡΗΣΙΟ ΓΕΝΙΚΟ ΛΥΚΕΙΟ ΝΕΑΣ ΑΛΙΚΑΡΝΑΣΣΟΥ" }, "geometry": { "type": "Point", "coordinates": [ 25.156411, 35.338108 ] } },
{ "type": "Feature", "properties": { "fid": 1049, "mm_id": 1018202, "name": "ΗΜΕΡΗΣΙΟ ΓΕΝΙΚΟ ΛΥΚΕΙΟ ΠΟΜΠΙΑΣ ΔΗΜΟΥ ΦΑΙΣΤΟΥ - ΓΕΛ ΠΟΜΠΙΑΣ" }, "geometry": { "type": "Point", "coordinates": [ 24.867514, 35.010081 ] } },
{ "type": "Feature", "properties": { "fid": 1050, "mm_id": 1015236, "name": "ΗΜΕΡΗΣΙΟ ΓΕΝΙΚΟ ΛΥΚΕΙΟ ΤΥΜΠΑΚΙΟΥ" }, "geometry": { "type": "Point", "coordinates": [ 24.76585, 35.06713 ] } },
{ "type": "Feature", "properties": { "fid": 1051, "mm_id": 1015230, "name": "ΗΜΕΡΗΣΙΟ ΓΕΝΙΚΟ ΛΥΚΕΙΟ ΧΑΡΑΚΑ ΗΡΑΚΛΕΙΟΥ" }, "geometry": { "type": "Point", "coordinates": [ 25.119647, 35.015624 ] } },
{ "type": "Feature", "properties": { "fid": 1052, "mm_id": 1027277, "name": "Ημερήσιο Επαγγελματικό Λύκειο (ΕΠΑ.Λ.) Χερσονήσου" }, "geometry": { "type": "Point", "coordinates": [ 25.387545, 35.313243 ] } },
{ "type": "Feature", "properties": { "fid": 1053, "mm_id": 1000863, "name": "ΙΔΙΩΤΙΚΟ ΛΥΚΕΙΟ - ΕΚΠΑΙΔΕΥΤΗΡΙΟ \"ΤΟ ΠΑΓΚΡΗΤΙΟΝ\"" }, "geometry": { "type": "Point", "coordinates": [ 25.152555, 35.318005 ] } },
{ "type": "Feature", "properties": { "fid": 1054, "mm_id": 1015208, "name": "ΚΑΛΛΙΤΕΧΝΙΚΟ ΣΧΟΛΕΙΟ ΗΡΑΚΛΕΙΟΥ (ΓΥΜΝΑΣΙΟ ΚΑΙ ΓΕΝΙΚΟ ΛΥΚΕΙΟ)" }, "geometry": { "type": "Point", "coordinates": [ 25.282655, 35.326981 ] } },
{ "type": "Feature", "properties": { "fid": 1055, "mm_id": 1015151, "name": "ΜΟΥΣΙΚΟ ΣΧΟΛΕΙΟ ΗΡΑΚΛΕΙΟΥ (ΓΥΜΝΑΣΙΟ ΚΑΙ ΓΕΝΙΚΟ ΛΥΚΕΙΟ)" }, "geometry": { "type": "Point", "coordinates": [ 25.283541, 35.327705 ] } },
{ "type": "Feature", "properties": { "fid": 1056, "mm_id": 1015212, "name": "ΠΡΟΤΥΠΟ ΓΕΝΙΚΟ ΛΥΚΕΙΟ ΗΡΑΚΛΕΙΟΥ" }, "geometry": { "type": "Point", "coordinates": [ 25.102767, 35.310814 ] } },
{ "type": "Feature", "properties": { "fid": 1057, "mm_id": 1001104, "name": "ΓΥΜΝΑΣΙΟ Λ.Τ. ΑΝΤΙΠΑΡΟΥ" }, "geometry": { "type": "Point", "coordinates": [ 25.081415, 37.04034 ] } },
{ "type": "Feature", "properties": { "fid": 1058, "mm_id": 1000850, "name": "1ο ΕΣΠΕΡΙΝΟ ΓΕΝΙΚΟ ΛΥΚΕΙΟ ΧΑΛΚΙΔΑΣ" }, "geometry": { "type": "Point", "coordinates": [ 23.598767, 38.459499 ] } },
{ "type": "Feature", "properties": { "fid": 1059, "mm_id": 1000855, "name": "1ο ΗΜΕΡΗΣΙΟ ΓΕΝΙΚΟ ΛΥΚΕΙΟ ΑΛΙΒΕΡΙΟΥ ΕΥΒΟΙΑΣ" }, "geometry": { "type": "Point", "coordinates": [ 24.036697, 38.40999 ] } },
{ "type": "Feature", "properties": { "fid": 1060, "mm_id": 1012414, "name": "1ο ΗΜΕΡΗΣΙΟ ΕΠΑΛ ΑΛΙΒΕΡΙ ΕΥΒΟΙΑΣ" }, "geometry": { "type": "Point", "coordinates": [ 24.025238, 38.407973 ] } },
{ "type": "Feature", "properties": { "fid": 1061, "mm_id": 1013836, "name": "1ο ΗΜΕΡΗΣΙΟ ΕΠΑΛ ΙΣΤΙΑΙΑΣ - ΤΕΕ-ΕΠΑΛ ΙΣΤΙΑΙΑΣ" }, "geometry": { "type": "Point", "coordinates": [ 23.147972, 38.949684 ] } },
{ "type": "Feature", "properties": { "fid": 1062, "mm_id": 1013837, "name": "1ο ΗΜΕΡΗΣΙΟ ΕΠΑΛ ΚΑΡΥΣΤΟΥ" }, "geometry": { "type": "Point", "coordinates": [ 24.422824, 38.020688 ] } },
{ "type": "Feature", "properties": { "fid": 1063, "mm_id": 1013839, "name": "1ο ΗΜΕΡΗΣΙΟ ΕΠΑΛ ΚΟΝΙΣΤΡΩΝ - ΕΠΑΛ ΚΟΝΙΣΤΡΩΝ" }, "geometry": { "type": "Point", "coordinates": [ 24.061535, 38.56912 ] } },
{ "type": "Feature", "properties": { "fid": 1064, "mm_id": 1013838, "name": "1ο ΗΜΕΡΗΣΙΟ ΕΠΑΛ ΜΑΝΤΟΥΔΙΟΥ ΕΥΒΟΙΑΣ" }, "geometry": { "type": "Point", "coordinates": [ 23.479084, 38.795778 ] } },
{ "type": "Feature", "properties": { "fid": 1065, "mm_id": 1000838, "name": "1ο ΗΜΕΡΗΣΙΟ ΕΠΑΛ ΧΑΛΚΙΔΑΣ" }, "geometry": { "type": "Point", "coordinates": [ 23.597381, 38.458004 ] } },
{ "type": "Feature", "properties": { "fid": 1066, "mm_id": 1000841, "name": "1ο ΗΜΕΡΗΣΙΟ ΕΠΑΛ ΨΑΧΝΩΝ" }, "geometry": { "type": "Point", "coordinates": [ 23.639674, 38.573456 ] } },
{ "type": "Feature", "properties": { "fid": 1067, "mm_id": 1000847, "name": "1ο ΠΡΟΤΥΠΟ ΓΕΝΙΚΟ ΛΥΚΕΙΟ ΧΑΛΚΙΔΑΣ ΕΥΒΟΙΑΣ" }, "geometry": { "type": "Point", "coordinates": [ 23.599688, 38.469585 ] } },
{ "type": "Feature", "properties": { "fid": 1068, "mm_id": 1012415, "name": "2ο ΗΜΕΡΗΣΙΟ ΓΕΝΙΚΟ ΛΥΚΕΙΟ ΑΛΙΒΕΡΙΟΥ" }, "geometry": { "type": "Point", "coordinates": [ 24.025217, 38.408141 ] } },
{ "type": "Feature", "properties": { "fid": 1069, "mm_id": 1000848, "name": "2ο ΗΜΕΡΗΣΙΟ ΓΕΝΙΚΟ ΛΥΚΕΙΟ ΧΑΛΚΙΔΑΣ" }, "geometry": { "type": "Point", "coordinates": [ 23.596945, 38.455835 ] } },
{ "type": "Feature", "properties": { "fid": 1070, "mm_id": 1012082, "name": "2ο ΗΜΕΡΗΣΙΟ ΕΠΑΛ ΧΑΛΚΙΔΑΣ" }, "geometry": { "type": "Point", "coordinates": [ 23.596534, 38.457416 ] } },
{ "type": "Feature", "properties": { "fid": 1071, "mm_id": 1000839, "name": "3ο ΕΣΠΕΡΙΝΟ ΕΠΑΛ ΧΑΛΚΙΔΑΣ" }, "geometry": { "type": "Point", "coordinates": [ 23.596888, 38.45776 ] } },
{ "type": "Feature", "properties": { "fid": 1072, "mm_id": 1000849, "name": "3ο ΗΜΕΡΗΣΙΟ ΓΕΝΙΚΟ ΛΥΚΕΙΟ ΧΑΛΚΙΔΑΣ ΕΥΒΟΙΑΣ" }, "geometry": { "type": "Point", "coordinates": [ 23.632546, 38.489232 ] } },
{ "type": "Feature", "properties": { "fid": 1073, "mm_id": 1000859, "name": "4ο ΗΜΕΡΗΣΙΟ ΓΕΝΙΚΟ ΛΥΚΕΙΟ ΧΑΛΚΙΔΑΣ" }, "geometry": { "type": "Point", "coordinates": [ 23.607611, 38.465963 ] } },
{ "type": "Feature", "properties": { "fid": 1074, "mm_id": 1025096, "name": "ΓΕΛ Δροσιάς" }, "geometry": { "type": "Point", "coordinates": [ 23.539128, 38.472922 ] } },
{ "type": "Feature", "properties": { "fid": 1075, "mm_id": 1000857, "name": "ΓΕΝΙΚΟ ΛΥΚΕΙΟ ΑΜΑΡΥΝΘΟΥ ΕΥΒΟΙΑΣ" }, "geometry": { "type": "Point", "coordinates": [ 23.877398, 38.394014 ] } },
{ "type": "Feature", "properties": { "fid": 1076, "mm_id": 1013840, "name": "ΓΕΝΙΚΟ ΛΥΚΕΙΟ ΙΣΤΙΑΙΑΣ" }, "geometry": { "type": "Point", "coordinates": [ 23.152714, 38.952855 ] } },
{ "type": "Feature", "properties": { "fid": 1077, "mm_id": 1013841, "name": "ΓΕΝΙΚΟ ΛΥΚΕΙΟ ΚΑΡΥΣΤΟΥ" }, "geometry": { "type": "Point", "coordinates": [ 24.434133, 38.008598 ] } },
{ "type": "Feature", "properties": { "fid": 1078, "mm_id": 1000843, "name": "ΕΝΙΑΙΟ ΕΙΔΙΚΟ ΕΠΑΓΓΕΛΜΑΤΙΚΟ ΓΥΜΝΑΣΙΟ - ΛΥΚΕΙΟ ΕΥΒΟΙΑΣ" }, "geometry": { "type": "Point", "coordinates": [ 23.561959, 38.399905 ] } },
{ "type": "Feature", "properties": { "fid": 1079, "mm_id": 1027050, "name": "Εσπερινό ΕΠΑ.Λ. Μαντουδίου" }, "geometry": { "type": "Point", "coordinates": [ 23.479045, 38.79555 ] } },
{ "type": "Feature", "properties": { "fid": 1080, "mm_id": 1000856, "name": "ΗΜΕΡΗΣΙΟ ΓΕΝΙΚΟ ΛΥΚΕΙΟ ΑΥΛΩΝΑΡΙΟΥ" }, "geometry": { "type": "Point", "coordinates": [ 24.11118, 38.502599 ] } },
{ "type": "Feature", "properties": { "fid": 1081, "mm_id": 1000854, "name": "ΗΜΕΡΗΣΙΟ ΓΕΝΙΚΟ ΛΥΚΕΙΟ ΒΑΘΕΟΣ ΑΥΛΙΔΑΣ" }, "geometry": { "type": "Point", "coordinates": [ 23.601806, 38.402936 ] } },
{ "type": "Feature", "properties": { "fid": 1082, "mm_id": 1000852, "name": "ΗΜΕΡΗΣΙΟ ΓΕΝΙΚΟ ΛΥΚΕΙΟ ΒΑΣΙΛΙΚΟΥ ΕΥΒΟΙΑΣ" }, "geometry": { "type": "Point", "coordinates": [ 23.663935, 38.424483 ] } },
{ "type": "Feature", "properties": { "fid": 1083, "mm_id": 1012416, "name": "ΗΜΕΡΗΣΙΟ ΓΕΝΙΚΟ ΛΥΚΕΙΟ ΕΡΕΤΡΙΑΣ" }, "geometry": { "type": "Point", "coordinates": [ 23.787617, 38.394419 ] } },
{ "type": "Feature", "properties": { "fid": 1084, "mm_id": 1000851, "name": "ΗΜΕΡΗΣΙΟ ΓΕΝΙΚΟ ΛΥΚΕΙΟ ΚΑΝΗΘΟΥ - ΧΑΛΚΙΔΑ" }, "geometry": { "type": "Point", "coordinates": [ 23.578991, 38.470606 ] } },
{ "type": "Feature", "properties": { "fid": 1085, "mm_id": 1013843, "name": "ΗΜΕΡΗΣΙΟ ΓΕΝΙΚΟ ΛΥΚΕΙΟ ΚΟΝΙΣΤΡΩΝ" }, "geometry": { "type": "Point", "coordinates": [ 24.025014, 38.547055 ] } },
{ "type": "Feature", "properties": { "fid": 1086, "mm_id": 1013842, "name": "ΗΜΕΡΗΣΙΟ ΓΕΝΙΚΟ ΛΥΚΕΙΟ ΚΥΜΗΣ ΕΥΒΟΙΑΣ" }, "geometry": { "type": "Point", "coordinates": [ 24.108792, 38.635283 ] } },
{ "type": "Feature", "properties": { "fid": 1087, "mm_id": 1013844, "name": "ΗΜΕΡΗΣΙΟ ΓΕΝΙΚΟ ΛΥΚΕΙΟ ΛΙΜΝΗ ΕΥΒΟΙΑΣ" }, "geometry": { "type": "Point", "coordinates": [ 23.326381, 38.763313 ] } },
{ "type": "Feature", "properties": { "fid": 1088, "mm_id": 1018692, "name": "ΗΜΕΡΗΣΙΟ ΓΕΝΙΚΟ ΛΥΚΕΙΟ ΛΟΥΤΡΩΝ ΑΙΔΗΨΟΥ ΕΥΒΟΙΑΣ" }, "geometry": { "type": "Point", "coordinates": [ 23.045437, 38.859926 ] } },
{ "type": "Feature", "properties": { "fid": 1089, "mm_id": 1013845, "name": "ΗΜΕΡΗΣΙΟ ΓΕΝΙΚΟ ΛΥΚΕΙΟ ΜΑΝΤΟΥΔΙΟΥ ΕΥΒΟΙΑΣ" }, "geometry": { "type": "Point", "coordinates": [ 23.47871, 38.795974 ] } },
{ "type": "Feature", "properties": { "fid": 1090, "mm_id": 1013416, "name": "ΗΜΕΡΗΣΙΟ ΓΕΝΙΚΟ ΛΥΚΕΙΟ ΝΕΑΣ ΑΡΤΑΚΗΣ ΕΥΒΟΙΑΣ" }, "geometry": { "type": "Point", "coordinates": [ 23.640133, 38.506995 ] } },
{ "type": "Feature", "properties": { "fid": 1091, "mm_id": 1013846, "name": "ΗΜΕΡΗΣΙΟ ΓΕΝΙΚΟ ΛΥΚΕΙΟ ΣΚΥΡΟΥ" }, "geometry": { "type": "Point", "coordinates": [ 24.562065, 38.902048 ] } },
{ "type": "Feature", "properties": { "fid": 1092, "mm_id": 1000853, "name": "ΗΜΕΡΗΣΙΟ ΓΕΝΙΚΟ ΛΥΚΕΙΟ ΨΑΧΝΑ ΕΥΒΟΙΑΣ" }, "geometry": { "type": "Point", "coordinates": [ 23.637248, 38.574255 ] } },
{ "type": "Feature", "properties": { "fid": 1093, "mm_id": 1013833, "name": "ΗΜΕΡΗΣΙΟ ΓΥΜΝΑΣΙΟ - ΛΥΚΕΙΑΚΕΣ ΤΑΞΕΙΣ ΣΤΥΡΩΝ ΕΥΒΟΙΑΣ" }, "geometry": { "type": "Point", "coordinates": [ 24.238403, 38.159925 ] } },
{ "type": "Feature", "properties": { "fid": 1094, "mm_id": 1013818, "name": "ΗΜΕΡΗΣΙΟ ΓΥΜΝΑΣΙΟ ΚΑΙ ΤΡΕΙΣ ΛΥΚΕΙΑΚΕΣ ΤΑΞΕΙΣ ΓΟΥΒΩΝ ΕΥΒΟΙΑΣ - «ΓΕΩΡΓΙΟΣ ΔΡΟΣΙΝΗΣ»" }, "geometry": { "type": "Point", "coordinates": [ 23.247091, 39.00673 ] } },
{ "type": "Feature", "properties": { "fid": 1095, "mm_id": 1013827, "name": "ΗΜΕΡΗΣΙΟ ΓΥΜΝΑΣΙΟ ΜΕ ΛΥΚΕΙΑΚΕΣ ΤΑΞΕΙΣ ΑΓΙΑΣ ΑΝΝΑΣ" }, "geometry": { "type": "Point", "coordinates": [ 23.399853, 38.859608 ] } },
{ "type": "Feature", "properties": { "fid": 1096, "mm_id": 1024302, "name": "ΜΟΥΣΙΚΟ ΓΥΜΝΑΣΙΟ ΧΑΛΚΙΔΑΣ ΜΕ Λ.Τ. \"ΝΙΚΟΣ ΣΚΑΛΚΩΤΑΣ\"" }, "geometry": { "type": "Point", "coordinates": [ 23.596828, 38.384963 ] } },
{ "type": "Feature", "properties": { "fid": 1097, "mm_id": 1017849, "name": "ΕΣΠΕΡΙΝΟ ΓΥΜΝΑΣΙΟ Λ.Τ. ΚΩ" }, "geometry": { "type": "Point", "coordinates": [ 27.279635, 36.893011 ] } },
{ "type": "Feature", "properties": { "fid": 1098, "mm_id": 1000791, "name": "ΗΜΕΡΗΣΙΟ ΓΥΜΝΑΣΙΟ με ΛΥΚΕΙΑΚΕΣ ΤΑΞΕΙΣ ΝΙΣΥΡΟΥ" }, "geometry": { "type": "Point", "coordinates": [ 27.13325, 36.609649 ] } },
{ "type": "Feature", "properties": { "fid": 1099, "mm_id": 1016223, "name": "1ο ΗΜΕΡΗΣΙΟ ΓΕΝΙΚΟ ΛΥΚΕΙΟ ΡΕΘΥΜΝΟΥ" }, "geometry": { "type": "Point", "coordinates": [ 24.476294, 35.364685 ] } },
{ "type": "Feature", "properties": { "fid": 1100, "mm_id": 1016222, "name": "1ο ΗΜΕΡΗΣΙΟ ΕΠΑΛ ΡΕΘΥΜΝΟΥ" }, "geometry": { "type": "Point", "coordinates": [ 24.500727, 35.365196 ] } },
{ "type": "Feature", "properties": { "fid": 1101, "mm_id": 1016224, "name": "2ο ΗΜΕΡΗΣΙΟ ΓΕΝΙΚΟ ΛΥΚΕΙΟ ΡΕΘΥΜΝΟΥ -  ΠΑΝΤΕΛΗΣ ΠΡΕΒΕΛΑΚΗΣ" }, "geometry": { "type": "Point", "coordinates": [ 24.480729, 35.362391 ] } },
{ "type": "Feature", "properties": { "fid": 1102, "mm_id": 1024636, "name": "2ο ΗΜΕΡΗΣΙΟ ΕΠΑ.Λ. ΡΕΘΥΜΝΟΥ" }, "geometry": { "type": "Point", "coordinates": [ 24.445356, 35.363323 ] } },
{ "type": "Feature", "properties": { "fid": 1103, "mm_id": 1016225, "name": "3ο ΗΜΕΡΗΣΙΟ ΓΕΝΙΚΟ ΛΥΚΕΙΟ ΡΕΘΥΜΝΟΥ" }, "geometry": { "type": "Point", "coordinates": [ 24.475391, 35.366372 ] } },
{ "type": "Feature", "properties": { "fid": 1104, "mm_id": 1025115, "name": "4ο ΗΜΕΡΗΣΙΟ ΓΕΝΙΚΟ ΛΥΚΕΙΟ ΡΕΘΥΜΝΟΥ - ΑΡΣΑΝΙΟ ΛΥΚΕΙΟ" }, "geometry": { "type": "Point", "coordinates": [ 24.587412, 35.382404 ] } },
{ "type": "Feature", "properties": { "fid": 1105, "mm_id": 1025279, "name": "Ενιαίο Ειδικό Επαγγελματικό Γυμνάσιο -Λύκειο ΡΕΘΥΜΝΗΣ" }, "geometry": { "type": "Point", "coordinates": [ 24.445191, 35.364235 ] } },
{ "type": "Feature", "properties": { "fid": 1106, "mm_id": 1026834, "name": "ΕΣΠΕΡΙΝΟ ΓΕΝΙΚΟ ΛΥΚΕΙΟ ΜΥΛΟΠΟΤΑΜΟΥ" }, "geometry": { "type": "Point", "coordinates": [ 24.737186, 35.377282 ] } },
{ "type": "Feature", "properties": { "fid": 1107, "mm_id": 1016219, "name": "ΕΣΠΕΡΙΝΟ ΓΕΝΙΚΟ ΛΥΚΕΙΟ ΡΕΘΥΜΝΟ - ΛΥΚΕΙΟ ΡΕΘΥΜΝΟΥ ΕΣΠΕΡ" }, "geometry": { "type": "Point", "coordinates": [ 24.512091, 35.365522 ] } },
{ "type": "Feature", "properties": { "fid": 1108, "mm_id": 1027106, "name": "Εσπερινό ΕΠΑ.Λ. Ανωγείων" }, "geometry": { "type": "Point", "coordinates": [ 24.880916, 35.292013 ] } },
{ "type": "Feature", "properties": { "fid": 1109, "mm_id": 1027053, "name": "Εσπερινό ΕΠΑ.Λ. Σπηλίου" }, "geometry": { "type": "Point", "coordinates": [ 24.531882, 35.220349 ] } },
{ "type": "Feature", "properties": { "fid": 1110, "mm_id": 1017921, "name": "ΕΣΠΕΡΙΝΟ ΕΠΑΛ ΡΕΘΥΜΝΟΥ" }, "geometry": { "type": "Point", "coordinates": [ 24.501705, 35.365695 ] } },
{ "type": "Feature", "properties": { "fid": 1111, "mm_id": 1016220, "name": "ΗΜΕΡΗΣΙΟ ΓΕΝΙΚΟ ΛΥΚΕΙΟ ΑΤΣΙΠΟΠΟΥΛΟΥ" }, "geometry": { "type": "Point", "coordinates": [ 24.436291, 35.344618 ] } },
{ "type": "Feature", "properties": { "fid": 1112, "mm_id": 1016221, "name": "ΗΜΕΡΗΣΙΟ ΓΕΝΙΚΟ ΛΥΚΕΙΟ ΕΠΙΣΚΟΠΗΣ ΡΕΘΥΜΝΟΥ" }, "geometry": { "type": "Point", "coordinates": [ 24.337243, 35.32264 ] } },
{ "type": "Feature", "properties": { "fid": 1113, "mm_id": 1016228, "name": "ΗΜΕΡΗΣΙΟ ΓΕΝΙΚΟ ΛΥΚΕΙΟ ΠΑΝΟΡΜΟΥ ΡΕΘΥΜΝΟΥ" }, "geometry": { "type": "Point", "coordinates": [ 24.68877, 35.416686 ] } },
{ "type": "Feature", "properties": { "fid": 1114, "mm_id": 1016229, "name": "ΗΜΕΡΗΣΙΟ ΓΕΝΙΚΟ ΛΥΚΕΙΟ ΠΕΡΑΜΑΤΟΣ ΜΥΛΟΠΟΤΑΜΟΥ ΡΕΘΥΜΝΟΥ" }, "geometry": { "type": "Point", "coordinates": [ 24.702748, 35.368318 ] } },
{ "type": "Feature", "properties": { "fid": 1115, "mm_id": 1016230, "name": "ΗΜΕΡΗΣΙΟ ΓΕΝΙΚΟ ΛΥΚΕΙΟ ΣΠΗΛΙΟΥ ΡΕΘΥΜΝΟΥ" }, "geometry": { "type": "Point", "coordinates": [ 24.531774, 35.220559 ] } },
{ "type": "Feature", "properties": { "fid": 1116, "mm_id": 1016231, "name": "ΗΜΕΡΗΣΙΟ ΓΕΝΙΚΟ ΛΥΚΕΙΟ ΦΟΥΡΦΟΥΡΑ ΡΕΘΥΜΝΟΥ" }, "geometry": { "type": "Point", "coordinates": [ 24.712598, 35.214565 ] } },
{ "type": "Feature", "properties": { "fid": 1117, "mm_id": 1016216, "name": "ΗΜΕΡΗΣΙΟ ΕΠΑΛ ΓΑΡΑΖΟΥ ΡΕΘΥΜΝΟΥ" }, "geometry": { "type": "Point", "coordinates": [ 24.783517, 35.343695 ] } },
{ "type": "Feature", "properties": { "fid": 1118, "mm_id": 1016196, "name": "ΜΟΥΣΙΚΟ ΓΥΜΝΑΣΙΟ ΡΕΘΥΜΝΟΥ" }, "geometry": { "type": "Point", "coordinates": [ 24.482362, 35.364389 ] } },
{ "type": "Feature", "properties": { "fid": 1119, "mm_id": 1016226, "name": "ΠΕΙΡΑΜΑΤΙΚΟ ΓΕ.Λ. ΡΕΘΥΜΝΟΥ ΠΑΝΕΠΙΣΤΗΜΙΟΥ ΚΡΗΤΗΣ" }, "geometry": { "type": "Point", "coordinates": [ 24.476932, 35.363934 ] } },
{ "type": "Feature", "properties": { "fid": 1120, "mm_id": 1016227, "name": "ΣΤΑΥΡΑΚΕΙΟ ΓΕΝΙΚΟ ΛΥΚΕΙΟ ΑΝΩΓΕΙΩΝ" }, "geometry": { "type": "Point", "coordinates": [ 24.880737, 35.29208 ] } },
{ "type": "Feature", "properties": { "fid": 1121, "mm_id": 1014722, "name": "18ο ΓΥΜΝΑΣΙΟ ΠΑΤΡΩΝ ΚΑΙ ΤΑΞΕΙΣ ΓΥΜΝΑΣΙΟΥ ΚΑΙ ΛΥΚΕΙΟΥ ΚΩΦΩΝ ΚΑΙ ΒΑΡΗΚΟΩΝ" }, "geometry": { "type": "Point", "coordinates": [ 21.754578, 38.244083 ] } },
{ "type": "Feature", "properties": { "fid": 1122, "mm_id": 1014756, "name": "ΗΜΕΡΗΣΙΟ ΓΥΜΝΑΣΙΟ - Λ.Τ. ΦΑΡΩΝ ΑΧΑΪΑΣ" }, "geometry": { "type": "Point", "coordinates": [ 21.716165, 38.090115 ] } },
{ "type": "Feature", "properties": { "fid": 1123, "mm_id": 1014750, "name": "ΗΜΕΡΗΣΙΟ ΓΥΜΝΑΣΙΟ - ΛΥΚΕΙΑΚΕΣ ΤΑΞΕΙΣ ΧΑΛΑΝΔΡΙΤΣΑΣ ΑΧΑΪΑΣ" }, "geometry": { "type": "Point", "coordinates": [ 21.779439, 38.108842 ] } },
{ "type": "Feature", "properties": { "fid": 1124, "mm_id": 1014757, "name": "ΗΜΕΡΗΣΙΟ ΓΥΜΝΑΣΙΟ ΚΑΙ ΛΥΚΕΙΑΚΕΣ ΤΑΞΕΙΣ ΡΙΟΛΟΥ ΑΧΑΪΑΣ" }, "geometry": { "type": "Point", "coordinates": [ 21.455633, 38.054242 ] } },
{ "type": "Feature", "properties": { "fid": 1125, "mm_id": 1014708, "name": "ΜΟΥΣΙΚΟ ΣΧΟΛΕΙΟ ΠΑΤΡΩΝ (ΜΟΥΣΙΚΟ ΓΥΜΝΑΣΙΟ - ΜΟΥΣΙΚΟ ΛΥΚΕΙΟ)" }, "geometry": { "type": "Point", "coordinates": [ 21.763037, 38.223055 ] } },
{ "type": "Feature", "properties": { "fid": 1126, "mm_id": 1016146, "name": "1ο ΗΜΕΡΗΣΙΟ ΓΕΝΙΚΟ ΛΥΚΕΙΟ ΚΑΤΕΡΙΝΗΣ ΠΙΕΡΙΑΣ" }, "geometry": { "type": "Point", "coordinates": [ 22.512502, 40.265824 ] } },
{ "type": "Feature", "properties": { "fid": 1127, "mm_id": 1016137, "name": "2ο ΕΠΑΓΓΕΛΜΑΤΙΚΟ ΛΥΚΕΙΟ ΚΑΤΕΡΙΝΗΣ" }, "geometry": { "type": "Point", "coordinates": [ 22.47084, 40.284119 ] } },
{ "type": "Feature", "properties": { "fid": 1128, "mm_id": 1016145, "name": "2ο ΗΜΕΡΗΣΙΟ ΓΕΝΙΚΟ ΛΥΚΕΙΟ ΚΑΤΕΡΙΝΗΣ ΠΙΕΡΙΑΣ - ΑΡΙΣΤΟΤΕΛΕΙΟ" }, "geometry": { "type": "Point", "coordinates": [ 22.511418, 40.262629 ] } },
{ "type": "Feature", "properties": { "fid": 1129, "mm_id": 1016147, "name": "3ο ΗΜΕΡΗΣΙΟ ΓΕΝΙΚΟ ΛΥΚΕΙΟ ΚΑΤΕΡΙΝΗΣ ΠΙΕΡΙΑΣ" }, "geometry": { "type": "Point", "coordinates": [ 22.501352, 40.284709 ] } },
{ "type": "Feature", "properties": { "fid": 1130, "mm_id": 1016148, "name": "4ο ΗΜΕΡΗΣΙΟ ΓΕΝΙΚΟ ΛΥΚΕΙΟ ΚΑΤΕΡΙΝΗΣ" }, "geometry": { "type": "Point", "coordinates": [ 22.50075, 40.269955 ] } },
{ "type": "Feature", "properties": { "fid": 1131, "mm_id": 1016149, "name": "5ο ΗΜΕΡΗΣΙΟ ΓΕΝΙΚΟ ΛΥΚΕΙΟ ΚΑΤΕΡΙΝΗΣ" }, "geometry": { "type": "Point", "coordinates": [ 22.510726, 40.262763 ] } },
{ "type": "Feature", "properties": { "fid": 1132, "mm_id": 1016139, "name": "ΕΝΙΑΙΟ ΕΙΔΙΚΟ ΕΠΑΓΓΕΛΜΑΤΙΚΟ ΓΥΜΝΑΣΙΟ & ΛΥΚΕΙΟ ΚΑΤΕΡΙΝΗΣ (ΕΝ.Ε.Ε.ΓΥ-Λ)" }, "geometry": { "type": "Point", "coordinates": [ 22.506937, 40.260199 ] } },
{ "type": "Feature", "properties": { "fid": 1133, "mm_id": 1016150, "name": "ΕΣΠΕΡΙΝΟ ΓΕΝΙΚΟ ΛΥΚΕΙΟ ΚΑΤΕΡΙΝΗΣ ΠΙΕΡΙΑΣ" }, "geometry": { "type": "Point", "coordinates": [ 22.513232, 40.269924 ] } },
{ "type": "Feature", "properties": { "fid": 1134, "mm_id": 1016138, "name": "ΕΣΠΕΡΙΝΟ ΕΠΑΛ ΚΑΤΕΡΙΝΗ ΠΙΕΡΙΑΣ" }, "geometry": { "type": "Point", "coordinates": [ 22.507908, 40.260102 ] } },
{ "type": "Feature", "properties": { "fid": 1135, "mm_id": 1016151, "name": "ΗΜΕΡΗΣΙΟ ΓΕΝΙΚΟ ΛΥΚΕΙΟ ΑΙΓΙΝΙΟΥ ΠΙΕΡΙΑΣ" }, "geometry": { "type": "Point", "coordinates": [ 22.538954, 40.499494 ] } },
{ "type": "Feature", "properties": { "fid": 1136, "mm_id": 1016142, "name": "ΗΜΕΡΗΣΙΟ ΓΕΝΙΚΟ ΛΥΚΕΙΟ ΚΑΤΩ ΜΗΛΙΑΣ" }, "geometry": { "type": "Point", "coordinates": [ 22.350069, 40.249986 ] } },
{ "type": "Feature", "properties": { "fid": 1137, "mm_id": 1016152, "name": "ΗΜΕΡΗΣΙΟ ΓΕΝΙΚΟ ΛΥΚΕΙΟ ΚΟΛΙΝΔΡΟΥ ΠΙΕΡΙΑΣ - ΚΥΠΑΡΙΣΣΟΠΟΥΛΕΙΟ" }, "geometry": { "type": "Point", "coordinates": [ 22.492577, 40.479913 ] } },
{ "type": "Feature", "properties": { "fid": 1138, "mm_id": 1016155, "name": "ΗΜΕΡΗΣΙΟ ΓΕΝΙΚΟ ΛΥΚΕΙΟ ΚΟΝΤΑΡΙΩΤΙΣΣΑΣ" }, "geometry": { "type": "Point", "coordinates": [ 22.456478, 40.22288 ] } },
{ "type": "Feature", "properties": { "fid": 1139, "mm_id": 1016141, "name": "ΗΜΕΡΗΣΙΟ ΓΕΝΙΚΟ ΛΥΚΕΙΟ ΚΟΡΙΝΟΥ" }, "geometry": { "type": "Point", "coordinates": [ 22.593309, 40.31897 ] } },
{ "type": "Feature", "properties": { "fid": 1140, "mm_id": 1016154, "name": "ΗΜΕΡΗΣΙΟ ΓΕΝΙΚΟ ΛΥΚΕΙΟ ΛΕΠΤΟΚΑΡΥΑΣ" }, "geometry": { "type": "Point", "coordinates": [ 22.563598, 40.060943 ] } },
{ "type": "Feature", "properties": { "fid": 1141, "mm_id": 1016153, "name": "ΗΜΕΡΗΣΙΟ ΓΕΝΙΚΟ ΛΥΚΕΙΟ ΛΙΤΟΧΩΡΟΥ" }, "geometry": { "type": "Point", "coordinates": [ 22.506386, 40.099398 ] } },
{ "type": "Feature", "properties": { "fid": 1142, "mm_id": 1016136, "name": "ΗΜΕΡΗΣΙΟ ΕΠΑΓΓΕΛΜΑΤΙΚΟ ΛΥΚΕΙΟ ΑΙΓΙΝΙΟΥ" }, "geometry": { "type": "Point", "coordinates": [ 22.542612, 40.505735 ] } },
{ "type": "Feature", "properties": { "fid": 1143, "mm_id": 1001231, "name": "ΙΔΙΩΤΙΚΟ ΗΜΕΡΗΣΙΟ ΛΥΚΕΙΟ ΚΑΤΕΡΙΝΗ - ΛΥΚΕΙΟ ΠΛΑΤΩΝ" }, "geometry": { "type": "Point", "coordinates": [ 22.501275, 40.302598 ] } },
{ "type": "Feature", "properties": { "fid": 1144, "mm_id": 1016113, "name": "ΜΟΥΣΙΚΟ ΣΧΟΛΕΙΟ ΚΑΤΕΡΙΝΗΣ" }, "geometry": { "type": "Point", "coordinates": [ 22.509472, 40.262754 ] } },
{ "type": "Feature", "properties": { "fid": 1145, "mm_id": 1026981, "name": "ΠΡΟΤΥΠΟ ΕΠΑΛ (Π.ΕΠΑ.Λ.) ΚΑΤΕΡΙΝΗΣ" }, "geometry": { "type": "Point", "coordinates": [ 22.508062, 40.260291 ] } },
{ "type": "Feature", "properties": { "fid": 1146, "mm_id": 1016315, "name": "1ο ΓΕΝΙΚΟ ΛΥΚΕΙΟ ΣΕΡΡΩΝ" }, "geometry": { "type": "Point", "coordinates": [ 23.565561, 41.095744 ] } },
{ "type": "Feature", "properties": { "fid": 1147, "mm_id": 1016303, "name": "1ο ΕΠΑΛ ΣΕΡΡΩΝ" }, "geometry": { "type": "Point", "coordinates": [ 23.521301, 41.089911 ] } },
{ "type": "Feature", "properties": { "fid": 1148, "mm_id": 1016316, "name": "2ο ΓΕΝΙΚΟ ΛΥΚΕΙΟ ΣΕΡΡΩΝ" }, "geometry": { "type": "Point", "coordinates": [ 23.539071, 41.083494 ] } },
{ "type": "Feature", "properties": { "fid": 1149, "mm_id": 1016304, "name": "2ο ΕΠΑΛ ΣΕΡΡΩΝ" }, "geometry": { "type": "Point", "coordinates": [ 23.539747, 41.078244 ] } },
{ "type": "Feature", "properties": { "fid": 1150, "mm_id": 1016317, "name": "3ο ΗΜΕΡΗΣΙΟ ΓΕΝΙΚΟ ΛΥΚΕΙΟ ΣΕΡΡΩΝ" }, "geometry": { "type": "Point", "coordinates": [ 23.564595, 41.087167 ] } },
{ "type": "Feature", "properties": { "fid": 1151, "mm_id": 1016318, "name": "4ο ΓΕΝΙΚΟ ΛΥΚΕΙΟ ΣΕΡΡΩΝ" }, "geometry": { "type": "Point", "coordinates": [ 23.543226, 41.082206 ] } },
{ "type": "Feature", "properties": { "fid": 1152, "mm_id": 1016313, "name": "4ο ΕΣΠΕΡΙΝΟ ΕΠΑΛ ΣΕΡΡΩΝ" }, "geometry": { "type": "Point", "coordinates": [ 23.521484, 41.089547 ] } },
{ "type": "Feature", "properties": { "fid": 1153, "mm_id": 1016319, "name": "5ο ΓΕΝΙΚΟ ΛΥΚΕΙΟ ΣΕΡΡΩΝ" }, "geometry": { "type": "Point", "coordinates": [ 23.540465, 41.090106 ] } },
{ "type": "Feature", "properties": { "fid": 1154, "mm_id": 1016320, "name": "ΓΕΝΙΚΟ ΛΥΚΕΙΟ ΑΛΙΣΤΡΑΤΗΣ ΣΕΡΡΩΝ" }, "geometry": { "type": "Point", "coordinates": [ 23.95563, 41.065744 ] } },
{ "type": "Feature", "properties": { "fid": 1155, "mm_id": 1016329, "name": "ΓΕΝΙΚΟ ΛΥΚΕΙΟ ΒΥΡΩΝΕΙΑΣ ΣΕΡΡΩΝ" }, "geometry": { "type": "Point", "coordinates": [ 23.252207, 41.269235 ] } },
{ "type": "Feature", "properties": { "fid": 1156, "mm_id": 1016321, "name": "ΓΕΝΙΚΟ ΛΥΚΕΙΟ ΗΡΑΚΛΕΙΑΣ ΣΕΡΡΩΝ" }, "geometry": { "type": "Point", "coordinates": [ 23.281356, 41.188078 ] } },
{ "type": "Feature", "properties": { "fid": 1157, "mm_id": 1016332, "name": "ΓΕΝΙΚΟ ΛΥΚΕΙΟ ΜΑΥΡΟΘΑΛΑΣΣΑΣ ΣΕΡΡΩΝ" }, "geometry": { "type": "Point", "coordinates": [ 23.748959, 40.888761 ] } },
{ "type": "Feature", "properties": { "fid": 1158, "mm_id": 1016323, "name": "ΓΕΝΙΚΟ ΛΥΚΕΙΟ ΝΕΑΣ ΖΙΧΝΗΣ ΣΕΡΡΩΝ" }, "geometry": { "type": "Point", "coordinates": [ 23.82935, 41.027067 ] } },
{ "type": "Feature", "properties": { "fid": 1159, "mm_id": 1016334, "name": "ΓΕΝΙΚΟ ΛΥΚΕΙΟ ΝΕΟΥ ΣΚΟΠΟΥ" }, "geometry": { "type": "Point", "coordinates": [ 23.613176, 41.026775 ] } },
{ "type": "Feature", "properties": { "fid": 1160, "mm_id": 1016324, "name": "ΓΕΝΙΚΟ ΛΥΚΕΙΟ ΝΙΓΡΙΤΑΣ" }, "geometry": { "type": "Point", "coordinates": [ 23.500288, 40.913142 ] } },
{ "type": "Feature", "properties": { "fid": 1161, "mm_id": 1016333, "name": "ΓΕΝΙΚΟ ΛΥΚΕΙΟ ΠΕΝΤΑΠΟΛΗΣ ΣΕΡΡΩΝ" }, "geometry": { "type": "Point", "coordinates": [ 23.684772, 41.048635 ] } },
{ "type": "Feature", "properties": { "fid": 1162, "mm_id": 1016330, "name": "ΓΕΝΙΚΟ ΛΥΚΕΙΟ ΠΡΟΒΑΤΑ ΣΕΡΡΩΝ" }, "geometry": { "type": "Point", "coordinates": [ 23.384369, 41.068487 ] } },
{ "type": "Feature", "properties": { "fid": 1163, "mm_id": 1016327, "name": "ΓΕΝΙΚΟ ΛΥΚΕΙΟ ΡΟΔΟΛΙΒΟΥΣ ΣΕΡΡΩΝ" }, "geometry": { "type": "Point", "coordinates": [ 23.972913, 40.924288 ] } },
{ "type": "Feature", "properties": { "fid": 1164, "mm_id": 1016328, "name": "ΓΕΝΙΚΟ ΛΥΚΕΙΟ ΣΙΔΗΡΟΚΑΣΤΡΟΥ ΣΕΡΡΩΝ - ΠΑΛΛΑΤΙΔΕΙΟ" }, "geometry": { "type": "Point", "coordinates": [ 23.367186, 41.327451 ] } },
{ "type": "Feature", "properties": { "fid": 1165, "mm_id": 1016335, "name": "ΓΕΝΙΚΟ ΛΥΚΕΙΟ ΣΚΟΥΤΑΡΕΩΣ ΣΕΡΡΩΝ" }, "geometry": { "type": "Point", "coordinates": [ 23.520519, 41.022349 ] } },
{ "type": "Feature", "properties": { "fid": 1166, "mm_id": 1016305, "name": "ΕΝΙΑΙΟ ΕΙΔΙΚΟ ΕΠΑΓΓΕΛΜΑΤΙΚΟ ΓΥΜΝΑΣΙΟ-ΛΥΚΕΙΟ ΣΕΡΡΩΝ" }, "geometry": { "type": "Point", "coordinates": [ 23.586029, 41.089838 ] } },
{ "type": "Feature", "properties": { "fid": 1167, "mm_id": 1016314, "name": "ΕΠΑ.Λ. ΗΡΑΚΛΕΙΑΣ ΣΕΡΡΩΝ" }, "geometry": { "type": "Point", "coordinates": [ 23.282045, 41.188678 ] } },
{ "type": "Feature", "properties": { "fid": 1168, "mm_id": 1016309, "name": "ΕΠΑ.Λ. ΡΟΔΟΠΟΛΗΣ ΣΕΡΡΩΝ" }, "geometry": { "type": "Point", "coordinates": [ 23.000842, 41.261009 ] } },
{ "type": "Feature", "properties": { "fid": 1169, "mm_id": 1016306, "name": "ΕΠΑΛ ΝΙΓΡΙΤΑΣ" }, "geometry": { "type": "Point", "coordinates": [ 23.503068, 40.908532 ] } },
{ "type": "Feature", "properties": { "fid": 1170, "mm_id": 1016308, "name": "ΕΠΑΛ ΣΙΔΗΡΟΚΑΣΤΡΟΥ ΣΕΡΡΩΝ" }, "geometry": { "type": "Point", "coordinates": [ 23.390891, 41.215702 ] } },
{ "type": "Feature", "properties": { "fid": 1171, "mm_id": 1017854, "name": "ΕΣΠΕΡΙΝΟ ΓΥΜΝΑΣΙΟ ΣΕΡΡΩΝ ΜΕ ΛΥΚΕΙΑΚΕΣ ΤΑΞΕΙΣ" }, "geometry": { "type": "Point", "coordinates": [ 23.543578, 41.081257 ] } },
{ "type": "Feature", "properties": { "fid": 1172, "mm_id": 1016322, "name": "ΗΜΕΡΗΣΙΟ ΓΕΝΙΚΟ ΛΥΚΕΙΟ ΚΑΤΩ ΠΟΡΟΪΩΝ ΣΕΡΡΩΝ" }, "geometry": { "type": "Point", "coordinates": [ 23.008243, 41.281555 ] } },
{ "type": "Feature", "properties": { "fid": 1173, "mm_id": 1001255, "name": "ΙΔΙΩΤΙΚΟ ΗΜΕΡΗΣΙΟ ΛΥΚΕΙΟ ΣΕΡΡΕΣ - ΑΡΙΣΤΟΤΕΛΕΙΟ ΕΚΠΑΙΔΕΥΤΗΡΙΟ" }, "geometry": { "type": "Point", "coordinates": [ 24.003939, 38.151059 ] } },
{ "type": "Feature", "properties": { "fid": 1174, "mm_id": 1016265, "name": "ΜΟΥΣΙΚΟ ΓΥΜΝΑΣΙΟ ΣΕΡΡΩΝ-ΛΥΚΕΙΑΚΕΣ ΤΑΞΕΙΣ" }, "geometry": { "type": "Point", "coordinates": [ 23.556251, 41.073276 ] } },
{ "type": "Feature", "properties": { "fid": 1175, "mm_id": 1016556, "name": "1ο ΗΜΕΡΗΣΙΟ ΓΕΝΙΚΟ ΛΥΚΕΙΟ ΙΕΡΙΣΣΟΣ ΧΑΛΚΙΔΙΚΗΣ - ΑΡΙΣΤΟΤΕΛΕΙΟ" }, "geometry": { "type": "Point", "coordinates": [ 23.874538, 40.39483 ] } },
{ "type": "Feature", "properties": { "fid": 1176, "mm_id": 1016545, "name": "1ο ΗΜΕΡΗΣΙΟ ΕΠΑΛ ΑΡΝΑΙΑΣ ΧΑΛΚΙΔΙΚΗΣ" }, "geometry": { "type": "Point", "coordinates": [ 23.598485, 40.48695 ] } },
{ "type": "Feature", "properties": { "fid": 1177, "mm_id": 1016546, "name": "1ο ΗΜΕΡΗΣΙΟ ΕΠΑΛ ΚΑΣΣΑΝΔΡΑΣ ΧΑΛΚΙΔΙΚΗΣ" }, "geometry": { "type": "Point", "coordinates": [ 23.4111, 40.046323 ] } },
{ "type": "Feature", "properties": { "fid": 1178, "mm_id": 1016547, "name": "1ο ΗΜΕΡΗΣΙΟ ΕΠΑΛ ΝΙΚΗΤΗΣ" }, "geometry": { "type": "Point", "coordinates": [ 23.691233, 40.212752 ] } },
{ "type": "Feature", "properties": { "fid": 1179, "mm_id": 1016541, "name": "1ο ΗΜΕΡΗΣΙΟ ΕΠΑΛ ΠΟΛΥΓΥΡΟΥ ΧΑΛΚΙΔΙΚΗΣ" }, "geometry": { "type": "Point", "coordinates": [ 23.439093, 40.381989 ] } },
{ "type": "Feature", "properties": { "fid": 1180, "mm_id": 1024720, "name": "ΑΘΩΝΙΑΣ ΕΚΚΛΗΣΙΑΣΤΙΚΗ ΑΚΑΔΗΜΙΑ ΠΡΟΤΥΠΟ ΕΚΚΛΗΣΙΑΣΤΙΚΟ ΓΥΜΝΑΣΙΟ\n - ΠΡΟΤΥΠΟ ΕΚΚΛΗΣΙΑΣΤΙΚΟ ΛΥΚΕΙΟ" }, "geometry": { "type": "Point", "coordinates": [ 24.244886, 40.261538 ] } },
{ "type": "Feature", "properties": { "fid": 1181, "mm_id": 1016557, "name": "ΓΕΝΙΚΟ ΛΥΚΕΙΟ ΣΥΚΙΑΣ ΧΑΛΚΙΔΙΚΗΣ" }, "geometry": { "type": "Point", "coordinates": [ 23.951347, 40.038595 ] } },
{ "type": "Feature", "properties": { "fid": 1182, "mm_id": 1026344, "name": "Ενιαίο Ειδικό Επαγγελματικό Γυμνάσιο-Λύκειο (ΕΝ.Ε.Ε.ΓΥ.-Λ.) Νέας Προποντίδας" }, "geometry": { "type": "Point", "coordinates": [ 23.295046, 40.283515 ] } },
{ "type": "Feature", "properties": { "fid": 1183, "mm_id": 1016550, "name": "ΕΣΠΕΡΙΝΟ ΓΕΝΙΚΟ ΛΥΚΕΙΟ ΠΟΛΥΓΥΡΟΥ" }, "geometry": { "type": "Point", "coordinates": [ 23.439216, 40.380135 ] } },
{ "type": "Feature", "properties": { "fid": 1184, "mm_id": 1024648, "name": "ΕΣΠΕΡΙΝΟ ΕΠΑΛ ΝΕΩΝ ΜΟΥΔΑΝΙΩΝ" }, "geometry": { "type": "Point", "coordinates": [ 23.28111, 40.243223 ] } },
{ "type": "Feature", "properties": { "fid": 1185, "mm_id": 1016551, "name": "ΗΜΕΡΗΣΙΟ ΓΕΝΙΚΟ ΛΥΚΕΙΟ ΑΓΙΟΥ ΝΙΚΟΛΑΟΥ ΧΑΛΚΙΔΙΚΗΣ" }, "geometry": { "type": "Point", "coordinates": [ 23.701479, 40.250094 ] } },
{ "type": "Feature", "properties": { "fid": 1186, "mm_id": 1016552, "name": "ΗΜΕΡΗΣΙΟ ΓΕΝΙΚΟ ΛΥΚΕΙΟ ΑΡΝΑΙΑΣ ΧΑΛΚΙΔΙΚΗΣ  «ΟΙΚΟΥΜΕΝΙΚΟΣ ΠΑΤΡΙΑΡΧΗΣ ΒΑΡΘΟΛΟΜΑΙΟΣ»" }, "geometry": { "type": "Point", "coordinates": [ 23.599061, 40.486475 ] } },
{ "type": "Feature", "properties": { "fid": 1187, "mm_id": 1016553, "name": "ΗΜΕΡΗΣΙΟ ΓΕΝΙΚΟ ΛΥΚΕΙΟ ΚΑΣΣΑΝΔΡΑΣ ΧΑΛΚΙΔΙΚΗΣ" }, "geometry": { "type": "Point", "coordinates": [ 23.418192, 40.051242 ] } },
{ "type": "Feature", "properties": { "fid": 1188, "mm_id": 1016555, "name": "ΗΜΕΡΗΣΙΟ ΓΕΝΙΚΟ ΛΥΚΕΙΟ Ν. ΜΟΥΔΑΝΙΩΝ ΧΑΛΚΙΔΙΚΗΣ" }, "geometry": { "type": "Point", "coordinates": [ 23.291804, 40.23818 ] } },
{ "type": "Feature", "properties": { "fid": 1189, "mm_id": 1016554, "name": "ΗΜΕΡΗΣΙΟ ΓΕΝΙΚΟ ΛΥΚΕΙΟ ΝΕΑΣ ΚΑΛΛΙΚΡΑΤΕΙΑΣ ΧΑΛΚΙΔΙΚΗΣ" }, "geometry": { "type": "Point", "coordinates": [ 23.060256, 40.31627 ] } },
{ "type": "Feature", "properties": { "fid": 1190, "mm_id": 1016559, "name": "ΗΜΕΡΗΣΙΟ ΓΕΝΙΚΟ ΛΥΚΕΙΟ ΝΕΑΣ ΤΡΙΓΛΙΑΣ ΧΑΛΚΙΔΙΚΗΣ" }, "geometry": { "type": "Point", "coordinates": [ 23.203276, 40.310715 ] } },
{ "type": "Feature", "properties": { "fid": 1191, "mm_id": 1025392, "name": "ΗΜΕΡΗΣΙΟ ΓΕΝΙΚΟ ΛΥΚΕΙΟ ΝΕΟΥ ΜΑΡΜΑΡΑ" }, "geometry": { "type": "Point", "coordinates": [ 23.786405, 40.095997 ] } },
{ "type": "Feature", "properties": { "fid": 1192, "mm_id": 1016558, "name": "ΗΜΕΡΗΣΙΟ ΓΕΝΙΚΟ ΛΥΚΕΙΟ ΟΡΜΥΛΙΑ ΧΑΛΚΙΔΙΚΗΣ" }, "geometry": { "type": "Point", "coordinates": [ 23.54242, 40.289863 ] } },
{ "type": "Feature", "properties": { "fid": 1193, "mm_id": 1025338, "name": "ΗΜΕΡΗΣΙΟ ΓΕΝΙΚΟ ΛΥΚΕΙΟ ΠΕΥΚΟΧΩΡΙΟΥ" }, "geometry": { "type": "Point", "coordinates": [ 23.614015, 39.988032 ] } },
{ "type": "Feature", "properties": { "fid": 1194, "mm_id": 1016549, "name": "ΗΜΕΡΗΣΙΟ ΓΕΝΙΚΟ ΛΥΚΕΙΟ ΠΟΛΥΓΥΡΟΥ ΧΑΛΚΙΔΙΚΗΣ" }, "geometry": { "type": "Point", "coordinates": [ 23.438795, 40.380205 ] } },
{ "type": "Feature", "properties": { "fid": 1195, "mm_id": 1016517, "name": "ΗΜΕΡΗΣΙΟ ΓΥΜΝΑΣΙΟ ΛΥΚΕΙΑΚΕΣ ΤΑΞΕΙΣ ΓΑΛΑΤΙΣΤΑΣ ΧΑΛΚΙΔΙΚΗΣ" }, "geometry": { "type": "Point", "coordinates": [ 23.281245, 40.467142 ] } },
{ "type": "Feature", "properties": { "fid": 1196, "mm_id": 1016533, "name": "ΗΜΕΡΗΣΙΟ ΓΥΜΝΑΣΙΟ-Λ.Τ. ΣΗΜΑΝΤΡΩΝ" }, "geometry": { "type": "Point", "coordinates": [ 23.310391, 40.342118 ] } },
{ "type": "Feature", "properties": { "fid": 1197, "mm_id": 1016543, "name": "ΗΜΕΡΗΣΙΟ ΕΠΑΛ ΝΕΩΝ ΜΟΥΔΑΝΙΩΝ ΧΑΛΚΙΔΙΚΗΣ" }, "geometry": { "type": "Point", "coordinates": [ 23.279059, 40.242374 ] } },
{ "type": "Feature", "properties": { "fid": 1198, "mm_id": 1015141, "name": "1ο ΗΜΕΡΗΣΙΟ ΓΕΝΙΚΟ ΛΥΚΕΙΟ ΑΛΕΞΑΝΔΡΕΙΑΣ ΗΜΑΘΙΑΣ" }, "geometry": { "type": "Point", "coordinates": [ 22.441164, 40.631587 ] } },
{ "type": "Feature", "properties": { "fid": 1199, "mm_id": 1015137, "name": "1ο ΗΜΕΡΗΣΙΟ ΓΕΝΙΚΟ ΛΥΚΕΙΟ ΒΕΡΟΙΑΣ" }, "geometry": { "type": "Point", "coordinates": [ 22.188442, 40.513521 ] } },
{ "type": "Feature", "properties": { "fid": 1200, "mm_id": 1015145, "name": "1ο ΗΜΕΡΗΣΙΟ ΓΕΝΙΚΟ ΛΥΚΕΙΟ ΝΑΟΥΣΑΣ" }, "geometry": { "type": "Point", "coordinates": [ 22.07363, 40.621775 ] } },
{ "type": "Feature", "properties": { "fid": 1201, "mm_id": 1015130, "name": "1ο ΗΜΕΡΗΣΙΟ ΕΠΑΛ ΑΛΕΞΑΝΔΡΕΙΑΣ" }, "geometry": { "type": "Point", "coordinates": [ 22.443757, 40.618945 ] } },
{ "type": "Feature", "properties": { "fid": 1202, "mm_id": 1015128, "name": "1ο ΗΜΕΡΗΣΙΟ ΕΠΑΛ ΒΕΡΟΙΑΣ" }, "geometry": { "type": "Point", "coordinates": [ 22.199812, 40.541943 ] } },
{ "type": "Feature", "properties": { "fid": 1203, "mm_id": 1015129, "name": "1ο ΗΜΕΡΗΣΙΟ ΕΠΑΛ ΝΑΟΥΣΑΣ" }, "geometry": { "type": "Point", "coordinates": [ 22.056846, 40.62532 ] } },
{ "type": "Feature", "properties": { "fid": 1204, "mm_id": 1015142, "name": "2ο ΗΜΕΡΗΣΙΟ ΓΕΝΙΚΟ ΛΥΚΕΙΟ ΑΛΕΞΑΝΔΡΕΙΑΣ ΗΜΑΘΙΑΣ" }, "geometry": { "type": "Point", "coordinates": [ 22.446282, 40.622318 ] } },
{ "type": "Feature", "properties": { "fid": 1205, "mm_id": 1015146, "name": "2ο ΗΜΕΡΗΣΙΟ ΓΕΝΙΚΟ ΛΥΚΕΙΟ ΝΑΟΥΣΑΣ" }, "geometry": { "type": "Point", "coordinates": [ 22.073539, 40.621971 ] } },
{ "type": "Feature", "properties": { "fid": 1206, "mm_id": 1015127, "name": "3ο ΕΣΠΕΡΙΝΟ ΕΠΑΛ ΒΕΡΟΙΑΣ" }, "geometry": { "type": "Point", "coordinates": [ 22.200713, 40.541755 ] } },
{ "type": "Feature", "properties": { "fid": 1207, "mm_id": 1018198, "name": "3ο ΗΜΕΡΗΣΙΟ ΓΕΝΙΚΟ ΛΥΚΕΙΟ ΒΕΡΟΙΑΣ" }, "geometry": { "type": "Point", "coordinates": [ 22.210091, 40.532319 ] } },
{ "type": "Feature", "properties": { "fid": 1208, "mm_id": 1015139, "name": "4ο ΗΜΕΡΗΣΙΟ ΓΕΝΙΚΟ ΛΥΚΕΙΟ ΒΕΡΟΙΑΣ" }, "geometry": { "type": "Point", "coordinates": [ 22.210316, 40.532645 ] } },
{ "type": "Feature", "properties": { "fid": 1209, "mm_id": 1015136, "name": "5ο ΗΜΕΡΗΣΙΟ ΓΕΝΙΚΟ ΛΥΚΕΙΟ ΒΕΡΟΙΑΣ" }, "geometry": { "type": "Point", "coordinates": [ 22.198521, 40.54266 ] } },
{ "type": "Feature", "properties": { "fid": 1210, "mm_id": 1015123, "name": "ΓΥΜΝΑΣΙΟ ΜΕ ΛΥΚΕΙΑΚΕΣ ΤΑΞΕΙΣ ΡΙΖΩΜΑΤΩΝ ΗΜΑΘΙΑΣ" }, "geometry": { "type": "Point", "coordinates": [ 22.208946, 40.351994 ] } },
{ "type": "Feature", "properties": { "fid": 1211, "mm_id": 1025100, "name": "ΕΝΙΑΙΟ ΕΙΔΙΚΟ ΕΠΑΓΓΕΛΜΑΤΙΚΟ ΓΥΜΝΑΣΙΟ - ΛΥΚΕΙΟ ΒΕΡΟΙΑΣ" }, "geometry": { "type": "Point", "coordinates": [ 22.199169, 40.543203 ] } },
{ "type": "Feature", "properties": { "fid": 1212, "mm_id": 1015140, "name": "ΕΣΠΕΡΙΝΟ ΓΕΝΙΚΟ ΛΥΚΕΙΟ ΒΕΡΟΙΑΣ" }, "geometry": { "type": "Point", "coordinates": [ 22.20871, 40.522107 ] } },
{ "type": "Feature", "properties": { "fid": 1213, "mm_id": 1017850, "name": "ΗΜΕΡΗΣΙΟ ΓΕΝΙΚΟ ΛΥΚΕΙΟ ΜΑΚΡΟΧΩΡΙΟΥ ΗΜΑΘΙΑΣ" }, "geometry": { "type": "Point", "coordinates": [ 22.249717, 40.552204 ] } },
{ "type": "Feature", "properties": { "fid": 1214, "mm_id": 1015147, "name": "ΗΜΕΡΗΣΙΟ ΓΕΝΙΚΟ ΛΥΚΕΙΟ ΜΕΛΙΚΗΣ ΗΜΑΘΙΑΣ" }, "geometry": { "type": "Point", "coordinates": [ 22.400246, 40.522203 ] } },
{ "type": "Feature", "properties": { "fid": 1215, "mm_id": 1015143, "name": "ΗΜΕΡΗΣΙΟ ΓΕΝΙΚΟ ΛΥΚΕΙΟ ΠΛΑΤΕΟΣ-ΚΟΡΥΦΗΣ ΗΜΑΘΙΑΣ" }, "geometry": { "type": "Point", "coordinates": [ 22.497706, 40.605925 ] } },
{ "type": "Feature", "properties": { "fid": 1216, "mm_id": 1015122, "name": "ΗΜΕΡΗΣΙΟ ΓΥΜΝΑΣΙΟ ΕΙΡΗΝΟΥΠΟΛΗΣ - ΛΥΚΕΙΑΚΕΣ ΤΑΞΕΙΣ" }, "geometry": { "type": "Point", "coordinates": [ 22.200846, 40.671753 ] } },
{ "type": "Feature", "properties": { "fid": 1217, "mm_id": 1015109, "name": "ΜΟΥΣΙΚΟ ΣΧΟΛΕΙΟ ΒΕΡΟΙΑΣ" }, "geometry": { "type": "Point", "coordinates": [ 22.238867, 40.496121 ] } },
{ "type": "Feature", "properties": { "fid": 1218, "mm_id": 1018929, "name": "1ο ΗΜΕΡΗΣΙΟ ΓΕΝΙΚΟ ΛΥΚΕΙΟ ΓΙΑΝΝΙΤΣΩΝ" }, "geometry": { "type": "Point", "coordinates": [ 22.416389, 40.790443 ] } },
{ "type": "Feature", "properties": { "fid": 1219, "mm_id": 1016105, "name": "1ο ΗΜΕΡΗΣΙΟ ΓΕΝΙΚΟ ΛΥΚΕΙΟ ΕΔΕΣΣΑΣ \"ΝΙΚΟΛΑΟΣ ΟΙΚΟΝΟΜΙΔΗΣ\"" }, "geometry": { "type": "Point", "coordinates": [ 22.045244, 40.794875 ] } },
{ "type": "Feature", "properties": { "fid": 1220, "mm_id": 1016094, "name": "1ο ΗΜΕΡΗΣΙΟ ΕΠΑΛ ΑΡΙΔΑΙΑΣ \"ΝΙΚΑΝΔΡΟΣ ΠΑΠΑΪΩΑΝΝΟΥ\"" }, "geometry": { "type": "Point", "coordinates": [ 22.065892, 40.975815 ] } },
{ "type": "Feature", "properties": { "fid": 1221, "mm_id": 1016091, "name": "1ο ΗΜΕΡΗΣΙΟ ΕΠΑΛ ΓΙΑΝΝΙΤΣΩΝ" }, "geometry": { "type": "Point", "coordinates": [ 22.418747, 40.809574 ] } },
{ "type": "Feature", "properties": { "fid": 1222, "mm_id": 1016090, "name": "1ο ΗΜΕΡΗΣΙΟ ΕΠΑΛ ΕΔΕΣΣΑΣ" }, "geometry": { "type": "Point", "coordinates": [ 22.040091, 40.805283 ] } },
{ "type": "Feature", "properties": { "fid": 1223, "mm_id": 1016107, "name": "2ο ΗΜΕΡΗΣΙΟ ΓΕΝΙΚΟ ΛΥΚΕΙΟ ΓΙΑΝΝΙΤΣΩΝ \"ΑΝΝΑ ΚΟΜΝΗΝΗ\"" }, "geometry": { "type": "Point", "coordinates": [ 22.40328, 40.784298 ] } },
{ "type": "Feature", "properties": { "fid": 1224, "mm_id": 1016102, "name": "2ο ΗΜΕΡΗΣΙΟ ΓΕΝΙΚΟ ΛΥΚΕΙΟ ΕΔΕΣΣΑΣ \"ΠΑΥΛΟΣ ΧΑΡΤΟΜΑΖΙΔΗΣ\"" }, "geometry": { "type": "Point", "coordinates": [ 22.042369, 40.805291 ] } },
{ "type": "Feature", "properties": { "fid": 1225, "mm_id": 1016092, "name": "2ο ΗΜΕΡΗΣΙΟ ΕΠΑΛ ΓΙΑΝΝΙΤΣΩΝ" }, "geometry": { "type": "Point", "coordinates": [ 22.417967, 40.810001 ] } },
{ "type": "Feature", "properties": { "fid": 1226, "mm_id": 1016103, "name": "3ο ΗΜΕΡΗΣΙΟ ΓΕΝΙΚΟ ΛΥΚΕΙΟ ΓΙΑΝΝΙΤΣΩΝ \"ΑΙΚΑΤΕΡΙΝΗ ΒΑΡΕΛΑ\"" }, "geometry": { "type": "Point", "coordinates": [ 22.417347, 40.810023 ] } },
{ "type": "Feature", "properties": { "fid": 1227, "mm_id": 1016104, "name": "ΓΕΝΙΚΟ ΛΥΚΕΙΟ ΚΡΥΑΣ ΒΡΥΣΗΣ \"ΓΕΩΡΓΙΟΣ ΤΡΑΠΕΖΑΝΛΙΔΗΣ\"" }, "geometry": { "type": "Point", "coordinates": [ 22.300969, 40.692625 ] } },
{ "type": "Feature", "properties": { "fid": 1228, "mm_id": 1025277, "name": "ΕΝΕΕΓΥΛ ΣΚΥΔΡΑΣ" }, "geometry": { "type": "Point", "coordinates": [ 22.207239, 40.83266 ] } },
{ "type": "Feature", "properties": { "fid": 1229, "mm_id": 1016100, "name": "ΕΣΠΕΡΙΝΟ ΕΠΑΛ ΑΡΙΔΑΙΑΣ" }, "geometry": { "type": "Point", "coordinates": [ 22.064976, 40.97601 ] } },
{ "type": "Feature", "properties": { "fid": 1230, "mm_id": 1016093, "name": "ΕΣΠΕΡΙΝΟ ΕΠΑΛ ΓΙΑΝΝΙΤΣΩΝ" }, "geometry": { "type": "Point", "coordinates": [ 22.418771, 40.810016 ] } },
{ "type": "Feature", "properties": { "fid": 1231, "mm_id": 1027199, "name": "ΕΣΠΕΡΙΝΟ ΕΠΑΛ ΕΔΕΣΣΑΣ" }, "geometry": { "type": "Point", "coordinates": [ 22.042329, 40.805993 ] } },
{ "type": "Feature", "properties": { "fid": 1232, "mm_id": 1016108, "name": "ΗΜΕΡΗΣΙΟ ΓΕΝΙΚΟ ΛΥΚΕΙΟ ΑΞΟΥ" }, "geometry": { "type": "Point", "coordinates": [ 22.365365, 40.800803 ] } },
{ "type": "Feature", "properties": { "fid": 1233, "mm_id": 1016106, "name": "ΗΜΕΡΗΣΙΟ ΓΕΝΙΚΟ ΛΥΚΕΙΟ ΑΡΙΔΑΙΑΣ" }, "geometry": { "type": "Point", "coordinates": [ 22.066011, 40.975264 ] } },
{ "type": "Feature", "properties": { "fid": 1234, "mm_id": 1016109, "name": "ΗΜΕΡΗΣΙΟ ΓΕΝΙΚΟ ΛΥΚΕΙΟ ΕΞΑΠΛΑΤΑΝΟΥ \"ΜΕΝΕΛΑΟΣ ΛΟΥΝΤΕΜΗΣ\"" }, "geometry": { "type": "Point", "coordinates": [ 22.135035, 40.975292 ] } },
{ "type": "Feature", "properties": { "fid": 1235, "mm_id": 1016111, "name": "ΗΜΕΡΗΣΙΟ ΓΕΝΙΚΟ ΛΥΚΕΙΟ ΚΑΛΗΣ" }, "geometry": { "type": "Point", "coordinates": [ 22.180367, 40.823506 ] } },
{ "type": "Feature", "properties": { "fid": 1236, "mm_id": 1016110, "name": "ΗΜΕΡΗΣΙΟ ΓΕΝΙΚΟ ΛΥΚΕΙΟ ΣΚΥΔΡΑΣ  ''ΓΕΩΡΓΙΟΣ ΔΗΜΟΥ''" }, "geometry": { "type": "Point", "coordinates": [ 22.161839, 40.76836 ] } },
{ "type": "Feature", "properties": { "fid": 1237, "mm_id": 1016083, "name": "ΗΜΕΡΗΣΙΟ ΓΥΜΝΑΣΙΟ Λ.Τ. ΑΡΝΙΣΣΑΣ \"ΟΙΚΟΥΜΕΝΙΚΟΣ ΠΑΤΡΙΑΡΧΗΣ ΧΡΥΣΑΝΘΟΣ\"" }, "geometry": { "type": "Point", "coordinates": [ 21.835567, 40.796516 ] } },
{ "type": "Feature", "properties": { "fid": 1238, "mm_id": 1016068, "name": "ΜΟΥΣΙΚΟ ΣΧΟΛΕΙΟ ΓΙΑΝΝΙΤΣΩΝ" }, "geometry": { "type": "Point", "coordinates": [ 22.401853, 40.782868 ] } },
{ "type": "Feature", "properties": { "fid": 1239, "mm_id": 1026980, "name": "ΠΡΟΤΥΠΟ ΕΠΑΛ ΚΡΥΑΣ ΒΡΥΣΗΣ" }, "geometry": { "type": "Point", "coordinates": [ 22.30086, 40.692133 ] } },
{ "type": "Feature", "properties": { "fid": 1240, "mm_id": 1015606, "name": "1ο ΗΜΕΡΗΣΙΟ ΓΕΝΙΚΟ ΛΥΚΕΙΟ ΑΞΙΟΥΠΟΛΗΣ ΚΙΛΚΙΣ" }, "geometry": { "type": "Point", "coordinates": [ 22.536252, 40.986521 ] } },
{ "type": "Feature", "properties": { "fid": 1241, "mm_id": 1015602, "name": "1ο ΗΜΕΡΗΣΙΟ ΓΕΝΙΚΟ ΛΥΚΕΙΟ ΚΙΛΚΙΣ" }, "geometry": { "type": "Point", "coordinates": [ 22.883583, 40.990663 ] } },
{ "type": "Feature", "properties": { "fid": 1242, "mm_id": 1015600, "name": "1ο ΗΜΕΡΗΣΙΟ ΕΠΑΛ ΑΞΙΟΥΠΟΛΗΣ ΚΙΛΚΙΣ" }, "geometry": { "type": "Point", "coordinates": [ 22.549693, 40.99018 ] } },
{ "type": "Feature", "properties": { "fid": 1243, "mm_id": 1015598, "name": "1ο ΗΜΕΡΗΣΙΟ ΕΠΑΛ ΚΙΛΚΙΣ" }, "geometry": { "type": "Point", "coordinates": [ 22.884165, 40.990481 ] } },
{ "type": "Feature", "properties": { "fid": 1244, "mm_id": 1015599, "name": "2ο ΗΜΕΡΗΣΙΟ ΕΠΑΛ ΚΙΛΚΙΣ" }, "geometry": { "type": "Point", "coordinates": [ 22.864783, 40.998369 ] } },
{ "type": "Feature", "properties": { "fid": 1245, "mm_id": 1015604, "name": "2ο ΠΕΙΡΑΜΑΤΙΚΟ ΗΜΕΡΗΣΙΟ ΓΕΝΙΚΟ ΛΥΚΕΙΟ ΚΙΛΚΙΣ" }, "geometry": { "type": "Point", "coordinates": [ 22.87959, 40.997212 ] } },
{ "type": "Feature", "properties": { "fid": 1246, "mm_id": 1026658, "name": "ΕΝΙΑΙΟ ΕΙΔΙΚΟ ΕΠΑΓΓΕΛΜΑΤΙΚΟ ΓΥΜΝΑΣΙΟ-ΛΥΚΕΙΟ (ΕΝ.Ε.Ε.ΓΥ.-Λ.) ΚΙΛΚΙΣ" }, "geometry": { "type": "Point", "coordinates": [ 22.885853, 40.991391 ] } },
{ "type": "Feature", "properties": { "fid": 1247, "mm_id": 1015605, "name": "ΕΣΠΕΡΙΝΟ ΓΕΝΙΚΟ ΛΥΚΕΙΟ ΚΙΛΚΙΣ" }, "geometry": { "type": "Point", "coordinates": [ 22.884127, 40.990516 ] } },
{ "type": "Feature", "properties": { "fid": 1248, "mm_id": 1026974, "name": "Εσπερινό ΕΠΑ.Λ. Κιλκίς" }, "geometry": { "type": "Point", "coordinates": [ 22.883691, 40.990725 ] } },
{ "type": "Feature", "properties": { "fid": 1249, "mm_id": 1015607, "name": "ΗΜΕΡΗΣΙΟ ΓΕΝΙΚΟ ΛΥΚΕΙΟ ΓΟΥΜΕΝΙΣΣΑΣ" }, "geometry": { "type": "Point", "coordinates": [ 22.449239, 40.950343 ] } },
{ "type": "Feature", "properties": { "fid": 1250, "mm_id": 1015611, "name": "ΗΜΕΡΗΣΙΟ ΓΕΝΙΚΟ ΛΥΚΕΙΟ ΕΥΡΩΠΟΥ - \"ΣΕΛΕΥΚΟΣ Α'\"" }, "geometry": { "type": "Point", "coordinates": [ 22.548527, 40.894771 ] } },
{ "type": "Feature", "properties": { "fid": 1251, "mm_id": 1015613, "name": "ΗΜΕΡΗΣΙΟ ΓΕΝΙΚΟ ΛΥΚΕΙΟ ΚΑΜΠΑΝΗ" }, "geometry": { "type": "Point", "coordinates": [ 22.917014, 40.896494 ] } },
{ "type": "Feature", "properties": { "fid": 1252, "mm_id": 1015612, "name": "ΗΜΕΡΗΣΙΟ ΓΕΝΙΚΟ ΛΥΚΕΙΟ ΝΕΟΥ ΑΓΙΟΝΕΡΙΟΥ" }, "geometry": { "type": "Point", "coordinates": [ 22.707938, 40.812888 ] } },
{ "type": "Feature", "properties": { "fid": 1253, "mm_id": 1015610, "name": "ΗΜΕΡΗΣΙΟ ΓΕΝΙΚΟ ΛΥΚΕΙΟ ΠΟΛΥΚΑΣΤΡΟΥ ΚΙΛΚΙΣ" }, "geometry": { "type": "Point", "coordinates": [ 22.573751, 41.00293 ] } },
{ "type": "Feature", "properties": { "fid": 1254, "mm_id": 1015609, "name": "ΗΜΕΡΗΣΙΟ ΓΕΝΙΚΟ ΛΥΚΕΙΟ Σ.Σ. ΜΟΥΡΙΩΝ ΚΙΛΚΙΣ - Σ.Σ. ΜΟΥΡΙΩΝ" }, "geometry": { "type": "Point", "coordinates": [ 22.840406, 41.263114 ] } },
{ "type": "Feature", "properties": { "fid": 1255, "mm_id": 1015608, "name": "ΗΜΕΡΗΣΙΟ ΓΕΝΙΚΟ ΛΥΚΕΙΟ ΧΕΡΣΟ ΚΙΛΚΙΣ" }, "geometry": { "type": "Point", "coordinates": [ 22.780241, 41.088624 ] } },
{ "type": "Feature", "properties": { "fid": 1256, "mm_id": 1016307, "name": "ΕΠΑΛ ΝΕΑΣ ΖΙΧΝΗΣ ΣΕΡΡΩΝ" }, "geometry": { "type": "Point", "coordinates": [ 23.829441, 41.028042 ] } },
{ "type": "Feature", "properties": { "fid": 1257, "mm_id": 1015138, "name": "2ο ΗΜΕΡΗΣΙΟ ΓΕΝΙΚΟ ΛΥΚΕΙΟ ΒΕΡΟΙΑΣ" }, "geometry": { "type": "Point", "coordinates": [ 22.195185, 40.509232 ] } }
]
}
