{
"type": "FeatureCollection",
"name": "gymnasia_locations",
"crs": { "type": "name", "properties": { "name": "urn:ogc:def:crs:OGC:1.3:CRS84" } },
"features": [
{ "type": "Feature", "properties": { "fid": 1, "mm_id": 1014874, "name": "1ο ΗΜΕΡΗΣΙΟ ΓΥΜΝΑΣΙΟ ΓΡΕΒΕΝΩΝ", "name_en": "1st DAY GYMNASIUM GREVENON" }, "geometry": { "type": "Point", "coordinates": [ 21.425098, 40.080635 ] } },
{ "type": "Feature", "properties": { "fid": 2, "mm_id": 1014875, "name": "2ο ΗΜΕΡΗΣΙΟ ΓΥΜΝΑΣΙΟ ΓΡΕΒΕΝΩΝ", "name_en": "2nd DAY GYMNASIUM GREVENON" }, "geometry": { "type": "Point", "coordinates": [ 21.435431, 40.084594 ] } },
{ "type": "Feature", "properties": { "fid": 3, "mm_id": 1014877, "name": "ΓΥΜΝΑΣΙΟ ΔΕΣΚΑΤΗΣ", "name_en": "GYMNASIUM DESKATIS" }, "geometry": { "type": "Point", "coordinates": [ 21.811506, 39.921968 ] } },
{ "type": "Feature", "properties": { "fid": 4, "mm_id": 1025479, "name": "ΕΣΠΕΡΙΝΟ ΓΥΜΝΑΣΙΟ ΓΡΕΒΕΝΩΝ", "name_en": "EVENING GYMNASIUM GREVENON" }, "geometry": { "type": "Point", "coordinates": [ 21.43549, 40.084668 ] } },
{ "type": "Feature", "properties": { "fid": 5, "mm_id": 1014878, "name": "ΗΜΕΡΗΣΙΟ ΓΥΜΝΑΣΙΟ ΚΑΡΠΕΡΟΥ ΓΡΕΒΕΝΩΝ", "name_en": "DAY GYMNASIUM KARPEROU GREVENON" }, "geometry": { "type": "Point", "coordinates": [ 21.61859, 39.94827 ] } },
{ "type": "Feature", "properties": { "fid": 6, "mm_id": 1001057, "name": "ΓΥΜΝΑΣΙΟ ΙΘΑΚΗΣ", "name_en": "GYMNASIUM ITHAKIS" }, "geometry": { "type": "Point", "coordinates": [ 20.721512, 38.36263 ] } },
{ "type": "Feature", "properties": { "fid": 7, "mm_id": 1013035, "name": "ΗΜΕΡΗΣΙΟ ΓΥΜΝΑΣΙΟ ΑΓΙΟΥ ΚΗΡΥΚΟΥ ΙΚΑΡΙΑΣ ΣΑΜΟΥ", "name_en": "DAY GYMNASIUM AGIOU KIRYKOU IKARIAS SAMOU" }, "geometry": { "type": "Point", "coordinates": [ 26.287138, 37.612129 ] } },
{ "type": "Feature", "properties": { "fid": 8, "mm_id": 1014293, "name": "ΗΜΕΡΗΣΙΟ ΓΥΜΝΑΣΙΟ ΕΥΔΗΛΟΥ ΙΚΑΡΙΑΣ", "name_en": "DAY GYMNASIUM EYDILOU IKARIAS" }, "geometry": { "type": "Point", "coordinates": [ 26.178978, 37.62894 ] } },
{ "type": "Feature", "properties": { "fid": 9, "mm_id": 1001242, "name": "ΗΜΕΡΗΣΙΟ ΓΥΜΝΑΣΙΟ ΚΑΙ ΛΥΚΕΙΑΚΕΣ ΤΑΞΕΙΣ ΡΑΧΩΝ ΙΚΑΡΙΑΣ", "name_en": "DAY GYMNASIUM KAI L.C. RACHON IKARIAS" }, "geometry": { "type": "Point", "coordinates": [ 26.076385, 37.599083 ] } },
{ "type": "Feature", "properties": { "fid": 10, "mm_id": 1001240, "name": "ΗΜΕΡΗΣΙΟ ΓΥΜΝΑΣΙΟ ΜΕ ΛΥΚΕΙΑΚΕΣ ΤΑΞΕΙΣ ΦΟΥΡΝΩΝ", "name_en": "DAY GYMNASIUM WITH L.C. FOURNON" }, "geometry": { "type": "Point", "coordinates": [ 26.482243, 37.576579 ] } },
{ "type": "Feature", "properties": { "fid": 11, "mm_id": 1001122, "name": "ΓΥΜΝΑΣΙΟ με Λ.Τ. ΣΕΡΙΦΟΥ", "name_en": "GYMNASIUM with L.C. SERIFOU" }, "geometry": { "type": "Point", "coordinates": [ 24.514538, 37.141507 ] } },
{ "type": "Feature", "properties": { "fid": 12, "mm_id": 1001094, "name": "ΓΥΜΝΑΣΙΟ ΜΕ ΛΥΚΕΙΑΚΕΣ ΤΑΞΕΙΣ ΚΙΜΩΛΟΥ", "name_en": "GYMNASIUM WITH L.C. KIMOLOU" }, "geometry": { "type": "Point", "coordinates": [ 24.573895, 36.791196 ] } },
{ "type": "Feature", "properties": { "fid": 13, "mm_id": 1018907, "name": "ΓΥΜΝΑΣΙΟ ΜΕ ΛΥΚΕΙΑΚΕΣ ΤΑΞΕΙΣ ΣΙΦΝΟΥ - \"ΝΙΚΟΛΑΟΣ Γ. ΠΡΟΜΠΟΝΑΣ\"", "name_en": "GYMNASIUM WITH L.C. SIFNOU - \"NIKOLAOS G. PROMPONAS\"" }, "geometry": { "type": "Point", "coordinates": [ 24.723982, 36.970013 ] } },
{ "type": "Feature", "properties": { "fid": 14, "mm_id": 1001090, "name": "ΓΥΜΝΑΣΙΟ ΜΗΛΟΥ", "name_en": "GYMNASIUM MILOU" }, "geometry": { "type": "Point", "coordinates": [ 24.425926, 36.743335 ] } },
{ "type": "Feature", "properties": { "fid": 15, "mm_id": 1014516, "name": "1ο ΓΥΜΝΑΣΙΟ ΑΡΓΟΥΣ - ΜΠΟΥΣΟΥΛΟΠΟΥΛΕΙΟ", "name_en": "1st GYMNASIUM ARGOUS - MPOUSOULOPOULEIO" }, "geometry": { "type": "Point", "coordinates": [ 22.727034, 37.632516 ] } },
{ "type": "Feature", "properties": { "fid": 16, "mm_id": 1014512, "name": "1ο ΗΜΕΡΗΣΙΟ ΓΥΜΝΑΣΙΟ ΝΑΥΠΛΙΟΥ ΑΡΓΟΛΙΔΑΣ", "name_en": "1st DAY GYMNASIUM NAYPLIOU ARGOLIDAS" }, "geometry": { "type": "Point", "coordinates": [ 22.803683, 37.570089 ] } },
{ "type": "Feature", "properties": { "fid": 17, "mm_id": 1014518, "name": "2ο ΗΜΕΡΗΣΙΟ ΓΥΜΝΑΣΙΟ ΑΡΓΟΥΣ ΑΡΓΟΛΙΔΑΣ", "name_en": "2nd DAY GYMNASIUM ARGOUS ARGOLIDAS" }, "geometry": { "type": "Point", "coordinates": [ 22.73073, 37.642435 ] } },
{ "type": "Feature", "properties": { "fid": 18, "mm_id": 1014513, "name": "2ο ΗΜΕΡΗΣΙΟ ΓΥΜΝΑΣΙΟ ΝΑΥΠΛΙΟΥ ΑΡΓΟΛΙΔΑΣ", "name_en": "2nd DAY GYMNASIUM NAYPLIOU ARGOLIDAS" }, "geometry": { "type": "Point", "coordinates": [ 22.80405, 37.570736 ] } },
{ "type": "Feature", "properties": { "fid": 19, "mm_id": 1014519, "name": "3ο ΗΜΕΡΗΣΙΟ ΓΥΜΝΑΣΙΟ ΑΡΓΟΥΣ ΑΡΓΟΛΙΔΑΣ", "name_en": "3rd DAY GYMNASIUM ARGOUS ARGOLIDAS" }, "geometry": { "type": "Point", "coordinates": [ 22.731417, 37.642129 ] } },
{ "type": "Feature", "properties": { "fid": 20, "mm_id": 1014520, "name": "4ο ΗΜΕΡΗΣΙΟ ΓΥΜΝΑΣΙΟ ΑΡΓΟΥΣ ΑΡΓΟΛΙΔΑΣ - ΠΟΛΥΚΛΕΙΤΕΙΟ ΓΥΜΝΑΣΙΟ ΑΡΓΟΥΣ", "name_en": "4th DAY GYMNASIUM ARGOUS ARGOLIDAS - POLYKLEITEIO GYMNASIUM ARGOUS" }, "geometry": { "type": "Point", "coordinates": [ 22.723833, 37.635678 ] } },
{ "type": "Feature", "properties": { "fid": 21, "mm_id": 1014522, "name": "ΓΥΜΝΑΣΙΟ ΑΓΙΑΣ ΤΡΙΑΔΑΣ ΑΡΓΟΛΙΔΑΣ", "name_en": "GYMNASIUM AGIAS TRIADAS ARGOLIDAS" }, "geometry": { "type": "Point", "coordinates": [ 22.81289, 37.640719 ] } },
{ "type": "Feature", "properties": { "fid": 22, "mm_id": 1014525, "name": "ΓΥΜΝΑΣΙΟ ΕΡΜΙΟΝΗΣ", "name_en": "GYMNASIUM ERMIONIS" }, "geometry": { "type": "Point", "coordinates": [ 23.239098, 37.390155 ] } },
{ "type": "Feature", "properties": { "fid": 23, "mm_id": 1014530, "name": "ΕΝΙΑΙΟ ΕΙΔΙΚΟ ΕΠΑΓΓΕΛΜΑΤΙΚΟ ΓΥΜΝΑΣΙΟ - ΛΥΚΕΙΟ ΑΡΓΟΛΙΔΑΣ", "name_en": "UNIFIED SPECIAL VOCATIONAL GYMNASIUM - LYCEUM ARGOLIDAS" }, "geometry": { "type": "Point", "coordinates": [ 22.862686, 37.556242 ] } },
{ "type": "Feature", "properties": { "fid": 24, "mm_id": 1014514, "name": "ΗΜΕΡΗΣΙΟ ΓΥΜΝΑΣΙΟ ΔΡΕΠΑΝΟ ΑΡΓΟΛΙΔΑΣ", "name_en": "DAY GYMNASIUM DREPANO ARGOLIDAS" }, "geometry": { "type": "Point", "coordinates": [ 22.895118, 37.536692 ] } },
{ "type": "Feature", "properties": { "fid": 25, "mm_id": 1018567, "name": "ΗΜΕΡΗΣΙΟ ΓΥΜΝΑΣΙΟ ΚΟΥΤΣΟΠΟΔΙ ΑΡΓΟΛΙΔΑΣ", "name_en": "DAY GYMNASIUM KOUTSOPODI ARGOLIDAS" }, "geometry": { "type": "Point", "coordinates": [ 22.698781, 37.692691 ] } },
{ "type": "Feature", "properties": { "fid": 26, "mm_id": 1014524, "name": "ΗΜΕΡΗΣΙΟ ΓΥΜΝΑΣΙΟ ΚΡΑΝΙΔΙΟΥ ΑΡΓΟΛΙΔΑΣ", "name_en": "DAY GYMNASIUM KRANIDIOU ARGOLIDAS" }, "geometry": { "type": "Point", "coordinates": [ 23.161819, 37.373873 ] } },
{ "type": "Feature", "properties": { "fid": 27, "mm_id": 1018782, "name": "ΗΜΕΡΗΣΙΟ ΓΥΜΝΑΣΙΟ ΛΥΓΟΥΡΙΟΥ", "name_en": "DAY GYMNASIUM LYGOURIOU" }, "geometry": { "type": "Point", "coordinates": [ 23.045809, 37.613275 ] } },
{ "type": "Feature", "properties": { "fid": 28, "mm_id": 1014529, "name": "ΗΜΕΡΗΣΙΟ ΓΥΜΝΑΣΙΟ ΝΕΑΣ ΚΙΟΥ ΑΡΓΟΛΙΔΑΣ", "name_en": "DAY GYMNASIUM NEAS KIOU ARGOLIDAS" }, "geometry": { "type": "Point", "coordinates": [ 22.743658, 37.591108 ] } },
{ "type": "Feature", "properties": { "fid": 29, "mm_id": 1021000, "name": "ΙΔΙΩΤΙΚΟ ΓΥΜΝΑΣΙΟ ΑΥΤΕΝΕΡΓΩ", "name_en": "PRIVATE GYMNASIUM AYTENERGO" }, "geometry": { "type": "Point", "coordinates": [ 22.724061, 37.615098 ] } },
{ "type": "Feature", "properties": { "fid": 30, "mm_id": 1020999, "name": "ΙΔΙΩΤΙΚΟ ΗΜΕΡΗΣΙΟ ΓΥΜΝΑΣΙΟ \" ΝΕΟ ΣΧΟΛΕΙΟ\"", "name_en": "PRIVATE DAY GYMNASIUM \" NEO SCHOLEIO\"" }, "geometry": { "type": "Point", "coordinates": [ 22.758199, 37.618697 ] } },
{ "type": "Feature", "properties": { "fid": 31, "mm_id": 1026822, "name": "ΚΑΛΛΙΤΕΧΝΙΚΟ ΓΥΜΝΑΣΙΟ ΑΡΓΟΛΙΔΑΣ", "name_en": "ART GYMNASIUM ARGOLIDAS" }, "geometry": { "type": "Point", "coordinates": [ 22.836996, 37.711342 ] } },
{ "type": "Feature", "properties": { "fid": 32, "mm_id": 1014517, "name": "ΜΟΥΣΙΚΟ ΓΥΜΝΑΣΙΟ ΠΡΟΣΥΜΝΗ - ΜΟΥΣΙΚΟ ΣΧΟΛΕΙΟ ΑΡΓΟΛΙΔΑΣ", "name_en": "MUSIC GYMNASIUM PROSYMNI - MUSIC SCHOLEIO ARGOLIDAS" }, "geometry": { "type": "Point", "coordinates": [ 22.833284, 37.712208 ] } },
{ "type": "Feature", "properties": { "fid": 33, "mm_id": 1000768, "name": "1ο ΗΜΕΡΗΣΙΟ ΓΥΜΝΑΣΙΟ ΚΑΛΥΜΝΟΥ -  ΝΙΚΗΦΟΡΕΙΟ", "name_en": "1st DAY GYMNASIUM KALYMNOU -  NIKIFOREIO" }, "geometry": { "type": "Point", "coordinates": [ 26.970926, 36.957184 ] } },
{ "type": "Feature", "properties": { "fid": 34, "mm_id": 1000780, "name": "1ο ΗΜΕΡΗΣΙΟ ΓΥΜΝΑΣΙΟ ΛΕΡΟΥ - ΜΠΕΛΛΕΝΕΙΟ", "name_en": "1st DAY GYMNASIUM LEROU - MPELLENEIO" }, "geometry": { "type": "Point", "coordinates": [ 26.85518, 37.154032 ] } },
{ "type": "Feature", "properties": { "fid": 35, "mm_id": 1000782, "name": "2ο ΓΥΜΝΑΣΙΟ ΛΕΡΟΥ - «ΑΠΟΣΤΟΛΟΣ ΚΑΙ ΕΛΕΥΘΕΡΙΟΣ ΕΥΑΓΓΕΛΟΥ»", "name_en": "2nd GYMNASIUM LEROU - «APOSTOLOS KAI ELEYTHERIOS EYAGGELOU»" }, "geometry": { "type": "Point", "coordinates": [ 26.852943, 37.132171 ] } },
{ "type": "Feature", "properties": { "fid": 36, "mm_id": 1012027, "name": "2ο ΗΜΕΡΗΣΙΟ ΓΥΜΝΑΣΙΟ ΚΑΛΥΜΝΟΥ", "name_en": "2nd DAY GYMNASIUM KALYMNOU" }, "geometry": { "type": "Point", "coordinates": [ 26.978247, 36.956781 ] } },
{ "type": "Feature", "properties": { "fid": 37, "mm_id": 1011975, "name": "3ο ΗΜΕΡΗΣΙΟ ΓΥΜΝΑΣΙΟ ΚΑΛΥΜΝΟΣ", "name_en": "3rd DAY GYMNASIUM KALYMNOS" }, "geometry": { "type": "Point", "coordinates": [ 26.961696, 36.964168 ] } },
{ "type": "Feature", "properties": { "fid": 38, "mm_id": 1000792, "name": "ΕΣΠΕΡΙΝΟ ΓΥΜΝΑΣΙΟ - ΛΥΚΕΙΑΚΕΣ ΤΑΞΕΙΣ ΚΑΛΥΜΝΟΥ", "name_en": "EVENING GYMNASIUM - L.C. KALYMNOU" }, "geometry": { "type": "Point", "coordinates": [ 26.977172, 36.95458 ] } },
{ "type": "Feature", "properties": { "fid": 39, "mm_id": 1014374, "name": "ΕΣΠΕΡΙΝΟ ΓΥΜΝΑΣΙΟ ΛΥΚΕΙΑΚΕΣ ΤΑΞΕΙΣ ΛΕΡΟΥ", "name_en": "EVENING GYMNASIUM L.C. LEROU" }, "geometry": { "type": "Point", "coordinates": [ 26.855255, 37.154049 ] } },
{ "type": "Feature", "properties": { "fid": 40, "mm_id": 1027048, "name": "ΕΣΠΕΡΙΝΟ ΓΥΜΝΑΣΙΟ ΜΕ ΛΥΚΕΙΑΚΕΣ ΤΑΞΕΙΣ ΑΣΤΥΠΑΛΑΙΑΣ", "name_en": "EVENING GYMNASIUM WITH L.C. ASTYPALAIAS" }, "geometry": { "type": "Point", "coordinates": [ 26.354107, 36.550219 ] } },
{ "type": "Feature", "properties": { "fid": 41, "mm_id": 1012029, "name": "ΗΜΕΡΗΣΙΟ ΓΥΜΝΑΣΙΟ Λ.Τ. ΑΓΑΘΟΝΗΣΙΟΥ", "name_en": "DAY GYMNASIUM L.C. AGATHONISIOU" }, "geometry": { "type": "Point", "coordinates": [ 26.971393, 37.458903 ] } },
{ "type": "Feature", "properties": { "fid": 42, "mm_id": 1000770, "name": "ΗΜΕΡΗΣΙΟ ΓΥΜΝΑΣΙΟ ΛΕΙΨΩΝ - ΓΥΜΝΑΣΙΟ Λ.Τ ΛΕΙΨΩΝ", "name_en": "DAY GYMNASIUM LEIPSON - GYMNASIUM L.T LEIPSON" }, "geometry": { "type": "Point", "coordinates": [ 26.773128, 37.297405 ] } },
{ "type": "Feature", "properties": { "fid": 43, "mm_id": 1000788, "name": "ΗΜΕΡΗΣΙΟ ΓΥΜΝΑΣΙΟ ΛΥΚΕΙΑΚΕΣ ΤΑΞΕΙΣ ΑΣΤΥΠΑΛΑΙΑΣ", "name_en": "DAY GYMNASIUM L.C. ASTYPALAIAS" }, "geometry": { "type": "Point", "coordinates": [ 26.35397, 36.550182 ] } },
{ "type": "Feature", "properties": { "fid": 44, "mm_id": 1012030, "name": "ΗΜΕΡΗΣΙΟ ΓΥΜΝΑΣΙΟ ΠΑΤΜΟY - ΓΕΝΝΕΙΟ", "name_en": "DAY GYMNASIUM PATMOY - GENNEIO" }, "geometry": { "type": "Point", "coordinates": [ 26.540422, 37.315626 ] } },
{ "type": "Feature", "properties": { "fid": 45, "mm_id": 1024702, "name": "ΠΡΟΤΥΠΟ ΕΚΚΛΗΣΙΑΣΤΙΚΟ ΓΥΜΝΑΣΙΟ-ΠΡΟΤΥΠΟ ΕΚΚΛΗΣΙΑΣΤΙΚΟ ΛΥΚΕΙΟ \nΤΗΣ ΠΑΤΜΙΑΔΟΣ ΕΚΚΛΗΣΙΑΣΤΙΚΗΣ ΣΧΟΛΗΣ", "name_en": "MODEL ECCLESIASTICAL GYMNASIUM-MODEL ECCLESIASTICAL LYCEUM \nTIS PATMIADOS EKKLISIASTIKIS SCHOLIS" }, "geometry": { "type": "Point", "coordinates": [ 26.544331, 37.313568 ] } },
{ "type": "Feature", "properties": { "fid": 46, "mm_id": 1011723, "name": "ΓΥΜΝΑΣΙΟ ΜΕ Λ.Τ. ΓΑΥΡΙΟΥ", "name_en": "GYMNASIUM WITH L.C. GAYRIOU" }, "geometry": { "type": "Point", "coordinates": [ 24.813691, 37.873896 ] } },
{ "type": "Feature", "properties": { "fid": 47, "mm_id": 1001084, "name": "ΓΥΜΝΑΣΙΟ με Λ.Τ. ΚΟΡΘΙΟΥ", "name_en": "GYMNASIUM with L.C. KORTHIOU" }, "geometry": { "type": "Point", "coordinates": [ 24.948901, 37.764189 ] } },
{ "type": "Feature", "properties": { "fid": 48, "mm_id": 1001083, "name": "ΕΜΠΕΙΡΙΚΕΙΟ ΓΥΜΝΑΣΙΟ ΑΝΔΡΟΥ", "name_en": "EMPEIRIKEIO GYMNASIUM ANDROU" }, "geometry": { "type": "Point", "coordinates": [ 24.935215, 37.836382 ] } },
{ "type": "Feature", "properties": { "fid": 49, "mm_id": 1018229, "name": "1ο ΗΜΕΡΗΣΙΟ ΓΥΜΝΑΣΙΟ ΓΥΘΕΙΟΥ ΛΑΚΩΝΙΑΣ", "name_en": "1st DAY GYMNASIUM GYTHEIOU LAKONIAS" }, "geometry": { "type": "Point", "coordinates": [ 22.55792, 36.761638 ] } },
{ "type": "Feature", "properties": { "fid": 50, "mm_id": 1015758, "name": "1ο ΗΜΕΡΗΣΙΟ ΓΥΜΝΑΣΙΟ ΜΟΛΑΩΝ ΛΑΚΩΝΙΑΣ", "name_en": "1st DAY GYMNASIUM MOLAON LAKONIAS" }, "geometry": { "type": "Point", "coordinates": [ 22.858504, 36.801938 ] } },
{ "type": "Feature", "properties": { "fid": 51, "mm_id": 1015759, "name": "1ο ΗΜΕΡΗΣΙΟ ΓΥΜΝΑΣΙΟ ΝΕΑΠΟΛΗΣ ΛΑΚΩΝΙΑΣ", "name_en": "1st DAY GYMNASIUM NEAPOLIS LAKONIAS" }, "geometry": { "type": "Point", "coordinates": [ 23.054428, 36.520458 ] } },
{ "type": "Feature", "properties": { "fid": 52, "mm_id": 1015741, "name": "1ο ΗΜΕΡΗΣΙΟ ΓΥΜΝΑΣΙΟ ΣΠΑΡΤΗΣ", "name_en": "1st DAY GYMNASIUM SPARTIS" }, "geometry": { "type": "Point", "coordinates": [ 22.432949, 37.070724 ] } },
{ "type": "Feature", "properties": { "fid": 53, "mm_id": 1015742, "name": "2ο ΗΜΕΡΗΣΙΟ ΓΥΜΝΑΣΙΟ ΣΠΑΡΤΗΣ", "name_en": "2nd DAY GYMNASIUM SPARTIS" }, "geometry": { "type": "Point", "coordinates": [ 22.431591, 37.070157 ] } },
{ "type": "Feature", "properties": { "fid": 54, "mm_id": 1015743, "name": "3ο ΗΜΕΡΗΣΙΟ ΓΥΜΝΑΣΙΟ ΣΠΑΡΤΗΣ \"ΤΥΡΤΑΙΟΣ\"", "name_en": "3rd DAY GYMNASIUM SPARTIS \"TYRTAIOS\"" }, "geometry": { "type": "Point", "coordinates": [ 22.430613, 37.06992 ] } },
{ "type": "Feature", "properties": { "fid": 55, "mm_id": 1015746, "name": "4ο ΓΥΜΝΑΣΙΟ ΣΠΑΡΤΗΣ - ΓΙΑΝΝΗΣ ΡΙΤΣΟΣ", "name_en": "4th GYMNASIUM SPARTIS - GIANNIS RITSOS" }, "geometry": { "type": "Point", "coordinates": [ 22.421191, 37.079225 ] } },
{ "type": "Feature", "properties": { "fid": 56, "mm_id": 1015760, "name": "ΓΥΜΝΑΣΙΟ- ΜΕ ΛΥΚΕΙΑΚΕΣ ΤΑΞΕΙΣ ΞΗΡΟΚΑΜΠΙΟΥ -ΛΑΚΩΝΙΑΣ", "name_en": "GYMNASIUM- WITH L.C. XIROKAMPIOU -LAKONIAS" }, "geometry": { "type": "Point", "coordinates": [ 22.44907, 36.956894 ] } },
{ "type": "Feature", "properties": { "fid": 57, "mm_id": 1027076, "name": "Ενιαίο Ειδικό Επαγγελματικό Γυμνάσιο - Λύκειο (ΕΝ.Ε.Ε.ΓΥ.-Λ.) Ανατολικής Μάνης", "name_en": "Unified Special Vocational GYMNASIUM - LYCEUM (EN.E.E.GY.-L.) Anatolikis Manis" }, "geometry": { "type": "Point", "coordinates": [ 22.494268, 36.843069 ] } },
{ "type": "Feature", "properties": { "fid": 58, "mm_id": 1015748, "name": "ΗΜΕΡΗΣΙΟ ΓΥΜΝΑΣΙΟ ΑΡΕΟΠΟΛΗΣ ΛΑΚΩΝΙΑΣ", "name_en": "DAY GYMNASIUM AREOPOLIS LAKONIAS" }, "geometry": { "type": "Point", "coordinates": [ 22.381887, 36.668613 ] } },
{ "type": "Feature", "properties": { "fid": 59, "mm_id": 1015750, "name": "ΗΜΕΡΗΣΙΟ ΓΥΜΝΑΣΙΟ ΒΛΑΧΙΩΤΗ", "name_en": "DAY GYMNASIUM VLACHIOTI" }, "geometry": { "type": "Point", "coordinates": [ 22.709461, 36.858897 ] } },
{ "type": "Feature", "properties": { "fid": 60, "mm_id": 1015761, "name": "ΗΜΕΡΗΣΙΟ ΓΥΜΝΑΣΙΟ ΓΕΡΑΚΙΟΥ - ΠΟΥΛΗΜΕΝΑΚΕΙΟΝ ΓΥΜΝΑΣΙΟ ΓΕΡΑΚΙΟΥ", "name_en": "DAY GYMNASIUM GERAKIOU - POULIMENAKEION GYMNASIUM GERAKIOU" }, "geometry": { "type": "Point", "coordinates": [ 22.697631, 36.995895 ] } },
{ "type": "Feature", "properties": { "fid": 61, "mm_id": 1015764, "name": "ΗΜΕΡΗΣΙΟ ΓΥΜΝΑΣΙΟ ΕΛΑΦΟΝΗΣΟΥ ΛΑΚΩΝΙΑΣ ΜΕ ΠΡΟΣΑΡΤΗΜΕΝΗ Α΄ ΛΥΚΕΙΑΚΗ ΤΑΞΗ", "name_en": "DAY GYMNASIUM ELAFONISOU LAKONIAS WITH PROSARTIMENI A΄ LYKEIAKI TAXI" }, "geometry": { "type": "Point", "coordinates": [ 22.97952, 36.508737 ] } },
{ "type": "Feature", "properties": { "fid": 62, "mm_id": 1015753, "name": "ΗΜΕΡΗΣΙΟ ΓΥΜΝΑΣΙΟ ΚΑΣΤΟΡΕΙΟΥ", "name_en": "DAY GYMNASIUM KASTOREIOU" }, "geometry": { "type": "Point", "coordinates": [ 22.306367, 37.170757 ] } },
{ "type": "Feature", "properties": { "fid": 63, "mm_id": 1015754, "name": "ΗΜΕΡΗΣΙΟ ΓΥΜΝΑΣΙΟ ΚΡΟΚΕΩΝ ΛΑΚΩΝΙΑΣ", "name_en": "DAY GYMNASIUM KROKEON LAKONIAS" }, "geometry": { "type": "Point", "coordinates": [ 22.5462, 36.879503 ] } },
{ "type": "Feature", "properties": { "fid": 64, "mm_id": 1015762, "name": "ΗΜΕΡΗΣΙΟ ΓΥΜΝΑΣΙΟ ΜΟΝΕΜΒΑΣΙΑΣ ΛΑΚΩΝΙΑΣ \"Γιάννης Ρίτσος\"", "name_en": "DAY GYMNASIUM MONEMVASIAS LAKONIAS \"Giannis Ritsos\"" }, "geometry": { "type": "Point", "coordinates": [ 23.056032, 36.687602 ] } },
{ "type": "Feature", "properties": { "fid": 65, "mm_id": 1018037, "name": "ΗΜΕΡΗΣΙΟ ΓΥΜΝΑΣΙΟ ΠΑΠΑΔΙΑΝΙΚΩΝ ΛΑΚΩΝΙΑΣ", "name_en": "DAY GYMNASIUM PAPADIANIKON LAKONIAS" }, "geometry": { "type": "Point", "coordinates": [ 22.856588, 36.720328 ] } },
{ "type": "Feature", "properties": { "fid": 66, "mm_id": 1015755, "name": "ΗΜΕΡΗΣΙΟ ΓΥΜΝΑΣΙΟ ΣΚΑΛΑΣ ΛΑΚΩΝΙΑΣ", "name_en": "DAY GYMNASIUM SKALAS LAKONIAS" }, "geometry": { "type": "Point", "coordinates": [ 22.660516, 36.847253 ] } },
{ "type": "Feature", "properties": { "fid": 67, "mm_id": 1015745, "name": "ΜΟΥΣΙΚΟ ΓΥΜΝΑΣΙΟ ΣΠΑΡΤΗΣ με Λυκειακές Τάξεις Α', Β' και Γ'", "name_en": "MUSIC GYMNASIUM SPARTIS with Lykeiakes Taxeis A', V' kai G'" }, "geometry": { "type": "Point", "coordinates": [ 22.430614, 37.118982 ] } },
{ "type": "Feature", "properties": { "fid": 68, "mm_id": 1015615, "name": "1ο ΗΜΕΡΗΣΙΟ ΓΥΜΝΑΣΙΟ ΚΟΖΑΝΗΣ - ΒΑΛΤΑΔΩΡΕΙΟ", "name_en": "1st DAY GYMNASIUM KOZANIS - VALTADOREIO" }, "geometry": { "type": "Point", "coordinates": [ 21.78626, 40.300956 ] } },
{ "type": "Feature", "properties": { "fid": 69, "mm_id": 1015655, "name": "1ο ΗΜΕΡΗΣΙΟ ΓΥΜΝΑΣΙΟ ΠΕΡΔΙΚΚΑ", "name_en": "1st DAY GYMNASIUM PERDIKKA" }, "geometry": { "type": "Point", "coordinates": [ 21.700601, 40.556657 ] } },
{ "type": "Feature", "properties": { "fid": 70, "mm_id": 1015628, "name": "1ο ΗΜΕΡΗΣΙΟ ΓΥΜΝΑΣΙΟ ΠΤΟΛΕΜΑΪΔΑΣ - ΙΩΝ ΔΡΑΓΟΥΜΗΣ", "name_en": "1st DAY GYMNASIUM PTOLEMAΪDAS - ION DRAGOUMIS" }, "geometry": { "type": "Point", "coordinates": [ 21.681371, 40.509683 ] } },
{ "type": "Feature", "properties": { "fid": 71, "mm_id": 1015616, "name": "2ο ΗΜΕΡΗΣΙΟ ΓΥΜΝΑΣΙΟ ΚΟΖΑΝΗΣ", "name_en": "2nd DAY GYMNASIUM KOZANIS" }, "geometry": { "type": "Point", "coordinates": [ 21.798334, 40.302979 ] } },
{ "type": "Feature", "properties": { "fid": 72, "mm_id": 1015629, "name": "2ο ΗΜΕΡΗΣΙΟ ΓΥΜΝΑΣΙΟ ΠΤΟΛΕΜΑΪΔΑΣ", "name_en": "2nd DAY GYMNASIUM PTOLEMAΪDAS" }, "geometry": { "type": "Point", "coordinates": [ 21.679213, 40.52021 ] } },
{ "type": "Feature", "properties": { "fid": 73, "mm_id": 1015630, "name": "3ο ΗΜΕΡΗΣΙΟ ΓΥΜΝΑΣΙΟ ΠΤΟΛΕΜΑΪΔΑΣ", "name_en": "3rd DAY GYMNASIUM PTOLEMAΪDAS" }, "geometry": { "type": "Point", "coordinates": [ 21.665286, 40.510178 ] } },
{ "type": "Feature", "properties": { "fid": 74, "mm_id": 1015618, "name": "4ο ΗΜΕΡΗΣΙΟ ΓΥΜΝΑΣΙΟ ΚΟΖΑΝΗΣ", "name_en": "4th DAY GYMNASIUM KOZANIS" }, "geometry": { "type": "Point", "coordinates": [ 21.790308, 40.292234 ] } },
{ "type": "Feature", "properties": { "fid": 75, "mm_id": 1015631, "name": "4ο ΗΜΕΡΗΣΙΟ ΓΥΜΝΑΣΙΟ ΠΤΟΛΕΜΑΪΔΑΣ", "name_en": "4th DAY GYMNASIUM PTOLEMAΪDAS" }, "geometry": { "type": "Point", "coordinates": [ 21.684306, 40.520562 ] } },
{ "type": "Feature", "properties": { "fid": 76, "mm_id": 1015619, "name": "5ο ΗΜΕΡΗΣΙΟ ΓΥΜΝΑΣΙΟ ΚΟΖΑΝΗΣ", "name_en": "5th DAY GYMNASIUM KOZANIS" }, "geometry": { "type": "Point", "coordinates": [ 21.798244, 40.30273 ] } },
{ "type": "Feature", "properties": { "fid": 77, "mm_id": 1015632, "name": "5ο ΗΜΕΡΗΣΙΟ ΓΥΜΝΑΣΙΟ ΠΤΟΛΕΜΑΪΔΑΣ \"ΕΥΑΓΟΡΑΣ ΠΑΛΛΗΚΑΡΙΔΗΣ\"", "name_en": "5th DAY GYMNASIUM PTOLEMAΪDAS \"EYAGORAS PALLIKARIDIS\"" }, "geometry": { "type": "Point", "coordinates": [ 21.673901, 40.50291 ] } },
{ "type": "Feature", "properties": { "fid": 78, "mm_id": 1015620, "name": "6ο ΗΜΕΡΗΣΙΟ ΓΥΜΝΑΣΙΟ ΚΟΖΑΝΗΣ", "name_en": "6th DAY GYMNASIUM KOZANIS" }, "geometry": { "type": "Point", "coordinates": [ 21.779721, 40.302576 ] } },
{ "type": "Feature", "properties": { "fid": 79, "mm_id": 1015622, "name": "8ο ΗΜΕΡΗΣΙΟ ΓΥΜΝΑΣΙΟ ΚΟΖΑΝΗΣ", "name_en": "8th DAY GYMNASIUM KOZANIS" }, "geometry": { "type": "Point", "coordinates": [ 21.789836, 40.292075 ] } },
{ "type": "Feature", "properties": { "fid": 80, "mm_id": 1015617, "name": "ΔΗΜΟΣΙΟ ΩΝΑΣΕΙΟ ΣΧΟΛΕΙΟ-ΗΜΕΡΗΣΙΟ ΓΥΜΝΑΣΙΟ ΚΟΖΑΝΗΣ", "name_en": "DIMOSIO ONASEIO SCHOLEIO-DAY GYMNASIUM KOZANIS" }, "geometry": { "type": "Point", "coordinates": [ 21.800092, 40.297057 ] } },
{ "type": "Feature", "properties": { "fid": 81, "mm_id": 1015646, "name": "ΕΝΙΑΙΟ ΕΙΔΙΚΟ ΕΠΑΓΓΕΛΜΑΤΙΚΟ ΓΥΜΝΑΣΙΟ  ΛΥΚΕΙΟ ΑΝΩ ΚΩΜΗΣ ΚΟΖΑΝΗΣ", "name_en": "UNIFIED SPECIAL VOCATIONAL GYMNASIUM  LYCEUM ANO KOMIS KOZANIS" }, "geometry": { "type": "Point", "coordinates": [ 21.831408, 40.225977 ] } },
{ "type": "Feature", "properties": { "fid": 82, "mm_id": 1025353, "name": "ΕΝΙΑΙΟ ΕΙΔΙΚΟ ΕΠΑΓΓΕΛΜΑΤΙΚΟ ΓΥΜΝΑΣΙΟ-ΛΥΚΕΙΟ ΠΤΟΛΕΜΑΪΔΑΣ", "name_en": "UNIFIED SPECIAL VOCATIONAL GYMNASIUM-LYCEUM PTOLEMAΪDAS" }, "geometry": { "type": "Point", "coordinates": [ 21.661107, 40.51517 ] } },
{ "type": "Feature", "properties": { "fid": 83, "mm_id": 1015621, "name": "ΕΣΠΕΡΙΝΟ ΓΥΜΝΑΣΙΟ ΚΟΖΑΝΗΣ ΜΕ ΛΥΚΕΙΑΚΕΣ ΤΑΞΕΙΣ", "name_en": "EVENING GYMNASIUM KOZANIS WITH L.C." }, "geometry": { "type": "Point", "coordinates": [ 21.798177, 40.296157 ] } },
{ "type": "Feature", "properties": { "fid": 84, "mm_id": 1015648, "name": "ΗΜΕΡΗΣΙΟ ΓΥΜΝΑΣΙΟ ΑΙΑΝΗΣ ΚΟΖΑΝΗΣ - ΧΡΗΣΤΟΥ ΜΑΝΩΛΗ", "name_en": "DAY GYMNASIUM AIANIS KOZANIS - CHRISTOU MANOLI" }, "geometry": { "type": "Point", "coordinates": [ 21.819526, 40.163769 ] } },
{ "type": "Feature", "properties": { "fid": 85, "mm_id": 1015642, "name": "ΗΜΕΡΗΣΙΟ ΓΥΜΝΑΣΙΟ ΑΝΑΡΡΑΧΗΣ - ΕΜΠΟΡΙΟΥ", "name_en": "DAY GYMNASIUM ANARRACHIS - EMPORIOU" }, "geometry": { "type": "Point", "coordinates": [ 21.563158, 40.492746 ] } },
{ "type": "Feature", "properties": { "fid": 86, "mm_id": 1015643, "name": "ΗΜΕΡΗΣΙΟ ΓΥΜΝΑΣΙΟ ΑΝΑΤΟΛΙΚΟΥ - ΓΥΜΝΑΣΙΟ ΑΝΑΤΟΛΙΚΟΥ", "name_en": "DAY GYMNASIUM ANATOLIKOU - GYMNASIUM ANATOLIKOU" }, "geometry": { "type": "Point", "coordinates": [ 21.754614, 40.546754 ] } },
{ "type": "Feature", "properties": { "fid": 87, "mm_id": 1015640, "name": "ΗΜΕΡΗΣΙΟ ΓΥΜΝΑΣΙΟ ΒΕΛΒΕΝΤΟΥ ΚΟΖΑΝΗΣ - ΖΗΝΩΝ ΠΑΠΑΝΑΣΤΑΣΙΟΥ", "name_en": "DAY GYMNASIUM VELVENTOU KOZANIS - ZINON PAPANASTASIOU" }, "geometry": { "type": "Point", "coordinates": [ 22.074834, 40.253045 ] } },
{ "type": "Feature", "properties": { "fid": 88, "mm_id": 1015639, "name": "ΗΜΕΡΗΣΙΟ ΓΥΜΝΑΣΙΟ ΓΑΛΑΤΙΝΗΣ ΚΟΖΑΝΗΣ", "name_en": "DAY GYMNASIUM GALATINIS KOZANIS" }, "geometry": { "type": "Point", "coordinates": [ 21.555423, 40.319337 ] } },
{ "type": "Feature", "properties": { "fid": 89, "mm_id": 1026831, "name": "ΗΜΕΡΗΣΙΟ ΓΥΜΝΑΣΙΟ ΕΡΑΤΥΡΑΣ", "name_en": "DAY GYMNASIUM ERATYRAS" }, "geometry": { "type": "Point", "coordinates": [ 21.509702, 40.344394 ] } },
{ "type": "Feature", "properties": { "fid": 90, "mm_id": 1015649, "name": "ΗΜΕΡΗΣΙΟ ΓΥΜΝΑΣΙΟ ΚΑΠΝΟΧΩΡΙΟΥ ΚΟΖΑΝΗΣ", "name_en": "DAY GYMNASIUM KAPNOCHORIOU KOZANIS" }, "geometry": { "type": "Point", "coordinates": [ 21.980719, 40.360081 ] } },
{ "type": "Feature", "properties": { "fid": 91, "mm_id": 1015653, "name": "ΗΜΕΡΗΣΙΟ ΓΥΜΝΑΣΙΟ ΚΡΟΚΟΣ ΚΟΖΑΝΗΣ - ΓΥΜΝΑΣΙΟ ΚΡΟΚΟΥ", "name_en": "DAY GYMNASIUM KROKOS KOZANIS - GYMNASIUM KROKOU" }, "geometry": { "type": "Point", "coordinates": [ 21.814623, 40.265797 ] } },
{ "type": "Feature", "properties": { "fid": 92, "mm_id": 1015654, "name": "ΗΜΕΡΗΣΙΟ ΓΥΜΝΑΣΙΟ ΛΕΥΚΟΠΗΓΗΣ ΚΟΖΑΝΗΣ", "name_en": "DAY GYMNASIUM LEYKOPIGIS KOZANIS" }, "geometry": { "type": "Point", "coordinates": [ 21.752388, 40.234621 ] } },
{ "type": "Feature", "properties": { "fid": 93, "mm_id": 1015650, "name": "ΗΜΕΡΗΣΙΟ ΓΥΜΝΑΣΙΟ ΛΙΒΑΔΕΡΟΥ ΚΟΖΑΝΗΣ", "name_en": "DAY GYMNASIUM LIVADEROU KOZANIS" }, "geometry": { "type": "Point", "coordinates": [ 21.937863, 40.031928 ] } },
{ "type": "Feature", "properties": { "fid": 94, "mm_id": 1015626, "name": "ΗΜΕΡΗΣΙΟ ΓΥΜΝΑΣΙΟ ΝΕΑΠΟΛΗΣ ΚΟΖΑΝΗΣ", "name_en": "DAY GYMNASIUM NEAPOLIS KOZANIS" }, "geometry": { "type": "Point", "coordinates": [ 21.393996, 40.312341 ] } },
{ "type": "Feature", "properties": { "fid": 95, "mm_id": 1015623, "name": "ΗΜΕΡΗΣΙΟ ΓΥΜΝΑΣΙΟ ΞΗΡΟΛΙΜΝΗΣ ΚΟΖΑΝΗΣ", "name_en": "DAY GYMNASIUM XIROLIMNIS KOZANIS" }, "geometry": { "type": "Point", "coordinates": [ 21.661687, 40.297691 ] } },
{ "type": "Feature", "properties": { "fid": 96, "mm_id": 1015635, "name": "ΗΜΕΡΗΣΙΟ ΓΥΜΝΑΣΙΟ ΣΕΡΒΙΩΝ ΚΟΖΑΝΗΣ", "name_en": "DAY GYMNASIUM SERVION KOZANIS" }, "geometry": { "type": "Point", "coordinates": [ 22.002019, 40.188259 ] } },
{ "type": "Feature", "properties": { "fid": 97, "mm_id": 1015637, "name": "ΗΜΕΡΗΣΙΟ ΓΥΜΝΑΣΙΟ ΣΙΑΤΙΣΤΑΣ ΚΟΖΑΝΗΣ - ΤΡΑΜΠΑΝΤΖΕΙΟ", "name_en": "DAY GYMNASIUM SIATISTAS KOZANIS - TRAMPANTZEIO" }, "geometry": { "type": "Point", "coordinates": [ 21.551593, 40.261701 ] } },
{ "type": "Feature", "properties": { "fid": 98, "mm_id": 1015636, "name": "ΗΜΕΡΗΣΙΟ ΓΥΜΝΑΣΙΟ ΤΡΑΝΟΒΑΛΤΟΥ ΚΟΖΑΝΗΣ", "name_en": "DAY GYMNASIUM TRANOVALTOU KOZANIS" }, "geometry": { "type": "Point", "coordinates": [ 21.865638, 40.059182 ] } },
{ "type": "Feature", "properties": { "fid": 99, "mm_id": 1018036, "name": "ΗΜΕΡΗΣΙΟ ΓΥΜΝΑΣΙΟ ΤΣΟΤΥΛΙΟΥ-Α' Β' Γ' ΛΥΚΕΙΑΚΕΣ ΤΑΞΕΙΣ", "name_en": "DAY GYMNASIUM TSOTYLIOU-A' V' G' L.C." }, "geometry": { "type": "Point", "coordinates": [ 21.326755, 40.260819 ] } },
{ "type": "Feature", "properties": { "fid": 100, "mm_id": 1025539, "name": "ΚΑΛΛΙΤΕΧΝΙΚΟ ΓΥΜΝΑΣΙΟ ΜΕ Λ.Τ. ΚΟΖΑΝΗΣ", "name_en": "ART GYMNASIUM WITH L.C. KOZANIS" }, "geometry": { "type": "Point", "coordinates": [ 21.738358, 40.256437 ] } },
{ "type": "Feature", "properties": { "fid": 101, "mm_id": 1015641, "name": "ΚΑΡΟΥΤΕΙΟ ΔΙΑΠ/ΚΟ Γ/ΣΙΟ ΠΕΝΤΑΛΟΦΟΥ ΜΕ ΛΥΚΕΙΑΚΕΣ ΤΑΞΕΙΣ", "name_en": "KAROUTEIO DIAP/KO G/SIO PENTALOFOU WITH L.C." }, "geometry": { "type": "Point", "coordinates": [ 21.143783, 40.192437 ] } },
{ "type": "Feature", "properties": { "fid": 102, "mm_id": 1015633, "name": "ΜΟΥΣΙΚΟ ΓΥΜΝΑΣΙΟ ΜΕ Λ.Τ ΠΤΟΛΕΜΑΪΔΑΣ \"ΝΙΚΟΛΑΟΣ ΔΟΥΜΠΑΣ\"", "name_en": "MUSIC GYMNASIUM WITH L.T PTOLEMAΪDAS \"NIKOLAOS DOUMPAS\"" }, "geometry": { "type": "Point", "coordinates": [ 21.686738, 40.508355 ] } },
{ "type": "Feature", "properties": { "fid": 103, "mm_id": 1015638, "name": "Μουσικό Γυμνάσιο με Λυκειακές Τάξεις Σιάτιστας - \"Κωνσταντίνος και Ελένη Παπανικολάου\"", "name_en": "Music GYMNASIUM with Lykeiakes Taxeis Siatistas - \"Konstantinos kai Eleni Papanikolaoy\"" }, "geometry": { "type": "Point", "coordinates": [ 21.555091, 40.252425 ] } },
{ "type": "Feature", "properties": { "fid": 104, "mm_id": 1026659, "name": "Ενιαίο Ειδικό Επαγγελματικό Γυμνάσιο-Λύκειο (ΕΝ.Ε.Ε.ΓΥ.-Λ.) Άμφισσας", "name_en": "Unified Special Vocational GYMNASIUM-LYCEUM (EN.E.E.GY.-L.) Άmfissas" }, "geometry": { "type": "Point", "coordinates": [ 22.382727, 38.523763 ] } },
{ "type": "Feature", "properties": { "fid": 105, "mm_id": 1016493, "name": "ΕΣΠΕΡΙΝΟ ΓΥΜΝΑΣΙΟ ΑΜΦΙΣΣΑΣ Λ.Τ.", "name_en": "EVENING GYMNASIUM AMFISSAS L.C." }, "geometry": { "type": "Point", "coordinates": [ 22.379475, 38.52731 ] } },
{ "type": "Feature", "properties": { "fid": 106, "mm_id": 1016490, "name": "ΗΜΕΡΗΣΙΟ ΓΥΜΝΑΣΙΟ ΑΜΦΙΣΣΑΣ ΦΩΚΙΔΑΣ", "name_en": "DAY GYMNASIUM AMFISSAS FOKIDAS" }, "geometry": { "type": "Point", "coordinates": [ 22.379766, 38.527241 ] } },
{ "type": "Feature", "properties": { "fid": 107, "mm_id": 1016495, "name": "ΗΜΕΡΗΣΙΟ ΓΥΜΝΑΣΙΟ ΓΑΛΑΞΙΔΙΟΥ ΦΩΚΙΔΑΣ", "name_en": "DAY GYMNASIUM GALAXIDIOU FOKIDAS" }, "geometry": { "type": "Point", "coordinates": [ 22.3749, 38.370213 ] } },
{ "type": "Feature", "properties": { "fid": 108, "mm_id": 1016501, "name": "ΗΜΕΡΗΣΙΟ ΓΥΜΝΑΣΙΟ ΓΡΑΒΙΑΣ ΦΩΚΙΔΑΣ", "name_en": "DAY GYMNASIUM GRAVIAS FOKIDAS" }, "geometry": { "type": "Point", "coordinates": [ 22.430494, 38.677526 ] } },
{ "type": "Feature", "properties": { "fid": 109, "mm_id": 1016496, "name": "ΗΜΕΡΗΣΙΟ ΓΥΜΝΑΣΙΟ ΔΕΛΦΩΝ ΦΩΚΙΔΑΣ", "name_en": "DAY GYMNASIUM DELFON FOKIDAS" }, "geometry": { "type": "Point", "coordinates": [ 22.495924, 38.479264 ] } },
{ "type": "Feature", "properties": { "fid": 110, "mm_id": 1016503, "name": "ΗΜΕΡΗΣΙΟ ΓΥΜΝΑΣΙΟ ΕΡΑΤΕΙΝΗΣ ΜΕ ΛΥΚΕΙΑΚΕΣ ΤΑΞΕΙΣ", "name_en": "DAY GYMNASIUM ERATEINIS WITH L.C." }, "geometry": { "type": "Point", "coordinates": [ 22.236231, 38.358251 ] } },
{ "type": "Feature", "properties": { "fid": 111, "mm_id": 1016498, "name": "ΗΜΕΡΗΣΙΟ ΓΥΜΝΑΣΙΟ ΕΥΠΑΛΙΟΥ ΦΩΚΙΔΑΣ", "name_en": "DAY GYMNASIUM EYPALIOU FOKIDAS" }, "geometry": { "type": "Point", "coordinates": [ 21.92859, 38.418344 ] } },
{ "type": "Feature", "properties": { "fid": 112, "mm_id": 1016494, "name": "ΗΜΕΡΗΣΙΟ ΓΥΜΝΑΣΙΟ ΙΤΕΑΣ ΦΩΚΙΔΑΣ", "name_en": "DAY GYMNASIUM ITEAS FOKIDAS" }, "geometry": { "type": "Point", "coordinates": [ 22.428161, 38.436783 ] } },
{ "type": "Feature", "properties": { "fid": 113, "mm_id": 1016499, "name": "ΗΜΕΡΗΣΙΟ ΓΥΜΝΑΣΙΟ ΛΙΔΩΡΙΚΙΟΥ ΦΩΚΙΔΑΣ", "name_en": "DAY GYMNASIUM LIDORIKIOU FOKIDAS" }, "geometry": { "type": "Point", "coordinates": [ 22.200531, 38.528471 ] } },
{ "type": "Feature", "properties": { "fid": 114, "mm_id": 1016502, "name": "ΜΕΛΕΤΕΙΟ ΓΥΜΝΑΣΙΟ ΚΑΙ ΛΥΚΕΙΑΚΕΣ ΤΑΞΕΙΣ ΔΕΣΦΙΝΑΣ", "name_en": "MELETEIO GYMNASIUM KAI L.C. DESFINAS" }, "geometry": { "type": "Point", "coordinates": [ 22.52783, 38.418911 ] } },
{ "type": "Feature", "properties": { "fid": 115, "mm_id": 1016492, "name": "ΜΟΥΣΙΚΟ ΣΧΟΛΕΙΟ ΑΜΦΙΣΣΑΣ - \"ΕΛΕΝΗ ΚΑΡΑΪΝΔΡΟΥ\"", "name_en": "MUSIC SCHOLEIO AMFISSAS - \"ELENI KARAΪNDROU\"" }, "geometry": { "type": "Point", "coordinates": [ 22.383053, 38.525257 ] } },
{ "type": "Feature", "properties": { "fid": 116, "mm_id": 1015460, "name": "1ο ΗΜΕΡΗΣΙΟ ΓΥΜΝΑΣΙΟ ΜΟΥΖΑΚΙΟΥ ΚΑΡΔΙΤΣΑΣ", "name_en": "1st DAY GYMNASIUM MOUZAKIOU KARDITSAS" }, "geometry": { "type": "Point", "coordinates": [ 21.668826, 39.43686 ] } },
{ "type": "Feature", "properties": { "fid": 117, "mm_id": 1015457, "name": "1ο ΗΜΕΡΗΣΙΟ ΓΥΜΝΑΣΙΟ ΠΑΛΑΜΑ ΚΑΡΔΙΤΣΑΣ", "name_en": "1st DAY GYMNASIUM PALAMA KARDITSAS" }, "geometry": { "type": "Point", "coordinates": [ 22.086142, 39.463106 ] } },
{ "type": "Feature", "properties": { "fid": 118, "mm_id": 1015463, "name": "1ο ΗΜΕΡΗΣΙΟ ΓΥΜΝΑΣΙΟ ΣΟΦΑΔΩΝ ΚΑΡΔΙΤΣΑΣ", "name_en": "1st DAY GYMNASIUM SOFADON KARDITSAS" }, "geometry": { "type": "Point", "coordinates": [ 22.099722, 39.334435 ] } },
{ "type": "Feature", "properties": { "fid": 119, "mm_id": 1015447, "name": "1ο ΠΕΙΡΑΜΑΤΙΚΟ ΓΥΜΝΑΣΙΟ ΚΑΡΔΙΤΣΑΣ", "name_en": "1st EXPERIMENTAL GYMNASIUM KARDITSAS" }, "geometry": { "type": "Point", "coordinates": [ 21.935379, 39.360156 ] } },
{ "type": "Feature", "properties": { "fid": 120, "mm_id": 1015448, "name": "2ο ΗΜΕΡΗΣΙΟ ΓΥΜΝΑΣΙΟ ΚΑΡΔΙΤΣΑΣ", "name_en": "2nd DAY GYMNASIUM KARDITSAS" }, "geometry": { "type": "Point", "coordinates": [ 21.909641, 39.376485 ] } },
{ "type": "Feature", "properties": { "fid": 121, "mm_id": 1015449, "name": "3ο ΗΜΕΡΗΣΙΟ ΓΥΜΝΑΣΙΟ ΚΑΡΔΙΤΣΑΣ", "name_en": "3rd DAY GYMNASIUM KARDITSAS" }, "geometry": { "type": "Point", "coordinates": [ 21.906058, 39.359677 ] } },
{ "type": "Feature", "properties": { "fid": 122, "mm_id": 1015450, "name": "4ο ΗΜΕΡΗΣΙΟ ΓΥΜΝΑΣΙΟ ΚΑΡΔΙΤΣΑΣ", "name_en": "4th DAY GYMNASIUM KARDITSAS" }, "geometry": { "type": "Point", "coordinates": [ 21.936206, 39.359834 ] } },
{ "type": "Feature", "properties": { "fid": 123, "mm_id": 1015451, "name": "5ο ΗΜΕΡΗΣΙΟ ΓΥΜΝΑΣΙΟ ΚΑΡΔΙΤΣΑΣ", "name_en": "5th DAY GYMNASIUM KARDITSAS" }, "geometry": { "type": "Point", "coordinates": [ 21.909617, 39.376285 ] } },
{ "type": "Feature", "properties": { "fid": 124, "mm_id": 1015452, "name": "6ο ΗΜΕΡΗΣΙΟ ΓΥΜΝΑΣΙΟ ΚΑΡΔΙΤΣΑΣ", "name_en": "6th DAY GYMNASIUM KARDITSAS" }, "geometry": { "type": "Point", "coordinates": [ 21.93479, 39.360755 ] } },
{ "type": "Feature", "properties": { "fid": 125, "mm_id": 1015453, "name": "7ο ΗΜΕΡΗΣΙΟ ΓΥΜΝΑΣΙΟ ΚΑΡΔΙΤΣΑΣ", "name_en": "7th DAY GYMNASIUM KARDITSAS" }, "geometry": { "type": "Point", "coordinates": [ 21.93715, 39.374706 ] } },
{ "type": "Feature", "properties": { "fid": 126, "mm_id": 1015477, "name": "ΕΝΙΑΙΟ ΕΙΔΙΚΟ ΕΠΑΓΓΕΛΜΑΤΙΚΟ ΓΥΜΝΑΣΙΟ - ΛΥΚΕΙΟ ΣΟΦΑΔΩΝ", "name_en": "UNIFIED SPECIAL VOCATIONAL GYMNASIUM - LYCEUM SOFADON" }, "geometry": { "type": "Point", "coordinates": [ 22.1064, 39.324855 ] } },
{ "type": "Feature", "properties": { "fid": 127, "mm_id": 1015454, "name": "ΕΣΠΕΡΙΝΟ ΓΥΜΝΑΣΙΟ-ΛΥΚΕΙΑΚΕΣ ΤΑΞΕΙΣ ΚΑΡΔΙΤΣΑΣ", "name_en": "EVENING GYMNASIUM-L.C. KARDITSAS" }, "geometry": { "type": "Point", "coordinates": [ 21.918771, 39.366553 ] } },
{ "type": "Feature", "properties": { "fid": 128, "mm_id": 1015475, "name": "ΗΜΕΡΗΣΙΟ ΓΥΜΝΑΣΙΟ - ΛΥΚΕΙΑΚΕΣ ΤΑΞΕΙΣ ΙΤΕΑΣ ΚΑΡΔΙΤΣΑΣ", "name_en": "DAY GYMNASIUM - L.C. ITEAS KARDITSAS" }, "geometry": { "type": "Point", "coordinates": [ 22.16756, 39.451218 ] } },
{ "type": "Feature", "properties": { "fid": 129, "mm_id": 1015471, "name": "ΗΜΕΡΗΣΙΟ ΓΥΜΝΑΣΙΟ - ΛΥΚΕΙΑΚΕΣ ΤΑΞΕΙΣ ΜΗΤΡΟΠΟΛΗΣ ΚΑΡΔΙΤΣΑΣ", "name_en": "DAY GYMNASIUM - L.C. MITROPOLIS KARDITSAS" }, "geometry": { "type": "Point", "coordinates": [ 21.834584, 39.337184 ] } },
{ "type": "Feature", "properties": { "fid": 130, "mm_id": 1015474, "name": "ΗΜΕΡΗΣΙΟ ΓΥΜΝΑΣΙΟ ΚΕΔΡΟΥ ΚΑΡΔΙΤΣΑΣ", "name_en": "DAY GYMNASIUM KEDROU KARDITSAS" }, "geometry": { "type": "Point", "coordinates": [ 22.042526, 39.207427 ] } },
{ "type": "Feature", "properties": { "fid": 131, "mm_id": 1015468, "name": "ΗΜΕΡΗΣΙΟ ΓΥΜΝΑΣΙΟ ΛΕΟΝΤΑΡΙΟΥ ΚΑΡΔΙΤΣΑΣ", "name_en": "DAY GYMNASIUM LEONTARIOU KARDITSAS" }, "geometry": { "type": "Point", "coordinates": [ 22.124629, 39.183958 ] } },
{ "type": "Feature", "properties": { "fid": 132, "mm_id": 1015465, "name": "ΗΜΕΡΗΣΙΟ ΓΥΜΝΑΣΙΟ ΜΑΤΑΡΑΓΚΑΣ", "name_en": "DAY GYMNASIUM MATARAGKAS" }, "geometry": { "type": "Point", "coordinates": [ 22.073922, 39.394402 ] } },
{ "type": "Feature", "properties": { "fid": 133, "mm_id": 1015467, "name": "ΗΜΕΡΗΣΙΟ ΓΥΜΝΑΣΙΟ ΜΕ ΛΥΚΕΙΑΚΕΣ ΤΑΞΕΙΣ ΜΑΓΟΥΛΑΣ ΚΑΡΔΙΤΣΑΣ", "name_en": "DAY GYMNASIUM WITH L.C. MAGOULAS KARDITSAS" }, "geometry": { "type": "Point", "coordinates": [ 21.801804, 39.45887 ] } },
{ "type": "Feature", "properties": { "fid": 134, "mm_id": 1015472, "name": "ΗΜΕΡΗΣΙΟ ΓΥΜΝΑΣΙΟ ΠΡΟΑΣΤΙΟΥ ΚΑΡΔΙΤΣΑΣ", "name_en": "DAY GYMNASIUM PROASTIOU KARDITSAS" }, "geometry": { "type": "Point", "coordinates": [ 21.900681, 39.481899 ] } },
{ "type": "Feature", "properties": { "fid": 135, "mm_id": 1015455, "name": "ΜΟΥΣΙΚΟ ΓΥΜΝΑΣΙΟ ΚΑΡΔΙΤΣΑΣ - ΛΥΚΕΙΑΚΕΣ ΤΑΞΕΙΣ", "name_en": "MUSIC GYMNASIUM KARDITSAS - L.C." }, "geometry": { "type": "Point", "coordinates": [ 21.918312, 39.381331 ] } },
{ "type": "Feature", "properties": { "fid": 136, "mm_id": 1013949, "name": "1ο ΗΜΕΡΗΣΙΟ ΓΥΜΝΑΣΙΟ ΛΙΒΑΔΟΧΩΡΙΟΥ ΛΗΜΝΟΥ", "name_en": "1st DAY GYMNASIUM LIVADOCHORIOU LIMNOU" }, "geometry": { "type": "Point", "coordinates": [ 25.201058, 39.909683 ] } },
{ "type": "Feature", "properties": { "fid": 137, "mm_id": 1001180, "name": "ΕΣΠΕΡΙΝΟ ΓΥΜΝΑΣΙΟ ΜΕ  ΛΥΚΕΙΑΚΕΣ ΤΑΞΕΙΣ ΜΥΡΙΝΑΣ", "name_en": "EVENING GYMNASIUM WITH  L.C. MYRINAS" }, "geometry": { "type": "Point", "coordinates": [ 25.064247, 39.878055 ] } },
{ "type": "Feature", "properties": { "fid": 138, "mm_id": 1013964, "name": "ΗΜΕΡΗΣΙΟ ΓΥΜΝΑΣΙΟ ΑΓΙΟΥ ΕΥΣΤΡΑΤΙΟΥ ΛΕΣΒΟΥ - ΓΥΜΝΑΣΙΟ - ΛΤ ΑΓΙΟΥ ΕΥΣΤΡΑΤΙΟΥ", "name_en": "DAY GYMNASIUM AGIOU EYSTRATIOU LESVOU - GYMNASIUM - LT AGIOU EYSTRATIOU" }, "geometry": { "type": "Point", "coordinates": [ 24.99062, 39.539074 ] } },
{ "type": "Feature", "properties": { "fid": 139, "mm_id": 1013960, "name": "ΗΜΕΡΗΣΙΟ ΓΥΜΝΑΣΙΟ ΜΟΥΔΡΟΥ - ΑΡΓΥΡΙΟΣ ΜΟΣΧΙΔΗΣ", "name_en": "DAY GYMNASIUM MOUDROU - ARGYRIOS MOSCHIDIS" }, "geometry": { "type": "Point", "coordinates": [ 25.272132, 39.877039 ] } },
{ "type": "Feature", "properties": { "fid": 140, "mm_id": 1001178, "name": "ΗΜΕΡΗΣΙΟ ΓΥΜΝΑΣΙΟ ΜΥΡΙΝΑΣ ΛΗΜΝΟΥ", "name_en": "DAY GYMNASIUM MYRINAS LIMNOU" }, "geometry": { "type": "Point", "coordinates": [ 25.062836, 39.88018 ] } },
{ "type": "Feature", "properties": { "fid": 141, "mm_id": 1016114, "name": "1ο ΗΜΕΡΗΣΙΟ ΓΥΜΝΑΣΙΟ ΚΑΤΕΡΙΝΗΣ ΠΙΕΡΙΑΣ", "name_en": "1st DAY GYMNASIUM KATERINIS PIERIAS" }, "geometry": { "type": "Point", "coordinates": [ 22.513498, 40.264805 ] } },
{ "type": "Feature", "properties": { "fid": 142, "mm_id": 1016115, "name": "2ο ΗΜΕΡΗΣΙΟ ΓΥΜΝΑΣΙΟ ΚΑΤΕΡΙΝΗΣ ΠΙΕΡΙΑΣ", "name_en": "2nd DAY GYMNASIUM KATERINIS PIERIAS" }, "geometry": { "type": "Point", "coordinates": [ 22.512781, 40.265357 ] } },
{ "type": "Feature", "properties": { "fid": 143, "mm_id": 1016116, "name": "3ο ΗΜΕΡΗΣΙΟ ΓΥΜΝΑΣΙΟ ΚΑΤΕΡΙΝΗΣ ΠΙΕΡΙΑΣ", "name_en": "3rd DAY GYMNASIUM KATERINIS PIERIAS" }, "geometry": { "type": "Point", "coordinates": [ 22.501298, 40.28476 ] } },
{ "type": "Feature", "properties": { "fid": 144, "mm_id": 1016118, "name": "5ο ΗΜΕΡΗΣΙΟ ΓΥΜΝΑΣΙΟ ΚΑΤΕΡΙΝΗΣ ΠΙΕΡΙΑΣ", "name_en": "5th DAY GYMNASIUM KATERINIS PIERIAS" }, "geometry": { "type": "Point", "coordinates": [ 22.513243, 40.269572 ] } },
{ "type": "Feature", "properties": { "fid": 145, "mm_id": 1016119, "name": "6ο ΗΜΕΡΗΣΙΟ ΓΥΜΝΑΣΙΟ ΚΑΤΕΡΙΝΗΣ ΠΙΕΡΙΑΣ - 3901026", "name_en": "6th DAY GYMNASIUM KATERINIS PIERIAS - 3901026" }, "geometry": { "type": "Point", "coordinates": [ 22.494883, 40.265497 ] } },
{ "type": "Feature", "properties": { "fid": 146, "mm_id": 1016121, "name": "7ο ΗΜΕΡΗΣΙΟ ΓΥΜΝΑΣΙΟ ΚΑΤΕΡΙΝΗΣ ΠΙΕΡΙΑΣ", "name_en": "7th DAY GYMNASIUM KATERINIS PIERIAS" }, "geometry": { "type": "Point", "coordinates": [ 22.518612, 40.271363 ] } },
{ "type": "Feature", "properties": { "fid": 147, "mm_id": 1016139, "name": "ΕΝΙΑΙΟ ΕΙΔΙΚΟ ΕΠΑΓΓΕΛΜΑΤΙΚΟ ΓΥΜΝΑΣΙΟ & ΛΥΚΕΙΟ ΚΑΤΕΡΙΝΗΣ (ΕΝ.Ε.Ε.ΓΥ-Λ)", "name_en": "UNIFIED SPECIAL VOCATIONAL GYMNASIUM & LYCEUM KATERINIS (EN.E.E.GY-L)" }, "geometry": { "type": "Point", "coordinates": [ 22.506937, 40.260199 ] } },
{ "type": "Feature", "properties": { "fid": 148, "mm_id": 1016120, "name": "ΕΣΠΕΡΙΝΟ ΓΥΜΝΑΣΙΟ ΚΑΤΕΡΙΝΗΣ", "name_en": "EVENING GYMNASIUM KATERINIS" }, "geometry": { "type": "Point", "coordinates": [ 22.513232, 40.269924 ] } },
{ "type": "Feature", "properties": { "fid": 149, "mm_id": 1016123, "name": "ΗΜΕΡΗΣΙΟ ΓΥΜΝΑΣΙΟ ΑΙΓΙΝΙΟΥ ΠΙΕΡΙΑΣ", "name_en": "DAY GYMNASIUM AIGINIOU PIERIAS" }, "geometry": { "type": "Point", "coordinates": [ 22.538611, 40.499777 ] } },
{ "type": "Feature", "properties": { "fid": 150, "mm_id": 1016127, "name": "ΗΜΕΡΗΣΙΟ ΓΥΜΝΑΣΙΟ ΑΛΩΝΙΑ ΠΙΕΡΙΑΣ", "name_en": "DAY GYMNASIUM ALONIA PIERIAS" }, "geometry": { "type": "Point", "coordinates": [ 22.550145, 40.389609 ] } },
{ "type": "Feature", "properties": { "fid": 151, "mm_id": 1016133, "name": "ΗΜΕΡΗΣΙΟ ΓΥΜΝΑΣΙΟ ΚΑΤΩ ΜΗΛΙΑΣ ΠΙΕΡΙΑΣ", "name_en": "DAY GYMNASIUM KATO MILIAS PIERIAS" }, "geometry": { "type": "Point", "coordinates": [ 22.349876, 40.24997 ] } },
{ "type": "Feature", "properties": { "fid": 152, "mm_id": 1016124, "name": "ΗΜΕΡΗΣΙΟ ΓΥΜΝΑΣΙΟ ΚΟΛΙΝΔΡΟΥ ΠΙΕΡΙΑΣ", "name_en": "DAY GYMNASIUM KOLINDROU PIERIAS" }, "geometry": { "type": "Point", "coordinates": [ 22.492146, 40.479976 ] } },
{ "type": "Feature", "properties": { "fid": 153, "mm_id": 1016132, "name": "ΗΜΕΡΗΣΙΟ ΓΥΜΝΑΣΙΟ ΚΟΝΤΑΡΙΩΤΙΣΣΑΣ ΠΙΕΡΙΑΣ", "name_en": "DAY GYMNASIUM KONTARIOTISSAS PIERIAS" }, "geometry": { "type": "Point", "coordinates": [ 22.467808, 40.227935 ] } },
{ "type": "Feature", "properties": { "fid": 154, "mm_id": 1016134, "name": "ΗΜΕΡΗΣΙΟ ΓΥΜΝΑΣΙΟ ΚΟΡΙΝΟΥ ΠΙΕΡΙΑΣ - ΓΥΜΝΑΣΙΟ ΚΟΡΙΝΟΥ", "name_en": "DAY GYMNASIUM KORINOU PIERIAS - GYMNASIUM KORINOU" }, "geometry": { "type": "Point", "coordinates": [ 22.592955, 40.319338 ] } },
{ "type": "Feature", "properties": { "fid": 155, "mm_id": 1016128, "name": "ΗΜΕΡΗΣΙΟ ΓΥΜΝΑΣΙΟ ΛΕΠΤΟΚΑΡΥΑΣ ΠΙΕΡΙΑΣ", "name_en": "DAY GYMNASIUM LEPTOKARYAS PIERIAS" }, "geometry": { "type": "Point", "coordinates": [ 22.563466, 40.061285 ] } },
{ "type": "Feature", "properties": { "fid": 156, "mm_id": 1016126, "name": "ΗΜΕΡΗΣΙΟ ΓΥΜΝΑΣΙΟ ΛΙΤΟΧΩΡΟΥ ΠΙΕΡΙΑΣ", "name_en": "DAY GYMNASIUM LITOCHOROU PIERIAS" }, "geometry": { "type": "Point", "coordinates": [ 22.506416, 40.099441 ] } },
{ "type": "Feature", "properties": { "fid": 157, "mm_id": 1016130, "name": "ΗΜΕΡΗΣΙΟ ΓΥΜΝΑΣΙΟ ΜΑΚΡΥΓΙΑΛΟΥ ΠΙΕΡΙΑΣ", "name_en": "DAY GYMNASIUM MAKRYGIALOU PIERIAS" }, "geometry": { "type": "Point", "coordinates": [ 22.608262, 40.41757 ] } },
{ "type": "Feature", "properties": { "fid": 158, "mm_id": 1018238, "name": "ΗΜΕΡΗΣΙΟ ΓΥΜΝΑΣΙΟ ΠΕΡΙΣΤΑΣΗΣ ΠΙΕΡΙΑΣ", "name_en": "DAY GYMNASIUM PERISTASIS PIERIAS" }, "geometry": { "type": "Point", "coordinates": [ 22.536379, 40.273847 ] } },
{ "type": "Feature", "properties": { "fid": 159, "mm_id": 1016129, "name": "ΗΜΕΡΗΣΙΟ ΓΥΜΝΑΣΙΟ ΠΛΑΤΑΜΩΝΑ ΠΙΕΡΙΑΣ", "name_en": "DAY GYMNASIUM PLATAMONA PIERIAS" }, "geometry": { "type": "Point", "coordinates": [ 22.626416, 39.987985 ] } },
{ "type": "Feature", "properties": { "fid": 160, "mm_id": 1016131, "name": "ΗΜΕΡΗΣΙΟ ΓΥΜΝΑΣΙΟ ΡΗΤΙΝΗΣ ΠΙΕΡΙΑΣ", "name_en": "DAY GYMNASIUM RITINIS PIERIAS" }, "geometry": { "type": "Point", "coordinates": [ 22.283243, 40.286322 ] } },
{ "type": "Feature", "properties": { "fid": 161, "mm_id": 1001233, "name": "ΙΔΙΩΤΙΚΟ ΓΥΜΝΑΣΙΟ ΚΑΤΕΡΙΝΗ - ΓΥΜΝΑΣΙΟ ΠΛΑΤΩΝ", "name_en": "PRIVATE GYMNASIUM KATERINI - GYMNASIUM PLATON" }, "geometry": { "type": "Point", "coordinates": [ 22.501028, 40.302361 ] } },
{ "type": "Feature", "properties": { "fid": 162, "mm_id": 1016113, "name": "ΜΟΥΣΙΚΟ ΣΧΟΛΕΙΟ ΚΑΤΕΡΙΝΗΣ", "name_en": "MUSIC SCHOLEIO KATERINIS" }, "geometry": { "type": "Point", "coordinates": [ 22.509472, 40.262754 ] } },
{ "type": "Feature", "properties": { "fid": 163, "mm_id": 1014841, "name": "1ο ΗΜΕΡΗΣΙΟ ΓΥΜΝΑΣΙΟ ΑΛΙΑΡΤΟΥ - ΕΛΙΚΩΝΙΔΕΣ ΜΟΥΣΕΣ", "name_en": "1st DAY GYMNASIUM ALIARTOU - ELIKONIDES MOUSES" }, "geometry": { "type": "Point", "coordinates": [ 23.106416, 38.374584 ] } },
{ "type": "Feature", "properties": { "fid": 164, "mm_id": 1014823, "name": "1ο ΗΜΕΡΗΣΙΟ ΓΥΜΝΑΣΙΟ ΘΗΒΑΣ- ΙΣΜΗΝΙΟ", "name_en": "1st DAY GYMNASIUM THIVAS- ISMINIO" }, "geometry": { "type": "Point", "coordinates": [ 23.310014, 38.321506 ] } },
{ "type": "Feature", "properties": { "fid": 165, "mm_id": 1014838, "name": "1ο ΗΜΕΡΗΣΙΟ ΓΥΜΝΑΣΙΟ ΚΑΠΑΡΕΛΛΙΟΥ ΒΟΙΩΤΙΑΣ - ΧΡΗΣΤΟΣ ΠΑΠΑΘΑΝΑΣΙΟΥ", "name_en": "1st DAY GYMNASIUM KAPARELLIOU VOIOTIAS - CHRISTOS PAPATHANASIOU" }, "geometry": { "type": "Point", "coordinates": [ 23.213257, 38.231502 ] } },
{ "type": "Feature", "properties": { "fid": 166, "mm_id": 1018919, "name": "1ο ΗΜΕΡΗΣΙΟ ΓΥΜΝΑΣΙΟ ΛΙΒΑΔΕΙΑΣ", "name_en": "1st DAY GYMNASIUM LIVADEIAS" }, "geometry": { "type": "Point", "coordinates": [ 22.871581, 38.438725 ] } },
{ "type": "Feature", "properties": { "fid": 167, "mm_id": 1016117, "name": "4ο ΗΜΕΡΗΣΙΟ ΓΥΜΝΑΣΙΟ ΚΑΤΕΡΙΝΗΣ ΠΙΕΡΙΑΣ", "name_en": "4th DAY GYMNASIUM KATERINIS PIERIAS" }, "geometry": { "type": "Point", "coordinates": [ 22.500444, 40.269717 ] } },
{ "type": "Feature", "properties": { "fid": 168, "mm_id": 1014819, "name": "1ο ΗΜΕΡΗΣΙΟ ΓΥΜΝΑΣΙΟ ΟΡΧΟΜΕΝΟΥ ΒΟΙΩΤΙΑΣ", "name_en": "1st DAY GYMNASIUM ORCHOMENOU VOIOTIAS" }, "geometry": { "type": "Point", "coordinates": [ 22.977843, 38.500781 ] } },
{ "type": "Feature", "properties": { "fid": 169, "mm_id": 1014824, "name": "2ο ΗΜΕΡΗΣΙΟ ΓΥΜΝΑΣΙΟ ΘΗΒΑΣ - ΠΙΝΔΑΡΕΙΟ ΓΥΜΝΑΣΙΟ ΘΗΒΑΣ", "name_en": "2nd DAY GYMNASIUM THIVAS - PINDAREIO GYMNASIUM THIVAS" }, "geometry": { "type": "Point", "coordinates": [ 23.321218, 38.322265 ] } },
{ "type": "Feature", "properties": { "fid": 170, "mm_id": 1018584, "name": "2ο ΗΜΕΡΗΣΙΟ ΓΥΜΝΑΣΙΟ ΛΙΒΑΔΕΙΑΣ", "name_en": "2nd DAY GYMNASIUM LIVADEIAS" }, "geometry": { "type": "Point", "coordinates": [ 22.882477, 38.444037 ] } },
{ "type": "Feature", "properties": { "fid": 171, "mm_id": 1014820, "name": "2ο ΗΜΕΡΗΣΙΟ ΓΥΜΝΑΣΙΟ ΟΡΧΟΜΕΝΟΥ ΒΟΙΩΤΙΑΣ", "name_en": "2nd DAY GYMNASIUM ORCHOMENOU VOIOTIAS" }, "geometry": { "type": "Point", "coordinates": [ 22.978026, 38.500369 ] } },
{ "type": "Feature", "properties": { "fid": 172, "mm_id": 1014825, "name": "3ο ΗΜΕΡΗΣΙΟ ΓΥΜΝΑΣΙΟ ΘΗΒΩΝ", "name_en": "3rd DAY GYMNASIUM THIVON" }, "geometry": { "type": "Point", "coordinates": [ 23.311205, 38.328627 ] } },
{ "type": "Feature", "properties": { "fid": 173, "mm_id": 1014815, "name": "3ο ΗΜΕΡΗΣΙΟ ΓΥΜΝΑΣΙΟ ΛΙΒΑΔΕΙΑΣ", "name_en": "3rd DAY GYMNASIUM LIVADEIAS" }, "geometry": { "type": "Point", "coordinates": [ 22.870324, 38.442659 ] } },
{ "type": "Feature", "properties": { "fid": 174, "mm_id": 1014826, "name": "4ο ΗΜΕΡΗΣΙΟ ΓΥΜΝΑΣΙΟ ΘΗΒΑΣ \"ΗΡΑΚΛΕΙΟ\"", "name_en": "4th DAY GYMNASIUM THIVAS \"IRAKLEIO\"" }, "geometry": { "type": "Point", "coordinates": [ 23.320293, 38.309771 ] } },
{ "type": "Feature", "properties": { "fid": 175, "mm_id": 1014816, "name": "4ο ΗΜΕΡΗΣΙΟ ΓΥΜΝΑΣΙΟ ΛΙΒΑΔΕΙΑΣ - ΠΛΟΥΤΑΡΧΕΙΟ", "name_en": "4th DAY GYMNASIUM LIVADEIAS - PLOUTARCHEIO" }, "geometry": { "type": "Point", "coordinates": [ 22.881513, 38.43626 ] } },
{ "type": "Feature", "properties": { "fid": 176, "mm_id": 1014827, "name": "5ο ΗΜΕΡΗΣΙΟ ΓΥΜΝΑΣΙΟ ΘΗΒΑΣ - ΠΕΛΟΠΙΔΕΙΟ", "name_en": "5th DAY GYMNASIUM THIVAS - PELOPIDEIO" }, "geometry": { "type": "Point", "coordinates": [ 23.323722, 38.327852 ] } },
{ "type": "Feature", "properties": { "fid": 177, "mm_id": 1014846, "name": "ΓΥΜΝΑΣΙΟ ΑΝΤΙΚΥΡΑΣ", "name_en": "GYMNASIUM ANTIKYRAS" }, "geometry": { "type": "Point", "coordinates": [ 22.626739, 38.368696 ] } },
{ "type": "Feature", "properties": { "fid": 178, "mm_id": 1014828, "name": "ΓΥΜΝΑΣΙΟ ΚΑΙ ΛΥΚΕΙΑΚΕΣ ΤΑΞΕΙΣ ΔΟΜΒΡΑΙΝΑΣ", "name_en": "GYMNASIUM KAI L.C. DOMVRAINAS" }, "geometry": { "type": "Point", "coordinates": [ 22.982675, 38.25133 ] } },
{ "type": "Feature", "properties": { "fid": 179, "mm_id": 1014849, "name": "ΓΥΜΝΑΣΙΟ ΜΕ ΛΥΚΕΙΑΚΕΣ ΤΑΞΕΙΣ ΑΚΡΑΙΦΝΙΟΥ", "name_en": "GYMNASIUM WITH L.C. AKRAIFNIOU" }, "geometry": { "type": "Point", "coordinates": [ 23.214473, 38.454526 ] } },
{ "type": "Feature", "properties": { "fid": 180, "mm_id": 1014839, "name": "ΓΥΜΝΑΣΙΟ ΣΧΗΜΑΤΑΡΙΟΥ", "name_en": "GYMNASIUM SCHIMATARIOU" }, "geometry": { "type": "Point", "coordinates": [ 23.574275, 38.352072 ] } },
{ "type": "Feature", "properties": { "fid": 181, "mm_id": 1027282, "name": "ΕΝΙΑΙΟ ΕΙΔΙΚΟ ΕΠΑΓΓΕΛΜΑΤΙΚΟ ΓΥΜΝΑΣΙΟ (ΕΝ.Ε.Ε.ΓΥ.-Λ.) ΒΟΙΩΤΙΑΣ", "name_en": "UNIFIED SPECIAL VOCATIONAL GYMNASIUM (EN.E.E.GY.-L.) VOIOTIAS" }, "geometry": { "type": "Point", "coordinates": [ 23.057416, 38.371516 ] } },
{ "type": "Feature", "properties": { "fid": 182, "mm_id": 1014829, "name": "ΕΣΠΕΡΙΝΟ ΓΥΜΝΑΣΙΟ ΜΕ Λ.Τ. ΘΗΒΑΣ", "name_en": "EVENING GYMNASIUM WITH L.C. THIVAS" }, "geometry": { "type": "Point", "coordinates": [ 23.321587, 38.322371 ] } },
{ "type": "Feature", "properties": { "fid": 183, "mm_id": 1014817, "name": "ΕΣΠΕΡΙΝΟ ΓΥΜΝΑΣΙΟ ΜΕ ΛΥΚΕΙΑΚΕΣ ΤΑΞΕΙΣ ΛΙΒΑΔΕΙΑΣ", "name_en": "EVENING GYMNASIUM WITH L.C. LIVADEIAS" }, "geometry": { "type": "Point", "coordinates": [ 22.871747, 38.438615 ] } },
{ "type": "Feature", "properties": { "fid": 184, "mm_id": 1014847, "name": "ΗΜΕΡΗΣΙΟ ΓΥΜΝΑΣΙΟ - Λ.Τ. ΚΥΡΙΑΚΙΟΥ", "name_en": "DAY GYMNASIUM - L.C. KYRIAKIOU" }, "geometry": { "type": "Point", "coordinates": [ 22.786999, 38.354152 ] } },
{ "type": "Feature", "properties": { "fid": 185, "mm_id": 1014844, "name": "ΗΜΕΡΗΣΙΟ ΓΥΜΝΑΣΙΟ ΑΓΙΟΥ ΓΕΩΡΓΙΟΥ ΒΟΙΩΤΙΑΣ", "name_en": "DAY GYMNASIUM AGIOU GEORGIOU VOIOTIAS" }, "geometry": { "type": "Point", "coordinates": [ 22.930336, 38.397063 ] } },
{ "type": "Feature", "properties": { "fid": 186, "mm_id": 1014831, "name": "ΗΜΕΡΗΣΙΟ ΓΥΜΝΑΣΙΟ ΑΡΑΧΟΒΑΣ ΒΟΙΩΤΙΑΣ - ΚΑΡΑΪΣΚΑΚΕΙΟ", "name_en": "DAY GYMNASIUM ARACHOVAS VOIOTIAS - KARAΪSKAKEIO" }, "geometry": { "type": "Point", "coordinates": [ 22.581234, 38.480353 ] } },
{ "type": "Feature", "properties": { "fid": 187, "mm_id": 1014832, "name": "ΗΜΕΡΗΣΙΟ ΓΥΜΝΑΣΙΟ ΒΑΓΙΩΝ ΒΟΙΩΤΙΑΣ - ΜΗΤΡΟΣ ΜΠΙΝΙΑΡΗΣ", "name_en": "DAY GYMNASIUM VAGION VOIOTIAS - MITROS MPINIARIS" }, "geometry": { "type": "Point", "coordinates": [ 23.171177, 38.315368 ] } },
{ "type": "Feature", "properties": { "fid": 188, "mm_id": 1014837, "name": "ΗΜΕΡΗΣΙΟ ΓΥΜΝΑΣΙΟ ΔΙΣΤΟΜΟΥ ΒΟΙΩΤΙΑΣ", "name_en": "DAY GYMNASIUM DISTOMOU VOIOTIAS" }, "geometry": { "type": "Point", "coordinates": [ 22.670555, 38.428786 ] } },
{ "type": "Feature", "properties": { "fid": 189, "mm_id": 1014834, "name": "ΗΜΕΡΗΣΙΟ ΓΥΜΝΑΣΙΟ ΘΕΣΠΙΩΝ", "name_en": "DAY GYMNASIUM THESPION" }, "geometry": { "type": "Point", "coordinates": [ 23.150477, 38.307191 ] } },
{ "type": "Feature", "properties": { "fid": 190, "mm_id": 1014843, "name": "ΗΜΕΡΗΣΙΟ ΓΥΜΝΑΣΙΟ ΚΑΙ ΛΥΚΕΙΑΚΕΣ ΤΑΞΕΙΣ ΔΑΥΛΕΙΑΣ ΒΟΙΩΤΙΑΣ", "name_en": "DAY GYMNASIUM KAI L.C. DAYLEIAS VOIOTIAS" }, "geometry": { "type": "Point", "coordinates": [ 22.728983, 38.516462 ] } },
{ "type": "Feature", "properties": { "fid": 191, "mm_id": 1014842, "name": "ΗΜΕΡΗΣΙΟ ΓΥΜΝΑΣΙΟ ΜΕ Λ.Τ. ΑΣΩΠΙΑΣ ΒΟΙΩΤΙΑΣ", "name_en": "DAY GYMNASIUM WITH L.C. ASOPIAS VOIOTIAS" }, "geometry": { "type": "Point", "coordinates": [ 23.497633, 38.301663 ] } },
{ "type": "Feature", "properties": { "fid": 192, "mm_id": 1014840, "name": "ΗΜΕΡΗΣΙΟ ΓΥΜΝΑΣΙΟ ΟΙΝΟΦΥΤΩΝ ΒΟΙΩΤΙΑΣ", "name_en": "DAY GYMNASIUM OINOFYTON VOIOTIAS" }, "geometry": { "type": "Point", "coordinates": [ 23.641381, 38.305514 ] } },
{ "type": "Feature", "properties": { "fid": 193, "mm_id": 1014836, "name": "ΗΜΕΡΗΣΙΟ ΓΥΜΝΑΣΙΟ ΠΥΛΗΣ ΒΟΙΩΤΙΑΣ - ΓΥΜΝΑΣΙΟ ΠΥΛΗΣ ΜΕ ΛΥΚΕΙΑΚΕΣ ΤΑΞΕΙΣ", "name_en": "DAY GYMNASIUM PYLIS VOIOTIAS - GYMNASIUM PYLIS WITH L.C." }, "geometry": { "type": "Point", "coordinates": [ 23.496276, 38.212701 ] } },
{ "type": "Feature", "properties": { "fid": 194, "mm_id": 1025332, "name": "ΜΟΥΣΙΚΟ ΓΥΜΝΑΣΙΟ ΛΙΒΑΔΕΙΑΣ", "name_en": "MUSIC GYMNASIUM LIVADEIAS" }, "geometry": { "type": "Point", "coordinates": [ 22.93045, 38.3945 ] } },
{ "type": "Feature", "properties": { "fid": 195, "mm_id": 1016233, "name": "1ο ΗΜΕΡΗΣΙΟ ΓΥΜΝΑΣΙΟ ΚΟΜΟΤΗΝΗΣ ΡΟΔΟΠΗΣ - ΠΡΩΤΟ ΓΥΜΝΑΣΙΟ ΚΟΜΟΤΗΝΗΣ", "name_en": "1st DAY GYMNASIUM KOMOTINIS RODOPIS - PROTO GYMNASIUM KOMOTINIS" }, "geometry": { "type": "Point", "coordinates": [ 25.398995, 41.114865 ] } },
{ "type": "Feature", "properties": { "fid": 196, "mm_id": 1016234, "name": "2ο ΗΜΕΡΗΣΙΟ ΓΥΜΝΑΣΙΟ ΚΟΜΟΤΗΝΗΣ", "name_en": "2nd DAY GYMNASIUM KOMOTINIS" }, "geometry": { "type": "Point", "coordinates": [ 25.406614, 41.108846 ] } },
{ "type": "Feature", "properties": { "fid": 197, "mm_id": 1016235, "name": "3ο ΗΜΕΡΗΣΙΟ ΓΥΜΝΑΣΙΟ ΚΟΜΟΤΗΝΗΣ ΡΟΔΟΠΗΣ", "name_en": "3rd DAY GYMNASIUM KOMOTINIS RODOPIS" }, "geometry": { "type": "Point", "coordinates": [ 25.394614, 41.120683 ] } },
{ "type": "Feature", "properties": { "fid": 198, "mm_id": 1016236, "name": "4ο ΗΜΕΡΗΣΙΟ ΓΥΜΝΑΣΙΟ ΚΟΜΟΤΗΝΗΣ", "name_en": "4th DAY GYMNASIUM KOMOTINIS" }, "geometry": { "type": "Point", "coordinates": [ 25.407332, 41.129533 ] } },
{ "type": "Feature", "properties": { "fid": 199, "mm_id": 1026690, "name": "5ο ΠΕΙΡΑΜΑΤΙΚΟ ΓΥΜΝΑΣΙΟ ΚΟΜΟΤΗΝΗΣ", "name_en": "5th EXPERIMENTAL GYMNASIUM KOMOTINIS" }, "geometry": { "type": "Point", "coordinates": [ 25.405735, 41.115166 ] } },
{ "type": "Feature", "properties": { "fid": 200, "mm_id": 1016240, "name": "ΓΥΜΝΑΣΙΟ ΔΙΑΠΟΛΙΤΙΣΜΙΚΗΣ ΕΚΠΑΙΔΕΥΣΗΣ ΣΑΠΩΝ", "name_en": "GYMNASIUM INTERCULTURAL EDUCATION SAPON" }, "geometry": { "type": "Point", "coordinates": [ 25.702823, 41.022125 ] } },
{ "type": "Feature", "properties": { "fid": 201, "mm_id": 1016243, "name": "ΓΥΜΝΑΣΙΟ ΜΕ Λ.Τ. ΞΥΛΑΓΑΝΗΣ", "name_en": "GYMNASIUM WITH L.C. XYLAGANIS" }, "geometry": { "type": "Point", "coordinates": [ 25.427669, 40.971827 ] } },
{ "type": "Feature", "properties": { "fid": 202, "mm_id": 1025355, "name": "ΕΝΙΑΙΟ ΕΙΔΙΚΟ ΕΠΑΓΓΕΛΜΑΤΙΚΟ ΓΥΜΝΑΣΙΟ-ΛΥΚΕΙΟ ΚΟΜΟΤΗΝΗΣ", "name_en": "UNIFIED SPECIAL VOCATIONAL GYMNASIUM-LYCEUM KOMOTINIS" }, "geometry": { "type": "Point", "coordinates": [ 25.300101, 41.112345 ] } },
{ "type": "Feature", "properties": { "fid": 203, "mm_id": 1016237, "name": "ΕΣΠΕΡΙΝΟ ΓΥΜΝΑΣΙΟ ΜΕ ΛΥΚΕΙΑΚΕΣ ΤΑΞΕΙΣ ΚΟΜΟΤΗΝΗΣ", "name_en": "EVENING GYMNASIUM WITH L.C. KOMOTINIS" }, "geometry": { "type": "Point", "coordinates": [ 25.397155, 41.122072 ] } },
{ "type": "Feature", "properties": { "fid": 204, "mm_id": 1016242, "name": "ΗΜΕΡΗΣΙΟ ΓΥΜΝΑΣΙΟ ΙΑΣΜΟΥ ΡΟΔΟΠΗΣ- ΓΥΜΝΑΣΙΟ", "name_en": "DAY GYMNASIUM IASMOU RODOPIS- GYMNASIUM" }, "geometry": { "type": "Point", "coordinates": [ 25.178018, 41.124953 ] } },
{ "type": "Feature", "properties": { "fid": 205, "mm_id": 1016244, "name": "ΗΜΕΡΗΣΙΟ ΓΥΜΝΑΣΙΟ ΝΕΑΣ ΚΑΛΛΙΣΤΗΣ ΡΟΔΟΠΗΣ", "name_en": "DAY GYMNASIUM NEAS KALLISTIS RODOPIS" }, "geometry": { "type": "Point", "coordinates": [ 25.214695, 41.031879 ] } },
{ "type": "Feature", "properties": { "fid": 206, "mm_id": 1016246, "name": "ΗΜΕΡΗΣΙΟ ΓΥΜΝΑΣΙΟ ΟΡΓΑΝΗΣ ΡΟΔΟΠΗΣ", "name_en": "DAY GYMNASIUM ORGANIS RODOPIS" }, "geometry": { "type": "Point", "coordinates": [ 25.684797, 41.253327 ] } },
{ "type": "Feature", "properties": { "fid": 207, "mm_id": 1027116, "name": "ΚΑΛΛΙΤΕΧΝΙΚΟ ΓΥΜΝΑΣΙΟ ΚΟΜΟΤΗΝΗΣ", "name_en": "ART GYMNASIUM KOMOTINIS" }, "geometry": { "type": "Point", "coordinates": [ 25.354921, 41.022611 ] } },
{ "type": "Feature", "properties": { "fid": 208, "mm_id": 1020676, "name": "ΜΕΙΟΝΟΤΙΚΟ ΓΥΜΝΑΣΙΟ-ΛΥΚΕΙΟ ΚΟΜΟΤΗΝΗΣ", "name_en": "MINORITY GYMNASIUM-LYCEUM KOMOTINIS" }, "geometry": { "type": "Point", "coordinates": [ 25.410542, 41.122713 ] } },
{ "type": "Feature", "properties": { "fid": 209, "mm_id": 1018798, "name": "ΜΟΥΣΙΚΟ ΓΥΜΝΑΣΙΟ-ΛΥΚΕΙΟ ΚΟΜΟΤΗΝΗΣ ΡΟΔΟΠΗΣ", "name_en": "MUSIC GYMNASIUM-LYCEUM KOMOTINIS RODOPIS" }, "geometry": { "type": "Point", "coordinates": [ 25.393116, 41.122688 ] } },
{ "type": "Feature", "properties": { "fid": 210, "mm_id": 1015896, "name": "1ο ΗΜΕΡΗΣΙΟ ΓΥΜΝΑΣΙΟ ΑΓΙΟΥ ΝΙΚΟΛΑΟΥ ΛΑΣΙΘΙΟΥ", "name_en": "1st DAY GYMNASIUM AGIOU NIKOLAOU LASITHIOU" }, "geometry": { "type": "Point", "coordinates": [ 25.716165, 35.189749 ] } },
{ "type": "Feature", "properties": { "fid": 211, "mm_id": 1015900, "name": "1ο ΗΜΕΡΗΣΙΟ ΓΥΜΝΑΣΙΟ ΙΕΡΑΠΕΤΡΑΣ ΛΑΣΙΘΙΟΥ", "name_en": "1st DAY GYMNASIUM IERAPETRAS LASITHIOU" }, "geometry": { "type": "Point", "coordinates": [ 25.743167, 35.012211 ] } },
{ "type": "Feature", "properties": { "fid": 212, "mm_id": 1015905, "name": "1ο ΗΜΕΡΗΣΙΟ ΓΥΜΝΑΣΙΟ ΣΗΤΕΙΑΣ ΛΑΣΙΘΙΟΥ", "name_en": "1st DAY GYMNASIUM SITEIAS LASITHIOU" }, "geometry": { "type": "Point", "coordinates": [ 26.100412, 35.20785 ] } },
{ "type": "Feature", "properties": { "fid": 213, "mm_id": 1015897, "name": "2ο ΗΜΕΡΗΣΙΟ ΓΥΜΝΑΣΙΟ ΑΓΙΟΥ ΝΙΚΟΛΑΟΥ ΛΑΣΙΘΙΟΥ", "name_en": "2nd DAY GYMNASIUM AGIOU NIKOLAOU LASITHIOU" }, "geometry": { "type": "Point", "coordinates": [ 25.708262, 35.200305 ] } },
{ "type": "Feature", "properties": { "fid": 214, "mm_id": 1015901, "name": "2ο ΗΜΕΡΗΣΙΟ ΓΥΜΝΑΣΙΟ ΙΕΡΑΠΕΤΡΑΣ ΛΑΣΙΘΙΟΥ", "name_en": "2nd DAY GYMNASIUM IERAPETRAS LASITHIOU" }, "geometry": { "type": "Point", "coordinates": [ 25.802074, 35.023236 ] } },
{ "type": "Feature", "properties": { "fid": 215, "mm_id": 1015906, "name": "2ο ΗΜΕΡΗΣΙΟ ΓΥΜΝΑΣΙΟ ΣΗΤΕΙΑΣ ΛΑΣΙΘΙΟΥ", "name_en": "2nd DAY GYMNASIUM SITEIAS LASITHIOU" }, "geometry": { "type": "Point", "coordinates": [ 26.100439, 35.208325 ] } },
{ "type": "Feature", "properties": { "fid": 216, "mm_id": 1015898, "name": "3ο ΗΜΕΡΗΣΙΟ ΓΥΜΝΑΣΙΟ ΑΓΙΟΥ ΝΙΚΟΛΑΟΥ", "name_en": "3rd DAY GYMNASIUM AGIOU NIKOLAOU" }, "geometry": { "type": "Point", "coordinates": [ 25.707771, 35.200255 ] } },
{ "type": "Feature", "properties": { "fid": 217, "mm_id": 1015902, "name": "3ο ΠΕΙΡΑΜΑΤΙΚΟ ΓΥΜΝΑΣΙΟ ΙΕΡΑΠΕΤΡΑΣ ΛΑΣΙΘΙΟΥ", "name_en": "3rd EXPERIMENTAL GYMNASIUM IERAPETRAS LASITHIOU" }, "geometry": { "type": "Point", "coordinates": [ 25.744943, 35.01075 ] } },
{ "type": "Feature", "properties": { "fid": 218, "mm_id": 1015913, "name": "ΓΥΜΝΑΣΙΟ ΚΟΥΤΣΟΥΡΑ", "name_en": "GYMNASIUM KOUTSOURA" }, "geometry": { "type": "Point", "coordinates": [ 25.929784, 35.034159 ] } },
{ "type": "Feature", "properties": { "fid": 219, "mm_id": 1027166, "name": "Ενιαίο Ειδικό Επαγγελματικό Γυμνάσιο – Λύκειο (ΕΝ.Ε.Ε.ΓΥ.-Λ.) Ιεράπετρας", "name_en": "Unified Special Vocational GYMNASIUM – LYCEUM (EN.E.E.GY.-L.) Ierapetras" }, "geometry": { "type": "Point", "coordinates": [ 25.732618, 35.014439 ] } },
{ "type": "Feature", "properties": { "fid": 220, "mm_id": 1015910, "name": "ΗΜΕΡΗΣΙΟ ΓΥΜΝΑΣΙΟ ΚΡΙΤΣΑΣ ΛΑΣΙΘΙΟΥ", "name_en": "DAY GYMNASIUM KRITSAS LASITHIOU" }, "geometry": { "type": "Point", "coordinates": [ 25.646192, 35.156425 ] } },
{ "type": "Feature", "properties": { "fid": 221, "mm_id": 1015903, "name": "ΗΜΕΡΗΣΙΟ ΓΥΜΝΑΣΙΟ ΝΕΑΠΟΛΕΩΣ ΛΑΣΙΘΙΟΥ", "name_en": "DAY GYMNASIUM NEAPOLEOS LASITHIOU" }, "geometry": { "type": "Point", "coordinates": [ 25.596834, 35.2595 ] } },
{ "type": "Feature", "properties": { "fid": 222, "mm_id": 1015912, "name": "ΗΜΕΡΗΣΙΟ ΓΥΜΝΑΣΙΟ ΠΑΛΑΙΚΑΣΤΡΟΥ ΛΑΣΙΘΙΟΥ - ΓΥΜΝΑΣΙΟ ΠΑΛΑΙΚΑΣΤΡΟΥ", "name_en": "DAY GYMNASIUM PALAIKASTROU LASITHIOU - GYMNASIUM PALAIKASTROU" }, "geometry": { "type": "Point", "coordinates": [ 26.249312, 35.201232 ] } },
{ "type": "Feature", "properties": { "fid": 223, "mm_id": 1015908, "name": "ΗΜΕΡΗΣΙΟ ΓΥΜΝΑΣΙΟ ΤΖΕΡΜΙΑΔΩΝ ΛΑΣΙΘΙΟΥ - ΓΥΜΝΑΣΙΟ ΤΖΕΡΜΙΑΔΩΝ", "name_en": "DAY GYMNASIUM TZERMIADON LASITHIOU - GYMNASIUM TZERMIADON" }, "geometry": { "type": "Point", "coordinates": [ 25.490212, 35.197577 ] } },
{ "type": "Feature", "properties": { "fid": 224, "mm_id": 1015911, "name": "ΗΜΕΡΗΣΙΟ ΓΥΜΝΑΣΙΟ ΤΟΥΡΛΩΤΗΣ ΛΑΣΙΘΙΟΥ", "name_en": "DAY GYMNASIUM TOURLOTIS LASITHIOU" }, "geometry": { "type": "Point", "coordinates": [ 25.937408, 35.160855 ] } },
{ "type": "Feature", "properties": { "fid": 225, "mm_id": 1015909, "name": "ΗΜΕΡΗΣΙΟ ΓΥΜΝΑΣΙΟ ΧΑΝΔΡΑ ΛΑΣΙΘΙΟΥ", "name_en": "DAY GYMNASIUM CHANDRA LASITHIOU" }, "geometry": { "type": "Point", "coordinates": [ 26.097032, 35.080237 ] } },
{ "type": "Feature", "properties": { "fid": 226, "mm_id": 1026313, "name": "ΜΟΥΣΙΚΟ ΓΥΜΝΑΣΙΟ ΛΑΣΙΘΙΟΥ", "name_en": "MUSIC GYMNASIUM LASITHIOU" }, "geometry": { "type": "Point", "coordinates": [ 25.85839, 35.12253 ] } },
{ "type": "Feature", "properties": { "fid": 227, "mm_id": 1011776, "name": "1ο ΠΕΙΡΑΜΑΤΙΚΟ  ΓΥΜΝΑΣΙΟ ΣΑΜΟΥ ΜΕ ΛΥΚΕΙΑΚΕΣ ΤΑΞΕΙΣ", "name_en": "1st EXPERIMENTAL  GYMNASIUM SAMOU WITH L.C." }, "geometry": { "type": "Point", "coordinates": [ 26.978674, 37.752324 ] } },
{ "type": "Feature", "properties": { "fid": 228, "mm_id": 1001235, "name": "2ο ΗΜΕΡΗΣΙΟ ΓΥΜΝΑΣΙΟ ΣΑΜΟΥ", "name_en": "2nd DAY GYMNASIUM SAMOU" }, "geometry": { "type": "Point", "coordinates": [ 26.979344, 37.752085 ] } },
{ "type": "Feature", "properties": { "fid": 229, "mm_id": 1001238, "name": "ΗΜΕΡΗΣΙΟ ΓΥΜΝΑΣΙΟ ΚΑΡΛΟΒΑΣΙΟΥ - 4303010", "name_en": "DAY GYMNASIUM KARLOVASIOU - 4303010" }, "geometry": { "type": "Point", "coordinates": [ 26.706815, 37.795759 ] } },
{ "type": "Feature", "properties": { "fid": 230, "mm_id": 1001243, "name": "ΗΜΕΡΗΣΙΟ ΓΥΜΝΑΣΙΟ ΜΑΡΑΘΟΚΑΜΠΟΥ ΣΑΜΟΥ", "name_en": "DAY GYMNASIUM MARATHOKAMPOU SAMOU" }, "geometry": { "type": "Point", "coordinates": [ 26.687981, 37.726067 ] } },
{ "type": "Feature", "properties": { "fid": 231, "mm_id": 1001236, "name": "ΗΜΕΡΗΣΙΟ ΓΥΜΝΑΣΙΟ ΠΥΘΑΓΟΡΕΙΟΥ ΣΑΜΟΥ", "name_en": "DAY GYMNASIUM PYTHAGOREIOU SAMOU" }, "geometry": { "type": "Point", "coordinates": [ 26.941777, 37.693331 ] } },
{ "type": "Feature", "properties": { "fid": 232, "mm_id": 1001237, "name": "ΗΜΕΡΗΣΙΟ ΓΥΜΝΑΣΙΟ ΠΥΡΓΟΥ ΣΑΜΟΥ", "name_en": "DAY GYMNASIUM PYRGOU SAMOU" }, "geometry": { "type": "Point", "coordinates": [ 26.808568, 37.71646 ] } },
{ "type": "Feature", "properties": { "fid": 233, "mm_id": 1025540, "name": "ΜΟΥΣΙΚΟ ΓΥΜΝΑΣΙΟ ΚΑΙ ΛΥΚΕΙΟ ΣΑΜΟΥ", "name_en": "MUSIC GYMNASIUM KAI LYCEUM SAMOU" }, "geometry": { "type": "Point", "coordinates": [ 26.973114, 37.745274 ] } },
{ "type": "Feature", "properties": { "fid": 234, "mm_id": 1001118, "name": "ΓΥΜΝΑΣΙΟ ΕΜΠΟΡΕΙΟΥ", "name_en": "GYMNASIUM EMPOREIOU" }, "geometry": { "type": "Point", "coordinates": [ 25.445104, 36.355392 ] } },
{ "type": "Feature", "properties": { "fid": 235, "mm_id": 1001086, "name": "ΓΥΜΝΑΣΙΟ ΘΗΡΑΣ", "name_en": "GYMNASIUM THIRAS" }, "geometry": { "type": "Point", "coordinates": [ 25.433759, 36.416222 ] } },
{ "type": "Feature", "properties": { "fid": 236, "mm_id": 1001088, "name": "ΓΥΜΝΆΣΙΟ ΜΕ Λ.Τ. ΑΝΑΦΗΣ - \"Μανώλης Γλέζος\"", "name_en": "GYMNASIUM WITH L.C. ANAFIS - \"Manolis Glezos\"" }, "geometry": { "type": "Point", "coordinates": [ 25.76803, 36.351447 ] } },
{ "type": "Feature", "properties": { "fid": 237, "mm_id": 1001120, "name": "ΓΥΜΝΑΣΙΟ με Λ.Τ. ΘΗΡΑΣΙΑΣ", "name_en": "GYMNASIUM with L.C. THIRASIAS" }, "geometry": { "type": "Point", "coordinates": [ 25.384497, 36.466359 ] } },
{ "type": "Feature", "properties": { "fid": 238, "mm_id": 1001113, "name": "ΓΥΜΝΑΣΙΟ με Λ.Τ. ΣΙΚΙΝΟΥ", "name_en": "GYMNASIUM with L.C. SIKINOU" }, "geometry": { "type": "Point", "coordinates": [ 25.117995, 36.695343 ] } },
{ "type": "Feature", "properties": { "fid": 239, "mm_id": 1001092, "name": "ΓΥΜΝΑΣΙΟ με Λ.Τ. ΦΟΛΕΓΑΝΔΡΟΥ", "name_en": "GYMNASIUM with L.C. FOLEGANDROU" }, "geometry": { "type": "Point", "coordinates": [ 24.921897, 36.627721 ] } },
{ "type": "Feature", "properties": { "fid": 240, "mm_id": 1001119, "name": "ΓΥΜΝΑΣΙΟ ΜΕΣΑΡΙΑΣ", "name_en": "GYMNASIUM MESARIAS" }, "geometry": { "type": "Point", "coordinates": [ 25.450292, 36.398256 ] } },
{ "type": "Feature", "properties": { "fid": 241, "mm_id": 1027285, "name": "ΕΝΙΑΙΟ ΕΙΔΙΚΟ ΕΠΑΓΓΕΛΜΑΤΙΚΟ ΓΥΜΝΑΣΙΟ (ΕΝ.Ε.Ε.ΓΥ.-Λ.) ΘΗΡΑΣ", "name_en": "UNIFIED SPECIAL VOCATIONAL GYMNASIUM (EN.E.E.GY.-L.) THIRAS" }, "geometry": { "type": "Point", "coordinates": [ 25.449891, 36.398343 ] } },
{ "type": "Feature", "properties": { "fid": 242, "mm_id": 1018227, "name": "ΗΜΕΡΗΣΙΟ ΓΥΜΝΑΣΙΟ ΜΕ Λ.Τ. ΙΟΥ- ΒΑΛΕΤΕΙΟ", "name_en": "DAY GYMNASIUM WITH L.C. IOU- VALETEIO" }, "geometry": { "type": "Point", "coordinates": [ 25.278341, 36.724094 ] } },
{ "type": "Feature", "properties": { "fid": 243, "mm_id": 1015935, "name": "1ο ΗΜΕΡΗΣΙΟ ΓΥΜΝΑΣΙΟ ΛΕΥΚΑΔΑΣ", "name_en": "1st DAY GYMNASIUM LEYKADAS" }, "geometry": { "type": "Point", "coordinates": [ 20.708395, 38.828728 ] } },
{ "type": "Feature", "properties": { "fid": 244, "mm_id": 1015936, "name": "2ο ΗΜΕΡΗΣΙΟ ΓΥΜΝΑΣΙΟ ΛΕΥΚΑΔΑΣ", "name_en": "2nd DAY GYMNASIUM LEYKADAS" }, "geometry": { "type": "Point", "coordinates": [ 20.698508, 38.835548 ] } },
{ "type": "Feature", "properties": { "fid": 245, "mm_id": 1015939, "name": "ΓΥΜΝΑΣΙΟ ΚΑΙ ΓΕΝΙΚΕΣ ΛΥΚΕΙΑΚΕΣ ΤΑΞΕΙΣ ΒΑΣΙΛΙΚΗΣ", "name_en": "GYMNASIUM KAI GENIKES L.C. VASILIKIS" }, "geometry": { "type": "Point", "coordinates": [ 20.607571, 38.627413 ] } },
{ "type": "Feature", "properties": { "fid": 246, "mm_id": 1015938, "name": "ΗΜΕΡΗΣΙΟ ΓΥΜΝΑΣΙΟ & ΛΥΚΕΙΑΚΕΣ ΤΑΞΕΙΣ ΚΑΡΥΑΣ ΛΕΥΚΑΔΑΣ", "name_en": "DAY GYMNASIUM & L.C. KARYAS LEYKADAS" }, "geometry": { "type": "Point", "coordinates": [ 20.650844, 38.761737 ] } },
{ "type": "Feature", "properties": { "fid": 247, "mm_id": 1015942, "name": "ΗΜΕΡΗΣΙΟ ΓΥΜΝΑΣΙΟ ΜΕ ΛΥΚΕΙΑΚΕΣ ΤΑΞΕΙΣ ΜΕΓΑΝΗΣΙΟΥ ΛΕΥΚΑΔΑΣ - ΤΑΦΙΟ ΓΥΜΝΑΣΙΟ ΜΕΓΑΝΗΣΙΟΥ", "name_en": "DAY GYMNASIUM WITH L.C. MEGANISIOU LEYKADAS - TAFIO GYMNASIUM MEGANISIOU" }, "geometry": { "type": "Point", "coordinates": [ 20.757443, 38.657905 ] } },
{ "type": "Feature", "properties": { "fid": 248, "mm_id": 1015940, "name": "ΗΜΕΡΗΣΙΟ ΓΥΜΝΑΣΙΟ ΝΥΔΡΙΟΥ ΛΕΥΚΑΔΑΣ", "name_en": "DAY GYMNASIUM NYDRIOU LEYKADAS" }, "geometry": { "type": "Point", "coordinates": [ 20.706576, 38.709649 ] } },
{ "type": "Feature", "properties": { "fid": 249, "mm_id": 1015937, "name": "ΜΟΥΣΙΚΟ ΓΥΜΝΑΣΙΟ ΛΕΥΚΑΔΑΣ ΚΑΙ ΛΥΚΕΙΑΚΕΣ ΤΑΞΕΙΣ", "name_en": "MUSIC GYMNASIUM LEYKADAS KAI L.C." }, "geometry": { "type": "Point", "coordinates": [ 20.710602, 38.824983 ] } },
{ "type": "Feature", "properties": { "fid": 250, "mm_id": 1011978, "name": "10ο ΗΜΕΡΗΣΙΟ ΓΥΜΝΑΣΙΟ ΒΟΛΟΥ", "name_en": "10th DAY GYMNASIUM VOLOU" }, "geometry": { "type": "Point", "coordinates": [ 22.91153, 39.36394 ] } },
{ "type": "Feature", "properties": { "fid": 251, "mm_id": 1027187, "name": "12ο ΗΜΕΡΗΣΙΟ ΓΥΜΝΑΣΙΟ & Λ.Τ. ΒΟΛΟΥ", "name_en": "12th DAY GYMNASIUM & L.C. VOLOU" }, "geometry": { "type": "Point", "coordinates": [ 22.953816, 39.373578 ] } },
{ "type": "Feature", "properties": { "fid": 252, "mm_id": 1027218, "name": "13ο ΗΜΕΡΗΣΙΟ ΓΥΜΝΑΣΙΟ ΒΟΛΟΥ", "name_en": "13th DAY GYMNASIUM VOLOU" }, "geometry": { "type": "Point", "coordinates": [ 22.938999, 39.375877 ] } },
{ "type": "Feature", "properties": { "fid": 253, "mm_id": 1018040, "name": "1ο ΗΜΕΡΗΣΙΟ ΓΥΜΝΑΣΙΟ ΑΛΜΥΡΟΥ ΜΑΓΝΗΣΙΑΣ", "name_en": "1st DAY GYMNASIUM ALMYROU MAGNISIAS" }, "geometry": { "type": "Point", "coordinates": [ 22.76014, 39.177293 ] } },
{ "type": "Feature", "properties": { "fid": 254, "mm_id": 1013243, "name": "1ο ΗΜΕΡΗΣΙΟ ΓΥΜΝΑΣΙΟ ΒΟΛΟΥ - ΠΑΓΚΥΠΡΙΟ", "name_en": "1st DAY GYMNASIUM VOLOU - PAGKYPRIO" }, "geometry": { "type": "Point", "coordinates": [ 22.957427, 39.367053 ] } },
{ "type": "Feature", "properties": { "fid": 255, "mm_id": 1013991, "name": "1ο ΗΜΕΡΗΣΙΟ ΓΥΜΝΑΣΙΟ ΖΑΓΟΡΑΣ ΜΑΓΝΗΣΙΑΣ - ΠΟΛΥΜΕΡΕΙΟ", "name_en": "1st DAY GYMNASIUM ZAGORAS MAGNISIAS - POLYMEREIO" }, "geometry": { "type": "Point", "coordinates": [ 23.102798, 39.439733 ] } },
{ "type": "Feature", "properties": { "fid": 256, "mm_id": 1001203, "name": "1ο ΗΜΕΡΗΣΙΟ ΓΥΜΝΑΣΙΟ ΝΕΑΣ ΙΩΝΙΑΣ ΜΑΓΝΗΣΙΑΣ - ΠΕΙΡΑΜΑΤΙΚΟ", "name_en": "1st DAY GYMNASIUM NEAS IONIAS MAGNISIAS - EXPERIMENTAL" }, "geometry": { "type": "Point", "coordinates": [ 22.939155, 39.379598 ] } },
{ "type": "Feature", "properties": { "fid": 257, "mm_id": 1013986, "name": "2ο ΗΜΕΡΗΣΙΟ ΓΥΜΝΑΣΙΟ ΑΛΜΥΡΟΥ ΜΑΓΝΗΣΙΑΣ", "name_en": "2nd DAY GYMNASIUM ALMYROU MAGNISIAS" }, "geometry": { "type": "Point", "coordinates": [ 22.767962, 39.186258 ] } },
{ "type": "Feature", "properties": { "fid": 258, "mm_id": 1027188, "name": "2ο ΗΜΕΡΗΣΙΟ ΓΥΜΝΑΣΙΟ ΝΕΑΣ ΑΓΧΙΑΛΟΥ ΜΕ ΛΥΚΕΙΑΚΕΣ ΤΑΞΕΙΣ", "name_en": "2nd DAY GYMNASIUM NEAS AGCHIALOU WITH L.C." }, "geometry": { "type": "Point", "coordinates": [ 22.740914, 39.24764 ] } },
{ "type": "Feature", "properties": { "fid": 259, "mm_id": 1001204, "name": "2ο ΗΜΕΡΗΣΙΟ ΓΥΜΝΑΣΙΟ ΝΕΑΣ ΙΩΝΙΑΣ ΜΑΓΝΗΣΙΑΣ", "name_en": "2nd DAY GYMNASIUM NEAS IONIAS MAGNISIAS" }, "geometry": { "type": "Point", "coordinates": [ 22.928274, 39.384393 ] } },
{ "type": "Feature", "properties": { "fid": 260, "mm_id": 1017920, "name": "2ο ΠΡΟΤΥΠΟ ΗΜΕΡΗΣΙΟ ΓΥΜΝΑΣΙΟ ΒΟΛΟΥ", "name_en": "2nd MODEL DAY GYMNASIUM VOLOU" }, "geometry": { "type": "Point", "coordinates": [ 22.965296, 39.3516 ] } },
{ "type": "Feature", "properties": { "fid": 261, "mm_id": 1001196, "name": "3ο ΗΜΕΡΗΣΙΟ ΓΥΜΝΑΣΙΟ ΒΟΛΟΥ", "name_en": "3rd DAY GYMNASIUM VOLOU" }, "geometry": { "type": "Point", "coordinates": [ 22.953442, 39.3661 ] } },
{ "type": "Feature", "properties": { "fid": 262, "mm_id": 1001205, "name": "3ο ΗΜΕΡΗΣΙΟ ΓΥΜΝΑΣΙΟ ΝΕΑΣ ΙΩΝΙΑΣ ΒΟΛΟΥ", "name_en": "3rd DAY GYMNASIUM NEAS IONIAS VOLOU" }, "geometry": { "type": "Point", "coordinates": [ 22.918171, 39.373593 ] } },
{ "type": "Feature", "properties": { "fid": 263, "mm_id": 1001197, "name": "4ο ΗΜΕΡΗΣΙΟ ΓΥΜΝΑΣΙΟ ΒΟΛΟΥ", "name_en": "4th DAY GYMNASIUM VOLOU" }, "geometry": { "type": "Point", "coordinates": [ 22.925423, 39.359508 ] } },
{ "type": "Feature", "properties": { "fid": 264, "mm_id": 1011979, "name": "4ο ΗΜΕΡΗΣΙΟ ΓΥΜΝΑΣΙΟ ΝΕΑΣ ΙΩΝΙΑΣ ΒΟΛΟΥ", "name_en": "4th DAY GYMNASIUM NEAS IONIAS VOLOU" }, "geometry": { "type": "Point", "coordinates": [ 22.939097, 39.38787 ] } },
{ "type": "Feature", "properties": { "fid": 265, "mm_id": 1001198, "name": "5ο ΗΜΕΡΗΣΙΟ ΓΥΜΝΑΣΙΟ ΒΟΛΟΥ", "name_en": "5th DAY GYMNASIUM VOLOU" }, "geometry": { "type": "Point", "coordinates": [ 22.954369, 39.357818 ] } },
{ "type": "Feature", "properties": { "fid": 266, "mm_id": 1014375, "name": "6ο ΗΜΕΡΗΣΙΟ ΓΥΜΝΑΣΙΟ ΒΟΛΟΥ", "name_en": "6th DAY GYMNASIUM VOLOU" }, "geometry": { "type": "Point", "coordinates": [ 22.958177, 39.376416 ] } },
{ "type": "Feature", "properties": { "fid": 267, "mm_id": 1001199, "name": "7ο ΗΜΕΡΗΣΙΟ ΓΥΜΝΑΣΙΟ ΒΟΛΟΥ", "name_en": "7th DAY GYMNASIUM VOLOU" }, "geometry": { "type": "Point", "coordinates": [ 22.940592, 39.371099 ] } },
{ "type": "Feature", "properties": { "fid": 268, "mm_id": 1001200, "name": "8ο ΗΜΕΡΗΣΙΟ ΓΥΜΝΑΣΙΟ ΒΟΛΟΥ", "name_en": "8th DAY GYMNASIUM VOLOU" }, "geometry": { "type": "Point", "coordinates": [ 22.969681, 39.356868 ] } },
{ "type": "Feature", "properties": { "fid": 269, "mm_id": 1001201, "name": "9ο ΗΜΕΡΗΣΙΟ ΓΥΜΝΑΣΙΟ ΒΟΛΟΥ", "name_en": "9th DAY GYMNASIUM VOLOU" }, "geometry": { "type": "Point", "coordinates": [ 22.940483, 39.371298 ] } },
{ "type": "Feature", "properties": { "fid": 270, "mm_id": 1013994, "name": "ΓΥΜΝΑΣΙΟ ΑΡΓΑΛΑΣΤΗΣ - \"ΚΩΣΤΑΣ ΒΑΡΝΑΛΗΣ\"", "name_en": "GYMNASIUM ARGALASTIS - \"KOSTAS VARNALIS\"" }, "geometry": { "type": "Point", "coordinates": [ 23.222365, 39.226903 ] } },
{ "type": "Feature", "properties": { "fid": 271, "mm_id": 1014008, "name": "ΕΝΙΑΙΟ ΕΙΔΙΚΟ ΕΠΑΓΓΕΛΜΑΤΙΚΟ ΓΥΜΝΑΣΙΟ - ΛΥΚΕΙΟ Ν. ΙΩΝΙΑΣ ΜΑΓΝΗΣΙΑΣ", "name_en": "UNIFIED SPECIAL VOCATIONAL GYMNASIUM - LYCEUM N. IONIAS MAGNISIAS" }, "geometry": { "type": "Point", "coordinates": [ 22.934553, 39.383123 ] } },
{ "type": "Feature", "properties": { "fid": 272, "mm_id": 1027271, "name": "ΕΣΠΕΡΙΝΟ ΓΥΜΝΑΣΙΟ ΑΛΜΥΡΟΥ", "name_en": "EVENING GYMNASIUM ALMYROU" }, "geometry": { "type": "Point", "coordinates": [ 22.762308, 39.177778 ] } },
{ "type": "Feature", "properties": { "fid": 273, "mm_id": 1018233, "name": "ΕΣΠΕΡΙΝΟ ΓΥΜΝΑΣΙΟ ΒΟΛΟΥ", "name_en": "EVENING GYMNASIUM VOLOU" }, "geometry": { "type": "Point", "coordinates": [ 22.954268, 39.366199 ] } },
{ "type": "Feature", "properties": { "fid": 274, "mm_id": 1001206, "name": "ΗΜΕΡΗΣΙΟ ΓΥΜΝΑΣΙΟ ΑΓΡΙΑΣ ΜΑΓΝΗΣΙΑΣ - \"ΓΕΩΡΓΙΟΣ ΚΑΡΑΜΑΝΗΣ\"", "name_en": "DAY GYMNASIUM AGRIAS MAGNISIAS - \"GEORGIOS KARAMANIS\"" }, "geometry": { "type": "Point", "coordinates": [ 23.014885, 39.341459 ] } },
{ "type": "Feature", "properties": { "fid": 275, "mm_id": 1013989, "name": "ΗΜΕΡΗΣΙΟ ΓΥΜΝΑΣΙΟ ΒΕΛΕΣΤΙΝΟΥ", "name_en": "DAY GYMNASIUM VELESTINOU" }, "geometry": { "type": "Point", "coordinates": [ 22.744573, 39.377758 ] } },
{ "type": "Feature", "properties": { "fid": 276, "mm_id": 1001202, "name": "ΗΜΕΡΗΣΙΟ ΓΥΜΝΑΣΙΟ ΙΩΛΚΟΥ ΜΑΓΝΗΣΙΑΣ", "name_en": "DAY GYMNASIUM IOLKOU MAGNISIAS" }, "geometry": { "type": "Point", "coordinates": [ 22.970197, 39.383942 ] } },
{ "type": "Feature", "properties": { "fid": 277, "mm_id": 1013987, "name": "ΗΜΕΡΗΣΙΟ ΓΥΜΝΑΣΙΟ ΚΑΙ ΛΥΚΕΙΑΚΕΣ ΤΑΞΕΙΣ ΕΥΞΕΙΝΟΥΠΟΛΗΣ ΜΑΓΝΗΣΙΑΣ", "name_en": "DAY GYMNASIUM KAI L.C. EYXEINOUPOLIS MAGNISIAS" }, "geometry": { "type": "Point", "coordinates": [ 22.737653, 39.18503 ] } },
{ "type": "Feature", "properties": { "fid": 278, "mm_id": 1014003, "name": "ΗΜΕΡΗΣΙΟ ΓΥΜΝΑΣΙΟ ΚΑΙ ΛΥΚΕΙΑΚΕΣ ΤΑΞΕΙΣ ΣΟΥΡΠΗΣ ΜΑΓΝΗΣΙΑΣ", "name_en": "DAY GYMNASIUM KAI L.C. SOURPIS MAGNISIAS" }, "geometry": { "type": "Point", "coordinates": [ 22.892632, 39.108281 ] } },
{ "type": "Feature", "properties": { "fid": 279, "mm_id": 1013999, "name": "ΗΜΕΡΗΣΙΟ ΓΥΜΝΑΣΙΟ ΚΑΝΑΛΙΩΝ ΜΑΓΝΗΣΙΑΣ", "name_en": "DAY GYMNASIUM KANALION MAGNISIAS" }, "geometry": { "type": "Point", "coordinates": [ 22.88592, 39.500172 ] } },
{ "type": "Feature", "properties": { "fid": 280, "mm_id": 1013984, "name": "ΗΜΕΡΗΣΙΟ ΓΥΜΝΑΣΙΟ ΚΑΤΩ ΛΕΧΩΝΙΩΝ ΜΑΓΝΗΣΙΑΣ\n\"ΛΟΥΚΙΑ ΚΑΙ ΣΟΦΙΑ ΤΟΠΑΛΗ\"", "name_en": "DAY GYMNASIUM KATO LECHONION MAGNISIAS\n\"LOUKIA KAI SOFIA TOPALI\"" }, "geometry": { "type": "Point", "coordinates": [ 23.04349, 39.330395 ] } },
{ "type": "Feature", "properties": { "fid": 281, "mm_id": 1014005, "name": "ΗΜΕΡΗΣΙΟ ΓΥΜΝΑΣΙΟ ΜΕ ΛΥΚΕΙΑΚΕΣ ΤΑΞΕΙΣ ΤΡΙΚΕΡΙΟΥ ΜΑΓΝΗΣΙΑΣ", "name_en": "DAY GYMNASIUM WITH L.C. TRIKERIOU MAGNISIAS" }, "geometry": { "type": "Point", "coordinates": [ 23.079991, 39.107652 ] } },
{ "type": "Feature", "properties": { "fid": 282, "mm_id": 1014000, "name": "ΗΜΕΡΗΣΙΟ ΓΥΜΝΑΣΙΟ ΜΗΛΕΩΝ ΜΑΓΝΗΣΙΑΣ", "name_en": "DAY GYMNASIUM MILEON MAGNISIAS" }, "geometry": { "type": "Point", "coordinates": [ 23.152057, 39.328668 ] } },
{ "type": "Feature", "properties": { "fid": 283, "mm_id": 1017852, "name": "ΗΜΕΡΗΣΙΟ ΓΥΜΝΑΣΙΟ ΝΕΑΣ ΑΓΧΙΑΛΟΥ ΜΑΓΝΗΣΙΑΣ", "name_en": "DAY GYMNASIUM NEAS AGCHIALOU MAGNISIAS" }, "geometry": { "type": "Point", "coordinates": [ 22.809958, 39.277468 ] } },
{ "type": "Feature", "properties": { "fid": 284, "mm_id": 1018928, "name": "ΗΜΕΡΗΣΙΟ ΓΥΜΝΑΣΙΟ ΠΤΕΛΕΟΣ - ΓΡΑΜΜΑΤΙΚΕΙΟΝ", "name_en": "DAY GYMNASIUM PTELEOS - GRAMMATIKEION" }, "geometry": { "type": "Point", "coordinates": [ 22.946772, 39.054015 ] } },
{ "type": "Feature", "properties": { "fid": 285, "mm_id": 1014004, "name": "ΗΜΕΡΗΣΙΟ ΓΥΜΝΑΣΙΟ ΣΤΕΦΑΝΟΒΙΚΕΙΟΥ ΜΑΓΝΗΣΙΑΣ - ΓΥΜΝΑΣΙΟ ΣΤΕΦΑΝΟΒΙΚΕΙΟΥ", "name_en": "DAY GYMNASIUM STEFANOVIKEIOU MAGNISIAS - GYMNASIUM STEFANOVIKEIOU" }, "geometry": { "type": "Point", "coordinates": [ 22.739531, 39.459034 ] } },
{ "type": "Feature", "properties": { "fid": 286, "mm_id": 1013992, "name": "ΗΜΕΡΗΣΙΟ ΓΥΜΝΑΣΙΟ ΤΣΑΓΚΑΡΑΔΑΣ ΜΑΓΝΗΣΙΑΣ - ΑΧΙΛΛΟΠΟΥΛΕΙΟ", "name_en": "DAY GYMNASIUM TSAGKARADAS MAGNISIAS - ACHILLOPOULEIO" }, "geometry": { "type": "Point", "coordinates": [ 23.179307, 39.379487 ] } },
{ "type": "Feature", "properties": { "fid": 287, "mm_id": 1011724, "name": "ΙΔΙΩΤΙΚΟ ΓΥΜΝΑΣΙΟ ΒΟΛΟΥ - ΠΡΟΜΗΘΕΑΣ", "name_en": "PRIVATE GYMNASIUM VOLOU - PROMITHEAS" }, "geometry": { "type": "Point", "coordinates": [ 22.922602, 39.382724 ] } },
{ "type": "Feature", "properties": { "fid": 288, "mm_id": 1013983, "name": "ΜΟΥΣΙΚΟ ΣΧΟΛΕΙΟ ΒΟΛΟΥ: ΓΥΜΝΑΣΙΟ ΚΑΙ ΛΥΚΕΙΟ", "name_en": "MUSIC SCHOLEIO VOLOU: GYMNASIUM KAI LYCEUM" }, "geometry": { "type": "Point", "coordinates": [ 22.95233, 39.373836 ] } },
{ "type": "Feature", "properties": { "fid": 289, "mm_id": 1027167, "name": "Ενιαίο Ειδικό Επαγγελματικό Γυμνάσιο – Λύκειο (ΕΝ.Ε.Ε.ΓΥ.-Λ.) Σκιάθου", "name_en": "Unified Special Vocational GYMNASIUM – LYCEUM (EN.E.E.GY.-L.) Skiathoy" }, "geometry": { "type": "Point", "coordinates": [ 23.489487, 39.164747 ] } },
{ "type": "Feature", "properties": { "fid": 290, "mm_id": 1027115, "name": "ΕΣΠΕΡΙΝΟ ΓΥΜΝΑΣΙΟ ΑΛΟΝΝΗΣΟΥ", "name_en": "EVENING GYMNASIUM ALONNISOU" }, "geometry": { "type": "Point", "coordinates": [ 23.864195, 39.144238 ] } },
{ "type": "Feature", "properties": { "fid": 291, "mm_id": 1027113, "name": "ΕΣΠΕΡΙΝΟ ΓΥΜΝΑΣΙΟ ΣΚΙΑΘΟΥ", "name_en": "EVENING GYMNASIUM SKIATHOU" }, "geometry": { "type": "Point", "coordinates": [ 23.486313, 39.164426 ] } },
{ "type": "Feature", "properties": { "fid": 292, "mm_id": 1027114, "name": "ΕΣΠΕΡΙΝΟ ΓΥΜΝΑΣΙΟ ΣΚΟΠΕΛΟΥ", "name_en": "EVENING GYMNASIUM SKOPELOU" }, "geometry": { "type": "Point", "coordinates": [ 23.726407, 39.117516 ] } },
{ "type": "Feature", "properties": { "fid": 293, "mm_id": 1014002, "name": "ΗΜΕΡΗΣΙΟ ΓΥΜΝΑΣΙΟ - ΛΤ ΑΛΟΝΝΗΣΟΥ ΜΑΓΝΗΣΙΑΣ", "name_en": "DAY GYMNASIUM - LT ALONNISOU MAGNISIAS" }, "geometry": { "type": "Point", "coordinates": [ 23.867746, 39.146867 ] } },
{ "type": "Feature", "properties": { "fid": 294, "mm_id": 1013998, "name": "ΗΜΕΡΗΣΙΟ ΓΥΜΝΑΣΙΟ ΜΕ ΛΥΚΕΙΑΚΕΣ ΤΑΞΕΙΣ ΓΛΩΣΣΑΣ ΣΚΟΠΕΛΟΥ", "name_en": "DAY GYMNASIUM WITH L.C. GLOSSAS SKOPELOU" }, "geometry": { "type": "Point", "coordinates": [ 23.618478, 39.174257 ] } },
{ "type": "Feature", "properties": { "fid": 295, "mm_id": 1013996, "name": "ΗΜΕΡΗΣΙΟ ΓΥΜΝΑΣΙΟ ΣΚΙΑΘΟΥ ΜΑΓΝΗΣΙΑΣ", "name_en": "DAY GYMNASIUM SKIATHOU MAGNISIAS" }, "geometry": { "type": "Point", "coordinates": [ 23.486064, 39.164189 ] } },
{ "type": "Feature", "properties": { "fid": 296, "mm_id": 1018927, "name": "ΗΜΕΡΗΣΙΟ ΓΥΜΝΑΣΙΟ ΣΚΟΠΕΛΟΥ ΜΑΓΝΗΣΙΑΣ - ΚΑΙΣΑΡΙΟΣ ΔΑΠΟΝΤΕΣ", "name_en": "DAY GYMNASIUM SKOPELOU MAGNISIAS - KAISARIOS DAPONTES" }, "geometry": { "type": "Point", "coordinates": [ 23.727229, 39.118141 ] } },
{ "type": "Feature", "properties": { "fid": 297, "mm_id": 1016567, "name": "1ο Γυμνάσιο Ελ. Βενιζέλου", "name_en": "1st GYMNASIUM El. Venizeloy" }, "geometry": { "type": "Point", "coordinates": [ 24.03047, 35.495297 ] } },
{ "type": "Feature", "properties": { "fid": 298, "mm_id": 1016579, "name": "1ο Γυμνάσιο Κισσάμου", "name_en": "1st GYMNASIUM Kissamoy" }, "geometry": { "type": "Point", "coordinates": [ 23.660055, 35.49276 ] } },
{ "type": "Feature", "properties": { "fid": 299, "mm_id": 1016560, "name": "1ο Πειραματικό Γυμνάσιο Χανίων", "name_en": "1st Experimental GYMNASIUM Chanion" }, "geometry": { "type": "Point", "coordinates": [ 24.021587, 35.514861 ] } },
{ "type": "Feature", "properties": { "fid": 300, "mm_id": 1016571, "name": "2ο Γυμνάσιο Ελευθερίου Βενιζέλου", "name_en": "2nd GYMNASIUM Eleytherioy Venizeloy" }, "geometry": { "type": "Point", "coordinates": [ 24.016155, 35.483548 ] } },
{ "type": "Feature", "properties": { "fid": 301, "mm_id": 1016580, "name": "2ο Γυμνάσιο Κισάμου", "name_en": "2nd GYMNASIUM Kisamoy" }, "geometry": { "type": "Point", "coordinates": [ 23.65542, 35.489294 ] } },
{ "type": "Feature", "properties": { "fid": 302, "mm_id": 1016562, "name": "2ο Γυμνάσιο Χανίων", "name_en": "2nd GYMNASIUM Chanion" }, "geometry": { "type": "Point", "coordinates": [ 24.026291, 35.514224 ] } },
{ "type": "Feature", "properties": { "fid": 303, "mm_id": 1016564, "name": "3ο Γυμνάσιο Χανίων", "name_en": "3rd GYMNASIUM Chanion" }, "geometry": { "type": "Point", "coordinates": [ 24.023652, 35.506671 ] } },
{ "type": "Feature", "properties": { "fid": 304, "mm_id": 1016565, "name": "4ο Γυμνάσιο Χανίων", "name_en": "4th GYMNASIUM Chanion" }, "geometry": { "type": "Point", "coordinates": [ 24.023918, 35.506611 ] } },
{ "type": "Feature", "properties": { "fid": 305, "mm_id": 1016566, "name": "5ο ΓΥΜΝΑΣΙΟ ΧΑΝΙΩΝ", "name_en": "5th GYMNASIUM CHANION" }, "geometry": { "type": "Point", "coordinates": [ 24.011495, 35.516822 ] } },
{ "type": "Feature", "properties": { "fid": 306, "mm_id": 1016568, "name": "6ο Γυμνάσιο Χανίων", "name_en": "6th GYMNASIUM Chanion" }, "geometry": { "type": "Point", "coordinates": [ 24.037129, 35.512341 ] } },
{ "type": "Feature", "properties": { "fid": 307, "mm_id": 1016569, "name": "7ο Γυμνάσιο Χανίων", "name_en": "7th GYMNASIUM Chanion" }, "geometry": { "type": "Point", "coordinates": [ 24.051478, 35.533841 ] } },
{ "type": "Feature", "properties": { "fid": 308, "mm_id": 1016586, "name": "Γυμνάσιο Αλικιανού - «Γυμνασιάρχης Γεώργιος Δ. Καψωμένος»", "name_en": "GYMNASIUM Alikianoy - «Gymnasiarchis Georgios D. Kapsomenos»" }, "geometry": { "type": "Point", "coordinates": [ 23.916213, 35.452948 ] } },
{ "type": "Feature", "properties": { "fid": 309, "mm_id": 1016575, "name": "Γυμνάσιο Βάμου - \"Λαμπράκειο\"", "name_en": "GYMNASIUM Vamoy - \"Labrakeio\"" }, "geometry": { "type": "Point", "coordinates": [ 24.198942, 35.405935 ] } },
{ "type": "Feature", "properties": { "fid": 310, "mm_id": 1016582, "name": "Γυμνάσιο Βουκολιών", "name_en": "GYMNASIUM Voykolion" }, "geometry": { "type": "Point", "coordinates": [ 23.802057, 35.468607 ] } },
{ "type": "Feature", "properties": { "fid": 311, "mm_id": 1016587, "name": "Γυμνάσιο Βρυσών", "name_en": "GYMNASIUM Vryson" }, "geometry": { "type": "Point", "coordinates": [ 24.191717, 35.369261 ] } },
{ "type": "Feature", "properties": { "fid": 312, "mm_id": 1016577, "name": "Γυμνάσιο Καντάνου", "name_en": "GYMNASIUM Kantanoy" }, "geometry": { "type": "Point", "coordinates": [ 23.745364, 35.328239 ] } },
{ "type": "Feature", "properties": { "fid": 313, "mm_id": 1016583, "name": "Γυμνάσιο Κολυμβαρίου", "name_en": "GYMNASIUM Kolymvarioy" }, "geometry": { "type": "Point", "coordinates": [ 23.782723, 35.537495 ] } },
{ "type": "Feature", "properties": { "fid": 314, "mm_id": 1016570, "name": "Γυμνάσιο Κουνουπιδιανών", "name_en": "GYMNASIUM Koynoypidianon" }, "geometry": { "type": "Point", "coordinates": [ 24.079804, 35.526867 ] } },
{ "type": "Feature", "properties": { "fid": 315, "mm_id": 1016589, "name": "ΓΥΜΝΑΣΙΟ ΝΕΑΣ ΚΥΔΩΝΙΑΣ", "name_en": "GYMNASIUM NEAS KYDONIAS" }, "geometry": { "type": "Point", "coordinates": [ 23.974438, 35.499508 ] } },
{ "type": "Feature", "properties": { "fid": 316, "mm_id": 1016581, "name": "Γυμνάσιο Παλαιόχωρας", "name_en": "GYMNASIUM Palaiochoras" }, "geometry": { "type": "Point", "coordinates": [ 23.681965, 35.23312 ] } },
{ "type": "Feature", "properties": { "fid": 317, "mm_id": 1016573, "name": "Γυμνάσιο Πλατανιά", "name_en": "GYMNASIUM Platania" }, "geometry": { "type": "Point", "coordinates": [ 23.898545, 35.517898 ] } },
{ "type": "Feature", "properties": { "fid": 318, "mm_id": 1016588, "name": "ΓΥΜΝΑΣΙΟ ΣΟΥΔΑΣ", "name_en": "GYMNASIUM SOUDAS" }, "geometry": { "type": "Point", "coordinates": [ 24.067491, 35.488309 ] } },
{ "type": "Feature", "properties": { "fid": 319, "mm_id": 1016585, "name": "Γυμνάσιο Χώρας Σφακίων", "name_en": "GYMNASIUM Choras Sfakion" }, "geometry": { "type": "Point", "coordinates": [ 24.13984, 35.202269 ] } },
{ "type": "Feature", "properties": { "fid": 320, "mm_id": 1027287, "name": "ΕΝΙΑΙΟ ΕΙΔΙΚΟ ΕΠΑΓΓΕΛΜΑΤΙΚΟ ΓΥΜΝΑΣΙΟ (ΕΝ.Ε.Ε.ΓΥ.-Λ.) ΚΙΣΣΑΜΟΥ", "name_en": "UNIFIED SPECIAL VOCATIONAL GYMNASIUM (EN.E.E.GY.-L.) KISSAMOU" }, "geometry": { "type": "Point", "coordinates": [ 23.721295, 35.457043 ] } },
{ "type": "Feature", "properties": { "fid": 321, "mm_id": 1025358, "name": "ΕΝΙΑΙΟ ΕΙΔΙΚΟ ΕΠΑΓΓΕΛΜΑΤΙΚΟ ΓΥΜΝΑΣΙΟ-ΛΥΚΕΙΟ ΧΑΝΙΩΝ", "name_en": "UNIFIED SPECIAL VOCATIONAL GYMNASIUM-LYCEUM CHANION" }, "geometry": { "type": "Point", "coordinates": [ 24.012293, 35.48103 ] } },
{ "type": "Feature", "properties": { "fid": 322, "mm_id": 1016561, "name": "Εσπερινό Γυμνάσιο Χανίων", "name_en": "Evening GYMNASIUM Chanion" }, "geometry": { "type": "Point", "coordinates": [ 24.036861, 35.513293 ] } },
{ "type": "Feature", "properties": { "fid": 323, "mm_id": 1021443, "name": "ΙΔΙΩΤΙΚΟ ΓΥΜΝΑΣΙΟ - ΙΔΙΩΤΙΚΑ ΕΚΠΑΙΔΕΥΤΗΡΙΑ ΘΕΟΔΩΡΟΠΟΥΛΟΥ Α.Ε.", "name_en": "PRIVATE GYMNASIUM - IDIOTIKA EKPAIDEYTIRIA THEODOROPOULOU A.E." }, "geometry": { "type": "Point", "coordinates": [ 24.072343, 35.518961 ] } },
{ "type": "Feature", "properties": { "fid": 324, "mm_id": 1016591, "name": "ΜΟΥΣΙΚΟ ΣΧΟΛΕΙΟ ΧΑΝΙΩΝ", "name_en": "MUSIC SCHOLEIO CHANION" }, "geometry": { "type": "Point", "coordinates": [ 24.052069, 35.523366 ] } },
{ "type": "Feature", "properties": { "fid": 325, "mm_id": 1001106, "name": "ΓΥΜΝΑΣΙΟ ΤΗΝΟΥ", "name_en": "GYMNASIUM TINOU" }, "geometry": { "type": "Point", "coordinates": [ 25.162509, 37.540322 ] } },
{ "type": "Feature", "properties": { "fid": 326, "mm_id": 1017846, "name": "1ο ΗΜΕΡΗΣΙΟ ΓΥΜΝΑΣΙΟ ΑΓΡΙΝΙΟΥ - ΠΑΠΑΣΤΡΑΤΕΙΟ", "name_en": "1st DAY GYMNASIUM AGRINIOU - PAPASTRATEIO" }, "geometry": { "type": "Point", "coordinates": [ 21.409575, 38.631717 ] } },
{ "type": "Feature", "properties": { "fid": 327, "mm_id": 1014436, "name": "1ο ΗΜΕΡΗΣΙΟ ΓΥΜΝΑΣΙΟ ΑΜΦΙΛΟΧΙΑΣ - ΓΥΜΝΑΣΙΟ ΑΜΦΙΛΟΧΙΑΣ", "name_en": "1st DAY GYMNASIUM AMFILOCHIAS - GYMNASIUM AMFILOCHIAS" }, "geometry": { "type": "Point", "coordinates": [ 21.164552, 38.858102 ] } },
{ "type": "Feature", "properties": { "fid": 328, "mm_id": 1014440, "name": "1ο ΗΜΕΡΗΣΙΟ ΓΥΜΝΑΣΙΟ ΒΟΝΙΤΣΑΣ ΑΙΤΩΛΟΑΚΑΡΝΑΝΙΑΣ", "name_en": "1st DAY GYMNASIUM VONITSAS AITOLOAKARNANIAS" }, "geometry": { "type": "Point", "coordinates": [ 20.889247, 38.915101 ] } },
{ "type": "Feature", "properties": { "fid": 329, "mm_id": 1014432, "name": "1ο ΗΜΕΡΗΣΙΟ ΓΥΜΝΑΣΙΟ ΜΕΣΟΛΟΓΓΙΟΥ - ΠΑΛΑΜΑΪΚΗ ΣΧΟΛΗ", "name_en": "1st DAY GYMNASIUM MESOLOGGIOU - PALAMAΪKI SCHOLI" }, "geometry": { "type": "Point", "coordinates": [ 21.425129, 38.367734 ] } },
{ "type": "Feature", "properties": { "fid": 330, "mm_id": 1018909, "name": "1ο ΗΜΕΡΗΣΙΟ ΓΥΜΝΑΣΙΟ ΜΟΝΑΣΤΗΡΑΚΙΟΥ ΑΙΤΩΛΟΑΚΑΡΝΑΝΙΑΣ", "name_en": "1st DAY GYMNASIUM MONASTIRAKIOU AITOLOAKARNANIAS" }, "geometry": { "type": "Point", "coordinates": [ 20.946163, 38.847248 ] } },
{ "type": "Feature", "properties": { "fid": 331, "mm_id": 1014448, "name": "1ο ΗΜΕΡΗΣΙΟ ΓΥΜΝΑΣΙΟ ΝΑΥΠΑΚΤΟΥ", "name_en": "1st DAY GYMNASIUM NAYPAKTOU" }, "geometry": { "type": "Point", "coordinates": [ 21.823506, 38.390869 ] } },
{ "type": "Feature", "properties": { "fid": 332, "mm_id": 1014420, "name": "2ο ΗΜΕΡΗΣΙΟ ΓΥΜΝΑΣΙΟ ΑΓΡΙΝΙΟΥ - ΚΟΣΜΑΣ Ο ΑΙΤΩΛΟΣ", "name_en": "2nd DAY GYMNASIUM AGRINIOU - KOSMAS O AITOLOS" }, "geometry": { "type": "Point", "coordinates": [ 21.405956, 38.621656 ] } },
{ "type": "Feature", "properties": { "fid": 333, "mm_id": 1014433, "name": "2ο ΗΜΕΡΗΣΙΟ ΓΥΜΝΑΣΙΟ ΜΕΣΟΛΟΓΓΙΟΥ", "name_en": "2nd DAY GYMNASIUM MESOLOGGIOU" }, "geometry": { "type": "Point", "coordinates": [ 21.426964, 38.383324 ] } },
{ "type": "Feature", "properties": { "fid": 334, "mm_id": 1014449, "name": "2ο ΗΜΕΡΗΣΙΟ ΓΥΜΝΑΣΙΟ ΝΑΥΠΑΚΤΟΥ", "name_en": "2nd DAY GYMNASIUM NAYPAKTOU" }, "geometry": { "type": "Point", "coordinates": [ 21.821968, 38.392283 ] } },
{ "type": "Feature", "properties": { "fid": 335, "mm_id": 1014422, "name": "3ο ΗΜΕΡΗΣΙΟ ΓΥΜΝΑΣΙΟ ΑΓΡΙΝΙΟΥ", "name_en": "3rd DAY GYMNASIUM AGRINIOU" }, "geometry": { "type": "Point", "coordinates": [ 21.416428, 38.621133 ] } },
{ "type": "Feature", "properties": { "fid": 336, "mm_id": 1014450, "name": "3ο ΗΜΕΡΗΣΙΟ ΓΥΜΝΑΣΙΟ ΝΑΥΠΑΚΤΟΥ", "name_en": "3rd DAY GYMNASIUM NAYPAKTOU" }, "geometry": { "type": "Point", "coordinates": [ 21.845929, 38.401447 ] } },
{ "type": "Feature", "properties": { "fid": 337, "mm_id": 1014423, "name": "4ο ΗΜΕΡΗΣΙΟ ΓΥΜΝΑΣΙΟ ΑΓΡΙΝΙΟΥ", "name_en": "4th DAY GYMNASIUM AGRINIOU" }, "geometry": { "type": "Point", "coordinates": [ 21.419957, 38.614018 ] } },
{ "type": "Feature", "properties": { "fid": 338, "mm_id": 1014424, "name": "5ο ΗΜΕΡΗΣΙΟ ΓΥΜΝΑΣΙΟ ΑΓΡΙΝΙΟΥ", "name_en": "5th DAY GYMNASIUM AGRINIOU" }, "geometry": { "type": "Point", "coordinates": [ 21.418415, 38.630288 ] } },
{ "type": "Feature", "properties": { "fid": 339, "mm_id": 1014425, "name": "6ο ΗΜΕΡΗΣΙΟ ΓΥΜΝΑΣΙΟ ΑΓΡΙΝΙΟΥ", "name_en": "6th DAY GYMNASIUM AGRINIOU" }, "geometry": { "type": "Point", "coordinates": [ 21.405992, 38.621684 ] } },
{ "type": "Feature", "properties": { "fid": 340, "mm_id": 1014426, "name": "7ο ΗΜΕΡΗΣΙΟ ΓΥΜΝΑΣΙΟ ΑΓΡΙΝΙΟΥ", "name_en": "7th DAY GYMNASIUM AGRINIOU" }, "geometry": { "type": "Point", "coordinates": [ 21.42199, 38.62654 ] } },
{ "type": "Feature", "properties": { "fid": 341, "mm_id": 1014438, "name": "ΓΥΜΝΑΣΙΟ ΑΣΤΑΚΟΥ - ΚΑΡΑΜΟΥΖΕΙΟ", "name_en": "GYMNASIUM ASTAKOU - KARAMOUZEIO" }, "geometry": { "type": "Point", "coordinates": [ 21.081918, 38.536944 ] } },
{ "type": "Feature", "properties": { "fid": 342, "mm_id": 1014459, "name": "ΓΥΜΝΑΣΙΟ ΚΑΝΔΗΛΑΣ ΑΙΤΩΛΟΑΚΑΡΝΑΝΙΑΣ", "name_en": "GYMNASIUM KANDILAS AITOLOAKARNANIAS" }, "geometry": { "type": "Point", "coordinates": [ 20.958603, 38.6807 ] } },
{ "type": "Feature", "properties": { "fid": 343, "mm_id": 1014441, "name": "ΓΥΜΝΑΣΙΟΥ ΠΑΛΑΙΡΟΥ ΜΕ ΛΥΚΕΙΑΚΕΣ ΤΑΞΕΙΣ", "name_en": "GYMNASIOU PALAIROU WITH L.C." }, "geometry": { "type": "Point", "coordinates": [ 20.880733, 38.786313 ] } },
{ "type": "Feature", "properties": { "fid": 344, "mm_id": 1014453, "name": "ΕΝΙΑΙΟ ΕΙΔΙΚΟ ΕΠΑΓΓΕΛΜΑΤΙΚΟ ΓΥΜΝΑΣΙΟ - ΛΥΚΕΙΟ ΑΓΡΙΝΙΟΥ", "name_en": "UNIFIED SPECIAL VOCATIONAL GYMNASIUM - LYCEUM AGRINIOU" }, "geometry": { "type": "Point", "coordinates": [ 21.373453, 38.664366 ] } },
{ "type": "Feature", "properties": { "fid": 345, "mm_id": 1025258, "name": "ΕΝΙΑΙΟ ΕΙΔΙΚΟ ΕΠΑΓΓΕΛΜΑΤΙΚΟ ΓΥΜΝΑΣΙΟ - ΛΥΚΕΙΟ ΜΕΣΟΛΟΓΓΙΟΥ", "name_en": "UNIFIED SPECIAL VOCATIONAL GYMNASIUM - LYCEUM MESOLOGGIOU" }, "geometry": { "type": "Point", "coordinates": [ 21.424735, 38.364582 ] } },
{ "type": "Feature", "properties": { "fid": 346, "mm_id": 1014428, "name": "ΕΣΠΕΡΙΝΟ ΓΥΜΝΑΣΙΟ ΑΓΡΙΝΙΟΥ ΜΕ ΛΥΚΕΙΑΚΕΣ ΤΑΞΕΙΣ", "name_en": "EVENING GYMNASIUM AGRINIOU WITH L.C." }, "geometry": { "type": "Point", "coordinates": [ 21.407074, 38.621627 ] } },
{ "type": "Feature", "properties": { "fid": 347, "mm_id": 1018013, "name": "ΕΣΠΕΡΙΝΟ ΓΥΜΝΑΣΙΟ ΜΕΣΟΛΟΓΓΙΟΥ με ΛΥΚΕΙΑΚΕΣ ΤΑΞΕΙΣ", "name_en": "EVENING GYMNASIUM MESOLOGGIOU with L.C." }, "geometry": { "type": "Point", "coordinates": [ 21.425038, 38.367697 ] } },
{ "type": "Feature", "properties": { "fid": 348, "mm_id": 1018136, "name": "ΗΜΕΡΗΣΙΟ ΓΥΜΝΑΣΙΟ ΑΓΙΟΥ ΚΩΝΣΤΑΝΤΙΝΟΥ ΑΙΤΩΛΟΑΚΑΡΝΑΝΙΑΣ", "name_en": "DAY GYMNASIUM AGIOU KONSTANTINOU AITOLOAKARNANIAS" }, "geometry": { "type": "Point", "coordinates": [ 21.395414, 38.631546 ] } },
{ "type": "Feature", "properties": { "fid": 349, "mm_id": 1014434, "name": "ΗΜΕΡΗΣΙΟ ΓΥΜΝΑΣΙΟ ΑΙΤΩΛΙΚΟΥ ΑΙΤΩΛΟΑΚΑΡΝΑΝΙΑΣ", "name_en": "DAY GYMNASIUM AITOLIKOU AITOLOAKARNANIAS" }, "geometry": { "type": "Point", "coordinates": [ 21.352489, 38.434438 ] } },
{ "type": "Feature", "properties": { "fid": 350, "mm_id": 1014467, "name": "ΗΜΕΡΗΣΙΟ ΓΥΜΝΑΣΙΟ ΑΝΤΙΡΡΙΟΥ", "name_en": "DAY GYMNASIUM ANTIRRIOU" }, "geometry": { "type": "Point", "coordinates": [ 21.762467, 38.334322 ] } },
{ "type": "Feature", "properties": { "fid": 351, "mm_id": 1014442, "name": "ΗΜΕΡΗΣΙΟ ΓΥΜΝΑΣΙΟ ΓΑΒΑΛΟΥΣ ΑΙΤΩΛΟΑΚΑΡΝΑΝΙΑΣ", "name_en": "DAY GYMNASIUM GAVALOUS AITOLOAKARNANIAS" }, "geometry": { "type": "Point", "coordinates": [ 21.535725, 38.526717 ] } },
{ "type": "Feature", "properties": { "fid": 352, "mm_id": 1014456, "name": "ΗΜΕΡΗΣΙΟ ΓΥΜΝΑΣΙΟ ΓΟΥΡΙΑΣ ΑΙΤΩΛΟΑΚΑΡΝΑΝΙΑΣ \"Κ.Σ. ΚΩΝΣΤΑΣ\"", "name_en": "DAY GYMNASIUM GOURIAS AITOLOAKARNANIAS \"K.S. KONSTAS\"" }, "geometry": { "type": "Point", "coordinates": [ 21.259838, 38.476213 ] } },
{ "type": "Feature", "properties": { "fid": 353, "mm_id": 1014464, "name": "ΗΜΕΡΗΣΙΟ ΓΥΜΝΑΣΙΟ ΕΜΠΕΣΟΥ ΑΙΤΩΛΟΑΚΑΡΝΑΝΙΑΣ - ΔΩΡΑΣ ΣΤΡΑΤΟΥ", "name_en": "DAY GYMNASIUM EMPESOU AITOLOAKARNANIAS - DORAS STRATOU" }, "geometry": { "type": "Point", "coordinates": [ 21.320331, 39.024246 ] } },
{ "type": "Feature", "properties": { "fid": 354, "mm_id": 1014461, "name": "ΗΜΕΡΗΣΙΟ ΓΥΜΝΑΣΙΟ ΕΥΗΝΟΧΩΡΙΟΥ ΑΙΤΩΛΟΑΚΑΡΝΑΝΙΑΣ", "name_en": "DAY GYMNASIUM EYINOCHORIOU AITOLOAKARNANIAS" }, "geometry": { "type": "Point", "coordinates": [ 21.536167, 38.366667 ] } },
{ "type": "Feature", "properties": { "fid": 355, "mm_id": 1014445, "name": "ΗΜΕΡΗΣΙΟ ΓΥΜΝΑΣΙΟ ΘΕΡΜΟΥ ΑΙΤΩΛΟΑΚΑΡΝΑΝΙΑΣ", "name_en": "DAY GYMNASIUM THERMOU AITOLOAKARNANIAS" }, "geometry": { "type": "Point", "coordinates": [ 21.66528, 38.568366 ] } },
{ "type": "Feature", "properties": { "fid": 356, "mm_id": 1014466, "name": "ΗΜΕΡΗΣΙΟ ΓΥΜΝΑΣΙΟ ΚΑΙΝΟΥΡΓΙΟΥ", "name_en": "DAY GYMNASIUM KAINOURGIOU" }, "geometry": { "type": "Point", "coordinates": [ 21.492299, 38.605505 ] } },
{ "type": "Feature", "properties": { "fid": 357, "mm_id": 1014468, "name": "ΗΜΕΡΗΣΙΟ ΓΥΜΝΑΣΙΟ ΚΑΛΥΒΙΩΝ ΑΙΤΩΛΟΑΚΑΡΝΑΝΙΑΣ", "name_en": "DAY GYMNASIUM KALYVION AITOLOAKARNANIAS" }, "geometry": { "type": "Point", "coordinates": [ 21.295693, 38.620275 ] } },
{ "type": "Feature", "properties": { "fid": 358, "mm_id": 1014452, "name": "ΗΜΕΡΗΣΙΟ ΓΥΜΝΑΣΙΟ ΚΑΤΟΥΝΑΣ ΑΙΤΩΛΟΑΚΑΡΝΑΝΙΑΣ", "name_en": "DAY GYMNASIUM KATOUNAS AITOLOAKARNANIAS" }, "geometry": { "type": "Point", "coordinates": [ 21.117005, 38.788153 ] } },
{ "type": "Feature", "properties": { "fid": 359, "mm_id": 1014455, "name": "ΗΜΕΡΗΣΙΟ ΓΥΜΝΑΣΙΟ ΚΑΤΟΧΗΣ ΑΙΤΩΛΟΑΚΑΡΝΑΝΙΑΣ - (0111020)", "name_en": "DAY GYMNASIUM KATOCHIS AITOLOAKARNANIAS - (0111020)" }, "geometry": { "type": "Point", "coordinates": [ 21.248748, 38.410116 ] } },
{ "type": "Feature", "properties": { "fid": 360, "mm_id": 1014460, "name": "ΗΜΕΡΗΣΙΟ ΓΥΜΝΑΣΙΟ ΛΕΠΕΝΟΥΣ ΑΙΤΩΛΟΑΚΑΡΝΑΝΙΑΣ", "name_en": "DAY GYMNASIUM LEPENOUS AITOLOAKARNANIAS" }, "geometry": { "type": "Point", "coordinates": [ 21.292007, 38.698295 ] } },
{ "type": "Feature", "properties": { "fid": 361, "mm_id": 1014471, "name": "ΗΜΕΡΗΣΙΟ ΓΥΜΝΑΣΙΟ ΛΟΥΤΡΟΥ", "name_en": "DAY GYMNASIUM LOUTROU" }, "geometry": { "type": "Point", "coordinates": [ 21.179642, 38.942305 ] } },
{ "type": "Feature", "properties": { "fid": 362, "mm_id": 1014465, "name": "ΗΜΕΡΗΣΙΟ ΓΥΜΝΑΣΙΟ ΜΑΛΕΣΙΑΔΑ ΑΙΤΩΛΟΑΚΑΡΝΑΝΙΑΣ - ΗΜΕΡΗΣΙΟ ΓΥΜΝΑΣΙΟ ΜΑΛΕΣΙΑΔΑΣ", "name_en": "DAY GYMNASIUM MALESIADA AITOLOAKARNANIAS - DAY GYMNASIUM MALESIADAS" }, "geometry": { "type": "Point", "coordinates": [ 21.3464, 38.891365 ] } },
{ "type": "Feature", "properties": { "fid": 363, "mm_id": 1014462, "name": "ΗΜΕΡΗΣΙΟ ΓΥΜΝΑΣΙΟ ΜΑΤΑΡΑΓΚΑΣ ΑΙΤ/ΝΙΑΣ - 0116010", "name_en": "DAY GYMNASIUM MATARAGKAS AIT/NIAS - 0116010" }, "geometry": { "type": "Point", "coordinates": [ 21.468319, 38.527259 ] } },
{ "type": "Feature", "properties": { "fid": 364, "mm_id": 1014470, "name": "ΗΜΕΡΗΣΙΟ ΓΥΜΝΑΣΙΟ ΝΕΑΠΟΛΗΣ ΑΙΤΩΛΟΑΚΑΡΝΑΝΙΑΣ", "name_en": "DAY GYMNASIUM NEAPOLIS AITOLOAKARNANIAS" }, "geometry": { "type": "Point", "coordinates": [ 21.372833, 38.657197 ] } },
{ "type": "Feature", "properties": { "fid": 365, "mm_id": 1014454, "name": "ΗΜΕΡΗΣΙΟ ΓΥΜΝΑΣΙΟ ΝΕΟΧΩΡΙΟΥ ΑΙΤΩΛΟΑΚΑΡΝΑΝΙΑΣ", "name_en": "DAY GYMNASIUM NEOCHORIOU AITOLOAKARNANIAS" }, "geometry": { "type": "Point", "coordinates": [ 21.277672, 38.405217 ] } },
{ "type": "Feature", "properties": { "fid": 366, "mm_id": 1014430, "name": "ΗΜΕΡΗΣΙΟ ΓΥΜΝΑΣΙΟ ΠΑΝΑΙΤΩΛΙΟΥ ΑΙΤΩΛΟΑΚΑΡΝΑΝΙΑΣ", "name_en": "DAY GYMNASIUM PANAITOLIOU AITOLOAKARNANIAS" }, "geometry": { "type": "Point", "coordinates": [ 21.441476, 38.586444 ] } },
{ "type": "Feature", "properties": { "fid": 367, "mm_id": 1014429, "name": "ΗΜΕΡΗΣΙΟ ΓΥΜΝΑΣΙΟ ΠΑΡΑΒΟΛΑΣ", "name_en": "DAY GYMNASIUM PARAVOLAS" }, "geometry": { "type": "Point", "coordinates": [ 21.539986, 38.627006 ] } },
{ "type": "Feature", "properties": { "fid": 368, "mm_id": 1014463, "name": "ΗΜΕΡΗΣΙΟ ΓΥΜΝΑΣΙΟ ΦΥΤΕΙΩΝ ΑΙΤΩΛΟΑΚΑΡΝΑΝΙΑΣ - Λ.Τ. ΓΥΜΝΑΣΙΟΥ ΦΥΤΕΙΩΝ", "name_en": "DAY GYMNASIUM FYTEION AITOLOAKARNANIAS - L.C. GYMNASIOU FYTEION" }, "geometry": { "type": "Point", "coordinates": [ 21.190435, 38.695022 ] } },
{ "type": "Feature", "properties": { "fid": 369, "mm_id": 1000006, "name": "ΙΔΙΩΤΙΚΟ ΓΥΜΝΑΣΙΟ \"ΠΑΝΑΓΙΑ ΠΡΟΥΣΙΩΤΙΣΣΑ\"", "name_en": "PRIVATE GYMNASIUM \"PANAGIA PROUSIOTISSA\"" }, "geometry": { "type": "Point", "coordinates": [ 21.383246, 38.634742 ] } },
{ "type": "Feature", "properties": { "fid": 370, "mm_id": 1000003, "name": "Ιδιωτικό Γυμνάσιο - ΣΥΓΧΡΟΝΑ ΕΚΠΑΙΔΕΥΤΗΡΙΑ ΚΟΤΡΩΝΗ", "name_en": "Private GYMNASIUM - SYGCHRONA EKPAIDEYTIRIA KOTRONI" }, "geometry": { "type": "Point", "coordinates": [ 21.797984, 38.381376 ] } },
{ "type": "Feature", "properties": { "fid": 371, "mm_id": 1026310, "name": "ΚΑΛΛΙΤΕΧΝΙΚΟ ΓΥΜΝΑΣΙΟ Ι.Π. ΜΕΣΟΛΟΓΓΙΟΥ ΜΕ ΛΥΚΕΙΑΚΕΣ ΤΑΞΕΙΣ", "name_en": "ART GYMNASIUM I.P. MESOLOGGIOU WITH L.C." }, "geometry": { "type": "Point", "coordinates": [ 21.421125, 38.384119 ] } },
{ "type": "Feature", "properties": { "fid": 372, "mm_id": 1014421, "name": "ΜΟΥΣΙΚΟ ΓΥΜΝΑΣΙΟ ΑΓΡΙΝΙΟΥ - ΛΥΚΕΙΑΚΕΣ ΤΑΞΕΙΣ", "name_en": "MUSIC GYMNASIUM AGRINIOU - L.C." }, "geometry": { "type": "Point", "coordinates": [ 21.41205, 38.607228 ] } },
{ "type": "Feature", "properties": { "fid": 373, "mm_id": 1018242, "name": "1ο ΗΜΕΡΗΣΙΟ ΓΥΜΝΑΣΙΟ ΛΑΜΙΑΣ", "name_en": "1st DAY GYMNASIUM LAMIAS" }, "geometry": { "type": "Point", "coordinates": [ 22.431386, 38.91366 ] } },
{ "type": "Feature", "properties": { "fid": 374, "mm_id": 1016415, "name": "1ο ΗΜΕΡΗΣΙΟ ΓΥΜΝΑΣΙΟ ΥΠΑΤΗΣ ΦΘΙΩΤΙΔΑΣ", "name_en": "1st DAY GYMNASIUM YPATIS FTHIOTIDAS" }, "geometry": { "type": "Point", "coordinates": [ 22.237127, 38.871398 ] } },
{ "type": "Feature", "properties": { "fid": 375, "mm_id": 1016396, "name": "2ο ΗΜΕΡΗΣΙΟ ΓΥΜΝΑΣΙΟ ΛΑΜΙΑΣ", "name_en": "2nd DAY GYMNASIUM LAMIAS" }, "geometry": { "type": "Point", "coordinates": [ 22.446615, 38.894679 ] } },
{ "type": "Feature", "properties": { "fid": 376, "mm_id": 1016397, "name": "3ο ΗΜΕΡΗΣΙΟ ΓΥΜΝΑΣΙΟ ΛΑΜΙΑΣ - ΜΟΥΣΤΑΚΕΙΟ", "name_en": "3rd DAY GYMNASIUM LAMIAS - MOUSTAKEIO" }, "geometry": { "type": "Point", "coordinates": [ 22.44634, 38.902841 ] } },
{ "type": "Feature", "properties": { "fid": 377, "mm_id": 1016398, "name": "4ο ΠΕΙΡΑΜΑΤΙΚΟ ΓΥΜΝΑΣΙΟ ΛΑΜΙΑΣ", "name_en": "4th EXPERIMENTAL GYMNASIUM LAMIAS" }, "geometry": { "type": "Point", "coordinates": [ 22.43112, 38.91305 ] } },
{ "type": "Feature", "properties": { "fid": 378, "mm_id": 1018931, "name": "5ο ΗΜΕΡΗΣΙΟ ΓΥΜΝΑΣΙΟ ΛΑΜΙΑΣ", "name_en": "5th DAY GYMNASIUM LAMIAS" }, "geometry": { "type": "Point", "coordinates": [ 22.425001, 38.897758 ] } },
{ "type": "Feature", "properties": { "fid": 379, "mm_id": 1016399, "name": "6ο ΗΜΕΡΗΣΙΟ ΓΥΜΝΑΣΙΟ ΛΑΜΙΑΣ", "name_en": "6th DAY GYMNASIUM LAMIAS" }, "geometry": { "type": "Point", "coordinates": [ 22.431356, 38.903277 ] } },
{ "type": "Feature", "properties": { "fid": 380, "mm_id": 1016400, "name": "7ο ΗΜΕΡΗΣΙΟ ΓΥΜΝΑΣΙΟ ΛΑΜΙΑΣ", "name_en": "7th DAY GYMNASIUM LAMIAS" }, "geometry": { "type": "Point", "coordinates": [ 22.439796, 38.888146 ] } },
{ "type": "Feature", "properties": { "fid": 381, "mm_id": 1016402, "name": "8ο ΗΜΕΡΗΣΙΟ ΓΥΜΝΑΣΙΟ ΛΑΜΙΑΣ", "name_en": "8th DAY GYMNASIUM LAMIAS" }, "geometry": { "type": "Point", "coordinates": [ 22.470086, 38.892209 ] } },
{ "type": "Feature", "properties": { "fid": 382, "mm_id": 1016403, "name": "9ο ΗΜΕΡΗΣΙΟ ΓΥΜΝΑΣΙΟ ΛΑΜΙΑΣ", "name_en": "9th DAY GYMNASIUM LAMIAS" }, "geometry": { "type": "Point", "coordinates": [ 22.43143, 38.890075 ] } },
{ "type": "Feature", "properties": { "fid": 383, "mm_id": 1024663, "name": "ΕΝΙΑΙΟ ΕΙΔΙΚΟ ΕΠΑΓΓΕΛΜΑΤΙΚΟ ΓΥΜΝΑΣΙΟ-ΛΥΚΕΙΟ ΛΑΜΙΑΣ", "name_en": "UNIFIED SPECIAL VOCATIONAL GYMNASIUM-LYCEUM LAMIAS" }, "geometry": { "type": "Point", "coordinates": [ 22.311159, 38.915124 ] } },
{ "type": "Feature", "properties": { "fid": 384, "mm_id": 1018243, "name": "ΕΣΠΕΡΙΝΟ ΓΥΜΝΑΣΙΟ ΛΑΜΙΑΣ - ΕΥΑΓΟΡΑΣ ΠΑΛΛΗΚΑΡΙΔΗΣ", "name_en": "EVENING GYMNASIUM LAMIAS - EYAGORAS PALLIKARIDIS" }, "geometry": { "type": "Point", "coordinates": [ 22.43654, 38.900102 ] } },
{ "type": "Feature", "properties": { "fid": 385, "mm_id": 1016408, "name": "ΗΜΕΡΗΣΙΟ ΓΥΜΝΑΣΙΟ - Λ. Τ. ΝΕΟΥ ΜΟΝΑΣΤΗΡΙΟΥ ΦΘΙΩΤΙΔΑΣ", "name_en": "DAY GYMNASIUM - L. T. NEOU MONASTIRIOU FTHIOTIDAS" }, "geometry": { "type": "Point", "coordinates": [ 22.230334, 39.085975 ] } },
{ "type": "Feature", "properties": { "fid": 386, "mm_id": 1018932, "name": "ΗΜΕΡΗΣΙΟ ΓΥΜΝΑΣΙΟ ΑΓΙΟΥ ΚΩΝΣΤΑΝΤΙΝΟΥ ΦΘΙΩΤΙΔΑΣ", "name_en": "DAY GYMNASIUM AGIOU KONSTANTINOU FTHIOTIDAS" }, "geometry": { "type": "Point", "coordinates": [ 22.86105, 38.754444 ] } },
{ "type": "Feature", "properties": { "fid": 387, "mm_id": 1016405, "name": "ΗΜΕΡΗΣΙΟ ΓΥΜΝΑΣΙΟ ΑΜΦΙΚΛΕΙΑΣ ΦΘΙΩΤΙΔΑΣ", "name_en": "DAY GYMNASIUM AMFIKLEIAS FTHIOTIDAS" }, "geometry": { "type": "Point", "coordinates": [ 22.588997, 38.641908 ] } },
{ "type": "Feature", "properties": { "fid": 388, "mm_id": 1018701, "name": "ΗΜΕΡΗΣΙΟ ΓΥΜΝΑΣΙΟ ΑΤΑΛΑΝΤΗΣ ΦΘΙΩΤΙΔΑΣ", "name_en": "DAY GYMNASIUM ATALANTIS FTHIOTIDAS" }, "geometry": { "type": "Point", "coordinates": [ 23.005515, 38.659015 ] } },
{ "type": "Feature", "properties": { "fid": 389, "mm_id": 1016407, "name": "ΗΜΕΡΗΣΙΟ ΓΥΜΝΑΣΙΟ ΔΟΜΟΚΟΥ ΦΘΙΩΤΙΔΑΣ", "name_en": "DAY GYMNASIUM DOMOKOU FTHIOTIDAS" }, "geometry": { "type": "Point", "coordinates": [ 22.298448, 39.128832 ] } },
{ "type": "Feature", "properties": { "fid": 390, "mm_id": 1016417, "name": "ΗΜΕΡΗΣΙΟ ΓΥΜΝΑΣΙΟ ΕΛΑΤΕΙΑΣ ΦΘΙΩΤΙΔΑΣ", "name_en": "DAY GYMNASIUM ELATEIAS FTHIOTIDAS" }, "geometry": { "type": "Point", "coordinates": [ 22.761371, 38.629652 ] } },
{ "type": "Feature", "properties": { "fid": 391, "mm_id": 1018244, "name": "ΗΜΕΡΗΣΙΟ ΓΥΜΝΑΣΙΟ ΚΑΜΕΝΩΝ ΒΟΥΡΛΩΝ ΦΘΙΩΤΙΔΑΣ", "name_en": "DAY GYMNASIUM KAMENON VOURLON FTHIOTIDAS" }, "geometry": { "type": "Point", "coordinates": [ 22.768531, 38.778578 ] } },
{ "type": "Feature", "properties": { "fid": 392, "mm_id": 1016423, "name": "ΗΜΕΡΗΣΙΟ ΓΥΜΝΑΣΙΟ ΚΑΤΩ ΤΙΘΟΡΕΑΣ ΦΘΙΩΤΙΔΑΣ", "name_en": "DAY GYMNASIUM KATO TITHOREAS FTHIOTIDAS" }, "geometry": { "type": "Point", "coordinates": [ 22.706845, 38.604645 ] } },
{ "type": "Feature", "properties": { "fid": 393, "mm_id": 1016420, "name": "ΗΜΕΡΗΣΙΟ ΓΥΜΝΑΣΙΟ ΛΑΡΥΜΝΑΣ", "name_en": "DAY GYMNASIUM LARYMNAS" }, "geometry": { "type": "Point", "coordinates": [ 23.300485, 38.565381 ] } },
{ "type": "Feature", "properties": { "fid": 394, "mm_id": 1016428, "name": "ΗΜΕΡΗΣΙΟ ΓΥΜΝΑΣΙΟ ΛΙΑΝΟΚΛΑΔΙΟΥ ΦΘΙΩΤΙΔΑΣ", "name_en": "DAY GYMNASIUM LIANOKLADIOU FTHIOTIDAS" }, "geometry": { "type": "Point", "coordinates": [ 22.311129, 38.914837 ] } },
{ "type": "Feature", "properties": { "fid": 395, "mm_id": 1016425, "name": "ΗΜΕΡΗΣΙΟ ΓΥΜΝΑΣΙΟ ΛΙΒΑΝΑΤΩΝ ΦΘΙΩΤΙΔΑΣ", "name_en": "DAY GYMNASIUM LIVANATON FTHIOTIDAS" }, "geometry": { "type": "Point", "coordinates": [ 23.047295, 38.702712 ] } },
{ "type": "Feature", "properties": { "fid": 396, "mm_id": 1016411, "name": "ΗΜΕΡΗΣΙΟ ΓΥΜΝΑΣΙΟ ΜΑΚΡΑΚΩΜΗΣ", "name_en": "DAY GYMNASIUM MAKRAKOMIS" }, "geometry": { "type": "Point", "coordinates": [ 22.117034, 38.936919 ] } },
{ "type": "Feature", "properties": { "fid": 397, "mm_id": 1016424, "name": "ΗΜΕΡΗΣΙΟ ΓΥΜΝΑΣΙΟ ΜΑΛΕΣΙΝΑΣ ΦΘΙΩΤΙΔΑΣ", "name_en": "DAY GYMNASIUM MALESINAS FTHIOTIDAS" }, "geometry": { "type": "Point", "coordinates": [ 23.235264, 38.622674 ] } },
{ "type": "Feature", "properties": { "fid": 398, "mm_id": 1016419, "name": "ΗΜΕΡΗΣΙΟ ΓΥΜΝΑΣΙΟ ΜΑΡΤΙΝΟΥ", "name_en": "DAY GYMNASIUM MARTINOU" }, "geometry": { "type": "Point", "coordinates": [ 23.211955, 38.566874 ] } },
{ "type": "Feature", "properties": { "fid": 399, "mm_id": 1016427, "name": "ΗΜΕΡΗΣΙΟ ΓΥΜΝΑΣΙΟ ΜΟΣΧΟΧΩΡΙΟΥ ΦΘΙΩΤΙΔΑΣ - ΓΥΜΝΑΣΙΟ ΜΟΣΧΟΧΩΡΙΟΥ ΚΑΙ ΛΥΚΕΙΑΚΕΣ ΤΑΞΕΙΣ", "name_en": "DAY GYMNASIUM MOSCHOCHORIOU FTHIOTIDAS - GYMNASIUM MOSCHOCHORIOU KAI L.C." }, "geometry": { "type": "Point", "coordinates": [ 22.449308, 38.830904 ] } },
{ "type": "Feature", "properties": { "fid": 400, "mm_id": 1016413, "name": "ΗΜΕΡΗΣΙΟ ΓΥΜΝΑΣΙΟ ΜΩΛΟΣ ΦΘΙΩΤΙΔΑΣ - ΓΥΜΝΑΣΙΟ ΜΩΛΟΥ", "name_en": "DAY GYMNASIUM MOLOS FTHIOTIDAS - GYMNASIUM MOLOU" }, "geometry": { "type": "Point", "coordinates": [ 22.641438, 38.810882 ] } },
{ "type": "Feature", "properties": { "fid": 401, "mm_id": 1016409, "name": "ΗΜΕΡΗΣΙΟ ΓΥΜΝΑΣΙΟ ΟΜΒΡΙΑΚΗΣ ΦΘΙΩΤΙΔΑΣ", "name_en": "DAY GYMNASIUM OMVRIAKIS FTHIOTIDAS" }, "geometry": { "type": "Point", "coordinates": [ 22.266941, 39.098802 ] } },
{ "type": "Feature", "properties": { "fid": 402, "mm_id": 1016422, "name": "ΗΜΕΡΗΣΙΟ ΓΥΜΝΑΣΙΟ ΠΕΛΑΣΓΙΑΣ ΦΘΙΩΤΙΔΑΣ", "name_en": "DAY GYMNASIUM PELASGIAS FTHIOTIDAS" }, "geometry": { "type": "Point", "coordinates": [ 22.836573, 38.944686 ] } },
{ "type": "Feature", "properties": { "fid": 403, "mm_id": 1016429, "name": "ΗΜΕΡΗΣΙΟ ΓΥΜΝΑΣΙΟ ΡΑΧΩΝ ΦΘΙΩΤΙΔΑΣ", "name_en": "DAY GYMNASIUM RACHON FTHIOTIDAS" }, "geometry": { "type": "Point", "coordinates": [ 22.66754, 38.971837 ] } },
{ "type": "Feature", "properties": { "fid": 404, "mm_id": 1016414, "name": "ΗΜΕΡΗΣΙΟ ΓΥΜΝΑΣΙΟ ΣΠΕΡΧΕΙΑΔΑΣ ΦΘΙΩΤΙΔΑΣ", "name_en": "DAY GYMNASIUM SPERCHEIADAS FTHIOTIDAS" }, "geometry": { "type": "Point", "coordinates": [ 22.119523, 38.908378 ] } },
{ "type": "Feature", "properties": { "fid": 405, "mm_id": 1018700, "name": "ΗΜΕΡΗΣΙΟ ΓΥΜΝΑΣΙΟ ΣΤΥΛΙΔΑΣ", "name_en": "DAY GYMNASIUM STYLIDAS" }, "geometry": { "type": "Point", "coordinates": [ 22.607083, 38.916664 ] } },
{ "type": "Feature", "properties": { "fid": 406, "mm_id": 1016401, "name": "ΜΟΥΣΙΚΟ ΓΥΜΝΑΣΙΟ ΛΑΜΙΑΣ ΜΕ ΛΥΚΕΙΑΚΕΣ ΤΑΞΕΙΣ", "name_en": "MUSIC GYMNASIUM LAMIAS WITH L.C." }, "geometry": { "type": "Point", "coordinates": [ 22.396083, 38.889743 ] } },
{ "type": "Feature", "properties": { "fid": 407, "mm_id": 1024716, "name": "ΠΡΟΤΥΠΟ ΕΚΚΛΗΣΙΑΣΤΙΚΟ ΓΥΜΝΑΣΙΟ - ΠΡΟΤΥΠΟ ΕΚΚΛΗΣΙΑΣΤΙΚΟ ΛΥΚΕΙΟ ΛΑΜΙΑΣ \n\"ΟΣΙΟΣ ΒΗΣΣΑΡΙΩΝ Ο ΑΓΑΘΩΝΙΤΗΣ\"", "name_en": "MODEL ECCLESIASTICAL GYMNASIUM - MODEL ECCLESIASTICAL LYCEUM LAMIAS \n\"OSIOS VISSARION O AGATHONITIS\"" }, "geometry": { "type": "Point", "coordinates": [ 22.455454, 38.901529 ] } },
{ "type": "Feature", "properties": { "fid": 408, "mm_id": 1013947, "name": "1ο ΗΜΕΡΗΣΙΟ ΓΥΜΝΑΣΙΟ ΚΑΛΛΟΝΗΣ ΛΕΣΒΟΥ - ΠΑΝΑΡΕΤΕΙΟ", "name_en": "1st DAY GYMNASIUM KALLONIS LESVOU - PANARETEIO" }, "geometry": { "type": "Point", "coordinates": [ 26.208045, 39.235586 ] } },
{ "type": "Feature", "properties": { "fid": 409, "mm_id": 1001173, "name": "1ο ΠΡΟΤΥΠΟ ΓΥΜΝΑΣΙΟ ΜΥΤΙΛΗΝΗΣ «ΒΥΡΩΝ ΣΙΒΟΛΑΠΕΝΚΟ»", "name_en": "1st MODEL GYMNASIUM MYTILINIS «VYRON SIVOLAPENKO»" }, "geometry": { "type": "Point", "coordinates": [ 26.554184, 39.10485 ] } },
{ "type": "Feature", "properties": { "fid": 410, "mm_id": 1012150, "name": "2ο ΗΜΕΡΗΣΙΟ ΓΥΜΝΑΣΙΟ ΜΥΤΙΛΗΝΗΣ", "name_en": "2nd DAY GYMNASIUM MYTILINIS" }, "geometry": { "type": "Point", "coordinates": [ 26.555899, 39.107549 ] } },
{ "type": "Feature", "properties": { "fid": 411, "mm_id": 1001174, "name": "3ο ΗΜΕΡΗΣΙΟ ΓΥΜΝΑΣΙΟ ΜΥΤΙΛΗΝΗΣ", "name_en": "3rd DAY GYMNASIUM MYTILINIS" }, "geometry": { "type": "Point", "coordinates": [ 26.547813, 39.097953 ] } },
{ "type": "Feature", "properties": { "fid": 412, "mm_id": 1001175, "name": "4ο ΗΜΕΡΗΣΙΟ ΓΥΜΝΑΣΙΟ ΜΥΤΙΛΗΝΗΣ", "name_en": "4th DAY GYMNASIUM MYTILINIS" }, "geometry": { "type": "Point", "coordinates": [ 26.550085, 39.094015 ] } },
{ "type": "Feature", "properties": { "fid": 413, "mm_id": 1013945, "name": "5ο ΗΜΕΡΗΣΙΟ ΓΥΜΝΑΣΙΟ ΜΥΤΙΛΗΝΗΣ", "name_en": "5th DAY GYMNASIUM MYTILINIS" }, "geometry": { "type": "Point", "coordinates": [ 26.551735, 39.08987 ] } },
{ "type": "Feature", "properties": { "fid": 414, "mm_id": 1001176, "name": "6ο ΗΜΕΡΗΣΙΟ ΓΥΜΝΑΣΙΟ ΜΥΤΙΛΗΝΗΣ - ΓΙΑΝΝΗΣ Κ. ΑΡΙΣΤ.ΔΕΛΗΣ", "name_en": "6th DAY GYMNASIUM MYTILINIS - GIANNIS K. ARIST.DELIS" }, "geometry": { "type": "Point", "coordinates": [ 26.557971, 39.111201 ] } },
{ "type": "Feature", "properties": { "fid": 415, "mm_id": 1025538, "name": "ΕΝΙΑΙΟ ΕΙΔΙΚΟ ΕΠΑΓΓΕΛΜΑΤΙΚΟ ΓΥΜΝΑΣΙΟ - ΛΥΚΕΙΟ Ν. ΛΕΣΒΟΥ", "name_en": "UNIFIED SPECIAL VOCATIONAL GYMNASIUM - LYCEUM N. LESVOU" }, "geometry": { "type": "Point", "coordinates": [ 26.561064, 39.087776 ] } },
{ "type": "Feature", "properties": { "fid": 416, "mm_id": 1012033, "name": "ΕΣΠΕΡΙΝΟ ΓΥΜΝΑΣΙΟ ΜΥΤΙΛΗΝΗΣ ΜΕ ΛΥΚΕΙΑΚΕΣ ΤΑΞΕΙΣ", "name_en": "EVENING GYMNASIUM MYTILINIS WITH L.C." }, "geometry": { "type": "Point", "coordinates": [ 26.554284, 39.1049 ] } },
{ "type": "Feature", "properties": { "fid": 417, "mm_id": 1013948, "name": "ΗΜΕΡΗΣΙΟ ΓΥΜΝΑΣΙΟ ΑΓΙΑΣ ΠΑΡΑΣΚΕΥΗΣ ΛΕΣΒΟΥ", "name_en": "DAY GYMNASIUM AGIAS PARASKEYIS LESVOU" }, "geometry": { "type": "Point", "coordinates": [ 26.271361, 39.248085 ] } },
{ "type": "Feature", "properties": { "fid": 418, "mm_id": 1013959, "name": "ΗΜΕΡΗΣΙΟ ΓΥΜΝΑΣΙΟ ΑΓΙΑΣΟΥ ΛΕΣΒΟΥ", "name_en": "DAY GYMNASIUM AGIASOU LESVOU" }, "geometry": { "type": "Point", "coordinates": [ 26.37045, 39.084768 ] } },
{ "type": "Feature", "properties": { "fid": 419, "mm_id": 1013961, "name": "ΗΜΕΡΗΣΙΟ ΓΥΜΝΑΣΙΟ ΑΓΡΑΣ ΛΕΣΒΟΥ - ΓΥΜΝΑΣΙΟ ΜΕ ΛΥΚΕΙΑΚΕΣ ΤΑΞΕΙΣ ΑΓΡΑΣ", "name_en": "DAY GYMNASIUM AGRAS LESVOU - GYMNASIUM WITH L.C. AGRAS" }, "geometry": { "type": "Point", "coordinates": [ 26.059174, 39.160393 ] } },
{ "type": "Feature", "properties": { "fid": 420, "mm_id": 1013954, "name": "ΗΜΕΡΗΣΙΟ ΓΥΜΝΑΣΙΟ ΑΝΤΙΣΣΑΣ - ΔΟΥΚΑΣ ΧΑΤΖΗΓΕΩΡΓΙΟΥ", "name_en": "DAY GYMNASIUM ANTISSAS - DOUKAS CHATZIGEORGIOU" }, "geometry": { "type": "Point", "coordinates": [ 25.980129, 39.234005 ] } },
{ "type": "Feature", "properties": { "fid": 421, "mm_id": 1013951, "name": "ΗΜΕΡΗΣΙΟ ΓΥΜΝΑΣΙΟ ΓΕΡΑΣ", "name_en": "DAY GYMNASIUM GERAS" }, "geometry": { "type": "Point", "coordinates": [ 26.456774, 39.042666 ] } },
{ "type": "Feature", "properties": { "fid": 422, "mm_id": 1013955, "name": "ΗΜΕΡΗΣΙΟ ΓΥΜΝΑΣΙΟ ΕΡΕΣΟΥ - ΘΕΟΦΡΑΣΤΕΙΟ", "name_en": "DAY GYMNASIUM ERESOU - THEOFRASTEIO" }, "geometry": { "type": "Point", "coordinates": [ 25.935431, 39.16943 ] } },
{ "type": "Feature", "properties": { "fid": 423, "mm_id": 1013956, "name": "ΗΜΕΡΗΣΙΟ ΓΥΜΝΑΣΙΟ ΙΠΠΕΙΟΥ ΛΕΣΒΟΥ", "name_en": "DAY GYMNASIUM IPPEIOU LESVOU" }, "geometry": { "type": "Point", "coordinates": [ 26.411794, 39.11815 ] } },
{ "type": "Feature", "properties": { "fid": 424, "mm_id": 1013950, "name": "ΗΜΕΡΗΣΙΟ ΓΥΜΝΑΣΙΟ ΜΑΝΤΑΜΑΔΟΥ ΛΕΣΒΟΥ - ΓΥΜΝΑΣΙΟ ΜΑΝΤΑΜΑΔΟΥ", "name_en": "DAY GYMNASIUM MANTAMADOU LESVOU - GYMNASIUM MANTAMADOU" }, "geometry": { "type": "Point", "coordinates": [ 26.333711, 39.309993 ] } },
{ "type": "Feature", "properties": { "fid": 425, "mm_id": 1018594, "name": "ΗΜΕΡΗΣΙΟ ΓΥΜΝΑΣΙΟ ΜΟΡΙΑΣ ΛΕΣΒΟΥ", "name_en": "DAY GYMNASIUM MORIAS LESVOU" }, "geometry": { "type": "Point", "coordinates": [ 26.517277, 39.131321 ] } },
{ "type": "Feature", "properties": { "fid": 426, "mm_id": 1001179, "name": "ΗΜΕΡΗΣΙΟ ΓΥΜΝΑΣΙΟ ΠΑΜΦΙΛΩΝ ΛΕΣΒΟΥ \"ΔΗΜΗΤΡΙΟΣ Γ. ΝΙΑΝΙΑΣ\"", "name_en": "DAY GYMNASIUM PAMFILON LESVOU \"DIMITRIOS G. NIANIAS\"" }, "geometry": { "type": "Point", "coordinates": [ 26.521226, 39.154808 ] } },
{ "type": "Feature", "properties": { "fid": 427, "mm_id": 1013957, "name": "ΗΜΕΡΗΣΙΟ ΓΥΜΝΑΣΙΟ ΠΕΤΡΑΣ ΛΕΣΒΟΥ", "name_en": "DAY GYMNASIUM PETRAS LESVOU" }, "geometry": { "type": "Point", "coordinates": [ 26.187278, 39.327263 ] } },
{ "type": "Feature", "properties": { "fid": 428, "mm_id": 1013952, "name": "ΗΜΕΡΗΣΙΟ ΓΥΜΝΑΣΙΟ ΠΛΩΜΑΡΙΟΥ ΛΕΣΒΟΥ", "name_en": "DAY GYMNASIUM PLOMARIOU LESVOU" }, "geometry": { "type": "Point", "coordinates": [ 26.375798, 38.976275 ] } },
{ "type": "Feature", "properties": { "fid": 429, "mm_id": 1013953, "name": "ΗΜΕΡΗΣΙΟ ΓΥΜΝΑΣΙΟ ΠΟΛΙΧΝΙΤΟΥ ΛΕΣΒΟΥ", "name_en": "DAY GYMNASIUM POLICHNITOU LESVOU" }, "geometry": { "type": "Point", "coordinates": [ 26.18638, 39.084261 ] } },
{ "type": "Feature", "properties": { "fid": 430, "mm_id": 1013962, "name": "ΗΜΕΡΗΣΙΟ ΓΥΜΝΑΣΙΟ ΠΥΡΓΟΙ ΘΕΡΜΗΣ - ΓΥΜΝΑΣΙΟ ΘΕΡΜΗΣ ΛΕΣΒΟΥ", "name_en": "DAY GYMNASIUM PYRGOI THERMIS - GYMNASIUM THERMIS LESVOU" }, "geometry": { "type": "Point", "coordinates": [ 26.504479, 39.171872 ] } },
{ "type": "Feature", "properties": { "fid": 431, "mm_id": 1013958, "name": "ΗΜΕΡΗΣΙΟ ΓΥΜΝΑΣΙΟ ΦΙΛΙΑΣ ΛΕΣΒΟΥ - ΚΑΛΦΑΓΙΑΝΝΕΙΟ", "name_en": "DAY GYMNASIUM FILIAS LESVOU - KALFAGIANNEIO" }, "geometry": { "type": "Point", "coordinates": [ 26.13949, 39.260849 ] } },
{ "type": "Feature", "properties": { "fid": 432, "mm_id": 1026832, "name": "ΜΟΥΣΙΚΟ ΓΥΜΝΑΣΙΟ & Λ.Τ. ΔΥΤΙΚΗΣ ΛΕΣΒΟΥ", "name_en": "MUSIC GYMNASIUM & L.C. DYTIKIS LESVOU" }, "geometry": { "type": "Point", "coordinates": [ 26.207659, 39.233766 ] } },
{ "type": "Feature", "properties": { "fid": 433, "mm_id": 1013946, "name": "ΜΟΥΣΙΚΟ ΣΧΟΛΕΙΟ ΜΥΤΙΛΗΝΗΣ", "name_en": "MUSIC SCHOLEIO MYTILINIS" }, "geometry": { "type": "Point", "coordinates": [ 26.526429, 39.148356 ] } },
{ "type": "Feature", "properties": { "fid": 434, "mm_id": 1001077, "name": "1ο ΓΥΜΝΑΣΙΟ ΣΥΡΟΥ - ΠΕΙΡΑΜΑΤΙΚΟ", "name_en": "1st GYMNASIUM SYROU - EXPERIMENTAL" }, "geometry": { "type": "Point", "coordinates": [ 24.936459, 37.447701 ] } },
{ "type": "Feature", "properties": { "fid": 435, "mm_id": 1001078, "name": "2ο ΓΥΜΝΑΣΙΟ ΣΥΡΟΥ", "name_en": "2nd GYMNASIUM SYROU" }, "geometry": { "type": "Point", "coordinates": [ 24.937553, 37.447709 ] } },
{ "type": "Feature", "properties": { "fid": 436, "mm_id": 1001079, "name": "3ο ΓΥΜΝΑΣΙΟ ΣΥΡΟΥ", "name_en": "3rd GYMNASIUM SYROU" }, "geometry": { "type": "Point", "coordinates": [ 24.936683, 37.447627 ] } },
{ "type": "Feature", "properties": { "fid": 437, "mm_id": 1001142, "name": "ΕΝΙΑΙΟ ΕΙΔΙΚΟ ΕΠΑΓΓΕΛΜΑΤΙΚΟ ΓΥΜΝΑΣΙΟ - ΛΥΚΕΙΟ (ΕΝ.Ε.Ε.ΓΥ.-Λ.) ΣΥΡΟΥ", "name_en": "UNIFIED SPECIAL VOCATIONAL GYMNASIUM - LYCEUM (EN.E.E.GY.-L.) SYROU" }, "geometry": { "type": "Point", "coordinates": [ 24.937477, 37.424779 ] } },
{ "type": "Feature", "properties": { "fid": 438, "mm_id": 1001081, "name": "ΕΣΠΕΡΙΝΟ ΓΥΜΝΑΣΙΟ με Λ.Τ. ΣΥΡΟΥ", "name_en": "EVENING GYMNASIUM with L.C. SYROU" }, "geometry": { "type": "Point", "coordinates": [ 24.936727, 37.447547 ] } },
{ "type": "Feature", "properties": { "fid": 439, "mm_id": 1026351, "name": "Ιδιωτικό Γυμνάσιο-ΒΑΜΒΑΚΑΡΕΙΟ", "name_en": "Private GYMNASIUM-VAMVAKAREIO" }, "geometry": { "type": "Point", "coordinates": [ 24.93931, 37.448063 ] } },
{ "type": "Feature", "properties": { "fid": 440, "mm_id": 1015417, "name": "ΗΜΕΡΗΣΙΟ ΓΥΜΝΑΣΙΟ ΛΙΜΕΝΑ ΘΑΣΟΥ ΚΑΒΑΛΑΣ", "name_en": "DAY GYMNASIUM LIMENA THASOU KAVALAS" }, "geometry": { "type": "Point", "coordinates": [ 24.702018, 40.777112 ] } },
{ "type": "Feature", "properties": { "fid": 441, "mm_id": 1015421, "name": "ΗΜΕΡΗΣΙΟ ΓΥΜΝΑΣΙΟ ΛΙΜΕΝΑΡΙΩΝ ΘΑΣΟΥ", "name_en": "DAY GYMNASIUM LIMENARION THASOU" }, "geometry": { "type": "Point", "coordinates": [ 24.573223, 40.631155 ] } },
{ "type": "Feature", "properties": { "fid": 442, "mm_id": 1015426, "name": "ΗΜΕΡΗΣΙΟ ΓΥΜΝΑΣΙΟ ΠΡΙΝΟΥ", "name_en": "DAY GYMNASIUM PRINOU" }, "geometry": { "type": "Point", "coordinates": [ 24.577435, 40.740813 ] } },
{ "type": "Feature", "properties": { "fid": 443, "mm_id": 1015509, "name": "1ο ΗΜΕΡΗΣΙΟ ΓΥΜΝΑΣΙΟ ΑΡΓΟΥΣ ΟΡΕΣΤΙΚΟΥ ΚΑΣΤΟΡΙΑ", "name_en": "1st DAY GYMNASIUM ARGOUS ORESTIKOU KASTORIA" }, "geometry": { "type": "Point", "coordinates": [ 21.263038, 40.448327 ] } },
{ "type": "Feature", "properties": { "fid": 444, "mm_id": 1015503, "name": "1ο ΠΡΟΤΥΠΟ ΓΥΜΝΑΣΙΟ ΚΑΣΤΟΡΙΑΣ", "name_en": "1st MODEL GYMNASIUM KASTORIAS" }, "geometry": { "type": "Point", "coordinates": [ 21.264124, 40.537127 ] } },
{ "type": "Feature", "properties": { "fid": 445, "mm_id": 1015510, "name": "2ο ΗΜΕΡΗΣΙΟ ΓΥΜΝΑΣΙΟ ΑΡΓΟΥΣ ΟΡΕΣΤΙΚΟΥ ΚΑΣΤΟΡΙΑΣ", "name_en": "2nd DAY GYMNASIUM ARGOUS ORESTIKOU KASTORIAS" }, "geometry": { "type": "Point", "coordinates": [ 21.260019, 40.46012 ] } },
{ "type": "Feature", "properties": { "fid": 446, "mm_id": 1015504, "name": "2ο ΗΜΕΡΗΣΙΟ ΓΥΜΝΑΣΙΟ ΚΑΣΤΟΡΙΑΣ", "name_en": "2nd DAY GYMNASIUM KASTORIAS" }, "geometry": { "type": "Point", "coordinates": [ 21.261467, 40.527126 ] } },
{ "type": "Feature", "properties": { "fid": 447, "mm_id": 1015505, "name": "3ο ΗΜΕΡΗΣΙΟ ΓΥΜΝΑΣΙΟ ΚΑΣΤΟΡΙΑΣ - ΓΕΡΜΑΝΟΣ ΚΑΡΑΒΑΓΓΕΛΗΣ", "name_en": "3rd DAY GYMNASIUM KASTORIAS - GERMANOS KARAVAGGELIS" }, "geometry": { "type": "Point", "coordinates": [ 21.270779, 40.520142 ] } },
{ "type": "Feature", "properties": { "fid": 448, "mm_id": 1015506, "name": "4ο ΗΜΕΡΗΣΙΟ ΓΥΜΝΑΣΙΟ ΚΑΣΤΟΡΙΑΣ", "name_en": "4th DAY GYMNASIUM KASTORIAS" }, "geometry": { "type": "Point", "coordinates": [ 21.253012, 40.514702 ] } },
{ "type": "Feature", "properties": { "fid": 449, "mm_id": 1025271, "name": "ΕΝΙΑΙΟ ΕΙΔΙΚΟ ΕΠΑΓΓΕΛΜΑΤΙΚΟ ΓΥΜΝΑΣΙΟ - ΛΥΚΕΙΟ ΚΑΣΤΟΡΙΑΣ", "name_en": "UNIFIED SPECIAL VOCATIONAL GYMNASIUM - LYCEUM KASTORIAS" }, "geometry": { "type": "Point", "coordinates": [ 21.27187, 40.519177 ] } },
{ "type": "Feature", "properties": { "fid": 450, "mm_id": 1015507, "name": "ΕΣΠΕΡΙΝΟ ΓΥΜΝΑΣΙΟ ΚΑΣΤΟΡΙΑΣ", "name_en": "EVENING GYMNASIUM KASTORIAS" }, "geometry": { "type": "Point", "coordinates": [ 21.259704, 40.531941 ] } },
{ "type": "Feature", "properties": { "fid": 451, "mm_id": 1015515, "name": "ΗΜΕΡΗΣΙΟ ΓΥΜΝΑΣΙΟ ΒΟΓΑΤΣΙΚΟΥ ΚΑΣΤΟΡΙΑΣ", "name_en": "DAY GYMNASIUM VOGATSIKOU KASTORIAS" }, "geometry": { "type": "Point", "coordinates": [ 21.377397, 40.417561 ] } },
{ "type": "Feature", "properties": { "fid": 452, "mm_id": 1015516, "name": "ΗΜΕΡΗΣΙΟ ΓΥΜΝΑΣΙΟ ΚΟΡΗΣΟΥ ΚΑΣΤΟΡΙΑΣ", "name_en": "DAY GYMNASIUM KORISOU KASTORIAS" }, "geometry": { "type": "Point", "coordinates": [ 21.379252, 40.503568 ] } },
{ "type": "Feature", "properties": { "fid": 453, "mm_id": 1015521, "name": "ΗΜΕΡΗΣΙΟ ΓΥΜΝΑΣΙΟ ΜΑΝΙΑΚΩΝ ΚΑΣΤΟΡΙΑΣ", "name_en": "DAY GYMNASIUM MANIAKON KASTORIAS" }, "geometry": { "type": "Point", "coordinates": [ 21.243485, 40.49942 ] } },
{ "type": "Feature", "properties": { "fid": 454, "mm_id": 1015517, "name": "ΗΜΕΡΗΣΙΟ ΓΥΜΝΑΣΙΟ ΜΑΥΡΟΧΩΡΙΟΥ ΚΑΣΤΟΡΙΑΣ", "name_en": "DAY GYMNASIUM MAYROCHORIOU KASTORIAS" }, "geometry": { "type": "Point", "coordinates": [ 21.317538, 40.516481 ] } },
{ "type": "Feature", "properties": { "fid": 455, "mm_id": 1015519, "name": "ΗΜΕΡΗΣΙΟ ΓΥΜΝΑΣΙΟ ΜΕΣΟΠΟΤΑΜΙΑΣ ΚΑΣΤΟΡΙΑΣ", "name_en": "DAY GYMNASIUM MESOPOTAMIAS KASTORIAS" }, "geometry": { "type": "Point", "coordinates": [ 21.159287, 40.504292 ] } },
{ "type": "Feature", "properties": { "fid": 456, "mm_id": 1015514, "name": "ΗΜΕΡΗΣΙΟ ΓΥΜΝΑΣΙΟ ΝΕΣΤΟΡΙΟΥ ΚΑΣΤΟΡΙΑΣ", "name_en": "DAY GYMNASIUM NESTORIOU KASTORIAS" }, "geometry": { "type": "Point", "coordinates": [ 21.058834, 40.415449 ] } },
{ "type": "Feature", "properties": { "fid": 457, "mm_id": 1015520, "name": "ΗΜΕΡΗΣΙΟ ΓΥΜΝΑΣΙΟ ΟΙΝΟΗΣ ΚΑΣΤΟΡΙΑΣ", "name_en": "DAY GYMNASIUM OINOIS KASTORIAS" }, "geometry": { "type": "Point", "coordinates": [ 21.083302, 40.520246 ] } },
{ "type": "Feature", "properties": { "fid": 458, "mm_id": 1015522, "name": "ΗΜΕΡΗΣΙΟ ΓΥΜΝΑΣΙΟ ΠΕΝΤΑΒΡΥΣΟΥ ΚΑΣΤΟΡΙΑΣ", "name_en": "DAY GYMNASIUM PENTAVRYSOU KASTORIAS" }, "geometry": { "type": "Point", "coordinates": [ 21.141981, 40.454283 ] } },
{ "type": "Feature", "properties": { "fid": 459, "mm_id": 1025335, "name": "ΜΟΥΣΙΚΟ ΓΥΜΝΑΣΙΟ ΚΑΣΤΟΡΙΑΣ", "name_en": "MUSIC GYMNASIUM KASTORIAS" }, "geometry": { "type": "Point", "coordinates": [ 21.259203, 40.531689 ] } },
{ "type": "Feature", "properties": { "fid": 460, "mm_id": 1016259, "name": "1ο ΗΜΕΡΗΣΙΟ ΓΥΜΝΑΣΙΟ ΣΕΡΡΩΝ", "name_en": "1st DAY GYMNASIUM SERRON" }, "geometry": { "type": "Point", "coordinates": [ 23.550165, 41.093157 ] } },
{ "type": "Feature", "properties": { "fid": 461, "mm_id": 1016260, "name": "2ο ΓΥΜΝΑΣΙΟ ΣΕΡΡΩΝ", "name_en": "2nd GYMNASIUM SERRON" }, "geometry": { "type": "Point", "coordinates": [ 23.539389, 41.08355 ] } },
{ "type": "Feature", "properties": { "fid": 462, "mm_id": 1016261, "name": "3ο ΓΥΜΝΑΣΙΟ ΣΕΡΡΩΝ", "name_en": "3rd GYMNASIUM SERRON" }, "geometry": { "type": "Point", "coordinates": [ 23.550947, 41.095362 ] } },
{ "type": "Feature", "properties": { "fid": 463, "mm_id": 1016262, "name": "4ο ΓΥΜΝΑΣΙΟ ΣΕΡΡΩΝ", "name_en": "4th GYMNASIUM SERRON" }, "geometry": { "type": "Point", "coordinates": [ 23.543119, 41.081915 ] } },
{ "type": "Feature", "properties": { "fid": 464, "mm_id": 1016263, "name": "5ο ΓΥΜΝΑΣΙΟ ΣΕΡΡΩΝ", "name_en": "5th GYMNASIUM SERRON" }, "geometry": { "type": "Point", "coordinates": [ 23.541658, 41.089939 ] } },
{ "type": "Feature", "properties": { "fid": 465, "mm_id": 1017853, "name": "6ο ΓΥΜΝΑΣΙΟ ΣΕΡΡΩΝ", "name_en": "6th GYMNASIUM SERRON" }, "geometry": { "type": "Point", "coordinates": [ 23.563584, 41.087166 ] } },
{ "type": "Feature", "properties": { "fid": 466, "mm_id": 1016302, "name": "ΓΥΜΝΑΣΙΟ ΑΓΙΟΥ ΠΝΕΥΜΑΤΟΣ ΣΕΡΡΩΝ", "name_en": "GYMNASIUM AGIOU PNEYMATOS SERRON" }, "geometry": { "type": "Point", "coordinates": [ 23.67898, 41.097333 ] } },
{ "type": "Feature", "properties": { "fid": 467, "mm_id": 1016286, "name": "ΓΥΜΝΑΣΙΟ ΒΥΡΩΝΕΙΑΣ ΣΕΡΡΩΝ", "name_en": "GYMNASIUM VYRONEIAS SERRON" }, "geometry": { "type": "Point", "coordinates": [ 23.252163, 41.269208 ] } },
{ "type": "Feature", "properties": { "fid": 468, "mm_id": 1016278, "name": "ΓΥΜΝΑΣΙΟ ΔΗΜΗΤΡΙΤΣΙΟΥ ΣΕΡΡΩΝ", "name_en": "GYMNASIUM DIMITRITSIOU SERRON" }, "geometry": { "type": "Point", "coordinates": [ 23.41342, 40.988856 ] } },
{ "type": "Feature", "properties": { "fid": 469, "mm_id": 1016298, "name": "ΓΥΜΝΑΣΙΟ ΔΡΑΒΗΣΚΟΥ ΣΕΡΡΩΝ", "name_en": "GYMNASIUM DRAVISKOU SERRON" }, "geometry": { "type": "Point", "coordinates": [ 23.87117, 40.917679 ] } },
{ "type": "Feature", "properties": { "fid": 470, "mm_id": 1016269, "name": "ΓΥΜΝΑΣΙΟ ΗΡΑΚΛΕΙΑΣ ΣΕΡΡΩΝ", "name_en": "GYMNASIUM IRAKLEIAS SERRON" }, "geometry": { "type": "Point", "coordinates": [ 23.281839, 41.187448 ] } },
{ "type": "Feature", "properties": { "fid": 471, "mm_id": 1016271, "name": "ΓΥΜΝΑΣΙΟ ΚΑΤΩ ΠΟΡΟΙΩΝ ΣΕΡΡΩΝ", "name_en": "GYMNASIUM KATO POROION SERRON" }, "geometry": { "type": "Point", "coordinates": [ 23.008404, 41.281285 ] } },
{ "type": "Feature", "properties": { "fid": 472, "mm_id": 1016299, "name": "ΓΥΜΝΑΣΙΟ ΚΟΙΜΗΣΗΣ ΣΕΡΡΩΝ", "name_en": "GYMNASIUM KOIMISIS SERRON" }, "geometry": { "type": "Point", "coordinates": [ 23.299638, 41.213033 ] } },
{ "type": "Feature", "properties": { "fid": 473, "mm_id": 1016280, "name": "ΓΥΜΝΑΣΙΟ ΛΕΥΚΩΝΑ ΣΕΡΡΩΝ", "name_en": "GYMNASIUM LEYKONA SERRON" }, "geometry": { "type": "Point", "coordinates": [ 23.489082, 41.101674 ] } },
{ "type": "Feature", "properties": { "fid": 474, "mm_id": 1016272, "name": "ΓΥΜΝΑΣΙΟ ΛΙΒΑΔΙΑΣ ΣΕΡΡΩΝ", "name_en": "GYMNASIUM LIVADIAS SERRON" }, "geometry": { "type": "Point", "coordinates": [ 23.072252, 41.256343 ] } },
{ "type": "Feature", "properties": { "fid": 475, "mm_id": 1016289, "name": "ΓΥΜΝΑΣΙΟ ΜΑΥΡΟΘΑΛΑΣΣΑΣ ΣΕΡΡΩΝ", "name_en": "GYMNASIUM MAYROTHALASSAS SERRON" }, "geometry": { "type": "Point", "coordinates": [ 23.748852, 40.888672 ] } },
{ "type": "Feature", "properties": { "fid": 476, "mm_id": 1016273, "name": "ΓΥΜΝΑΣΙΟ ΝΕΑΣ ΖΙΧΝΗΣ ΣΕΡΡΩΝ", "name_en": "GYMNASIUM NEAS ZICHNIS SERRON" }, "geometry": { "type": "Point", "coordinates": [ 23.829408, 41.027959 ] } },
{ "type": "Feature", "properties": { "fid": 477, "mm_id": 1018240, "name": "ΓΥΜΝΑΣΙΟ ΝΕΟΥ ΠΕΤΡΙΤΣΙΟΥ ΣΕΡΡΩΝ", "name_en": "GYMNASIUM NEOU PETRITSIOU SERRON" }, "geometry": { "type": "Point", "coordinates": [ 23.294976, 41.272953 ] } },
{ "type": "Feature", "properties": { "fid": 478, "mm_id": 1016301, "name": "ΓΥΜΝΑΣΙΟ ΝΕΟΥ ΣΟΥΛΙΟΥ ΣΕΡΡΩΝ", "name_en": "GYMNASIUM NEOU SOULIOU SERRON" }, "geometry": { "type": "Point", "coordinates": [ 23.461703, 41.082043 ] } },
{ "type": "Feature", "properties": { "fid": 479, "mm_id": 1016300, "name": "ΓΥΜΝΑΣΙΟ ΠΑΛΑΙΟΚΩΜΗΣ ΣΕΡΡΩΝ", "name_en": "GYMNASIUM PALAIOKOMIS SERRON" }, "geometry": { "type": "Point", "coordinates": [ 23.903984, 40.876751 ] } },
{ "type": "Feature", "properties": { "fid": 480, "mm_id": 1016282, "name": "ΓΥΜΝΑΣΙΟ ΠΡΩΤΗΣ ΣΕΡΡΩΝ", "name_en": "GYMNASIUM PROTIS SERRON" }, "geometry": { "type": "Point", "coordinates": [ 24.003001, 40.94109 ] } },
{ "type": "Feature", "properties": { "fid": 481, "mm_id": 1018239, "name": "ΓΥΜΝΑΣΙΟ ΣΙΔΗΡΟΚΑΣΤΡΟΥ ΣΕΡΡΩΝ - ΠΑΛΛΑΤΙΔΕΙΟ", "name_en": "GYMNASIUM SIDIROKASTROU SERRON - PALLATIDEIO" }, "geometry": { "type": "Point", "coordinates": [ 23.387287, 41.235692 ] } },
{ "type": "Feature", "properties": { "fid": 482, "mm_id": 1016285, "name": "ΓΥΜΝΑΣΙΟ ΣΚΟΤΟΥΣΣΗΣ ΣΕΡΡΩΝ", "name_en": "GYMNASIUM SKOTOUSSIS SERRON" }, "geometry": { "type": "Point", "coordinates": [ 23.376204, 41.125793 ] } },
{ "type": "Feature", "properties": { "fid": 483, "mm_id": 1018699, "name": "ΓΥΜΝΑΣΙΟ ΣΚΟΥΤΑΡΕΩΣ ΣΕΡΡΩΝ", "name_en": "GYMNASIUM SKOUTAREOS SERRON" }, "geometry": { "type": "Point", "coordinates": [ 23.520406, 41.022118 ] } },
{ "type": "Feature", "properties": { "fid": 484, "mm_id": 1016288, "name": "ΓΥΜΝΑΣΙΟ ΣΤΡΥΜΟΝΙΚΟΥ ΣΕΡΡΩΝ", "name_en": "GYMNASIUM STRYMONIKOU SERRON" }, "geometry": { "type": "Point", "coordinates": [ 23.314975, 41.043219 ] } },
{ "type": "Feature", "properties": { "fid": 485, "mm_id": 1016305, "name": "ΕΝΙΑΙΟ ΕΙΔΙΚΟ ΕΠΑΓΓΕΛΜΑΤΙΚΟ ΓΥΜΝΑΣΙΟ-ΛΥΚΕΙΟ ΣΕΡΡΩΝ", "name_en": "UNIFIED SPECIAL VOCATIONAL GYMNASIUM-LYCEUM SERRON" }, "geometry": { "type": "Point", "coordinates": [ 23.586029, 41.089838 ] } },
{ "type": "Feature", "properties": { "fid": 486, "mm_id": 1017854, "name": "ΕΣΠΕΡΙΝΟ ΓΥΜΝΑΣΙΟ ΣΕΡΡΩΝ ΜΕ ΛΥΚΕΙΑΚΕΣ ΤΑΞΕΙΣ", "name_en": "EVENING GYMNASIUM SERRON WITH L.C." }, "geometry": { "type": "Point", "coordinates": [ 23.543578, 41.081257 ] } },
{ "type": "Feature", "properties": { "fid": 487, "mm_id": 1016267, "name": "ΗΜΕΡΗΣΙΟ ΓΥΜΝΑΣΙΟ ΑΛΙΣΤΡΑΤΗΣ ΣΕΡΡΩΝ", "name_en": "DAY GYMNASIUM ALISTRATIS SERRON" }, "geometry": { "type": "Point", "coordinates": [ 23.958972, 41.063548 ] } },
{ "type": "Feature", "properties": { "fid": 488, "mm_id": 1016293, "name": "ΗΜΕΡΗΣΙΟ ΓΥΜΝΑΣΙΟ ΝΕΟΥ ΣΚΟΠΟΥ ΣΕΡΡΩΝ", "name_en": "DAY GYMNASIUM NEOU SKOPOU SERRON" }, "geometry": { "type": "Point", "coordinates": [ 23.613284, 41.02682 ] } },
{ "type": "Feature", "properties": { "fid": 489, "mm_id": 1016277, "name": "ΗΜΕΡΗΣΙΟ ΓΥΜΝΑΣΙΟ ΝΙΓΡΙΤΑΣ ΣΕΡΡΩΝ", "name_en": "DAY GYMNASIUM NIGRITAS SERRON" }, "geometry": { "type": "Point", "coordinates": [ 23.500352, 40.912988 ] } },
{ "type": "Feature", "properties": { "fid": 490, "mm_id": 1001256, "name": "ΙΔΙΩΤΙΚΟ ΓΥΜΝΑΣΙΟ ΣΕΡΡΕΣ - ΑΡΙΣΤΟΤΕΛΕΙΟ ΕΚΠΑΙΔΕΥΤΗΡΙΟ", "name_en": "PRIVATE GYMNASIUM SERRES - ARISTOTELEIO EKPAIDEYTIRIO" }, "geometry": { "type": "Point", "coordinates": [ 22.795555, 39.214443 ] } },
{ "type": "Feature", "properties": { "fid": 491, "mm_id": 1016265, "name": "ΜΟΥΣΙΚΟ ΓΥΜΝΑΣΙΟ ΣΕΡΡΩΝ-ΛΥΚΕΙΑΚΕΣ ΤΑΞΕΙΣ", "name_en": "MUSIC GYMNASIUM SERRON-L.C." }, "geometry": { "type": "Point", "coordinates": [ 23.556251, 41.073276 ] } },
{ "type": "Feature", "properties": { "fid": 492, "mm_id": 1014891, "name": "1ο ΗΜΕΡΗΣΙΟ ΓΥΜΝΑΣΙΟ ΔΡΑΜΑΣ", "name_en": "1st DAY GYMNASIUM DRAMAS" }, "geometry": { "type": "Point", "coordinates": [ 24.139426, 41.156623 ] } },
{ "type": "Feature", "properties": { "fid": 493, "mm_id": 1018185, "name": "2ο ΗΜΕΡΗΣΙΟ ΓΥΜΝΑΣΙΟ ΔΡΑΜΑΣ", "name_en": "2nd DAY GYMNASIUM DRAMAS" }, "geometry": { "type": "Point", "coordinates": [ 24.134902, 41.152483 ] } },
{ "type": "Feature", "properties": { "fid": 494, "mm_id": 1014892, "name": "3ο ΗΜΕΡΗΣΙΟ ΓΥΜΝΑΣΙΟ ΔΡΑΜΑΣ", "name_en": "3rd DAY GYMNASIUM DRAMAS" }, "geometry": { "type": "Point", "coordinates": [ 24.120228, 41.133954 ] } },
{ "type": "Feature", "properties": { "fid": 495, "mm_id": 1014893, "name": "4ο ΗΜΕΡΗΣΙΟ ΓΥΜΝΑΣΙΟ ΔΡΑΜΑΣ", "name_en": "4th DAY GYMNASIUM DRAMAS" }, "geometry": { "type": "Point", "coordinates": [ 24.147462, 41.136595 ] } },
{ "type": "Feature", "properties": { "fid": 496, "mm_id": 1014894, "name": "5ο ΗΜΕΡΗΣΙΟ ΓΥΜΝΑΣΙΟ ΔΡΑΜΑΣ", "name_en": "5th DAY GYMNASIUM DRAMAS" }, "geometry": { "type": "Point", "coordinates": [ 24.164958, 41.150539 ] } },
{ "type": "Feature", "properties": { "fid": 497, "mm_id": 1014895, "name": "6ο ΗΜΕΡΗΣΙΟ ΓΥΜΝΑΣΙΟ ΔΡΑΜΑΣ", "name_en": "6th DAY GYMNASIUM DRAMAS" }, "geometry": { "type": "Point", "coordinates": [ 24.153077, 41.159738 ] } },
{ "type": "Feature", "properties": { "fid": 498, "mm_id": 1014901, "name": "ΓΥΜΝΑΣΙΟ με Λ.Τ. ΠΑΡΑΝΕΣΤΙΟΥ", "name_en": "GYMNASIUM with L.C. PARANESTIOU" }, "geometry": { "type": "Point", "coordinates": [ 24.499322, 41.267008 ] } },
{ "type": "Feature", "properties": { "fid": 499, "mm_id": 1014909, "name": "ΓΥΜΝΑΣΙΟ ΜΕ ΛΥΚΕΙΑΚΕΣ ΤΑΞΕΙΣ ΝΙΚΗΦΟΡΟΥ", "name_en": "GYMNASIUM WITH L.C. NIKIFOROU" }, "geometry": { "type": "Point", "coordinates": [ 24.300105, 41.160997 ] } },
{ "type": "Feature", "properties": { "fid": 500, "mm_id": 1014917, "name": "Ενιαίο Ειδικό Επαγγελματικό Γυμνάσιο-Λύκειο Δράμας", "name_en": "Unified Special Vocational GYMNASIUM-LYCEUM Dramas" }, "geometry": { "type": "Point", "coordinates": [ 24.134763, 41.152015 ] } },
{ "type": "Feature", "properties": { "fid": 501, "mm_id": 1018585, "name": "ΕΣΠΕΡΙΝΟ ΓΥΜΝΑΣΙΟ ΔΡΑΜΑΣ", "name_en": "EVENING GYMNASIUM DRAMAS" }, "geometry": { "type": "Point", "coordinates": [ 24.134729, 41.151818 ] } },
{ "type": "Feature", "properties": { "fid": 502, "mm_id": 1014898, "name": "ΗΜΕΡΗΣΙΟ ΓΥΜΝΑΣΙΟ ΑΓΙΟΥ ΑΘΑΝΑΣΙΟΥ ΔΡΑΜΑΣ", "name_en": "DAY GYMNASIUM AGIOU ATHANASIOU DRAMAS" }, "geometry": { "type": "Point", "coordinates": [ 24.23833, 41.073576 ] } },
{ "type": "Feature", "properties": { "fid": 503, "mm_id": 1014897, "name": "ΗΜΕΡΗΣΙΟ ΓΥΜΝΑΣΙΟ ΔΟΞΑΤΟΥ", "name_en": "DAY GYMNASIUM DOXATOU" }, "geometry": { "type": "Point", "coordinates": [ 24.231353, 41.096022 ] } },
{ "type": "Feature", "properties": { "fid": 504, "mm_id": 1014908, "name": "ΗΜΕΡΗΣΙΟ ΓΥΜΝΑΣΙΟ ΚΑΛΑΜΠΑΚΙΟΥ ΔΡΑΜΑΣ", "name_en": "DAY GYMNASIUM KALAMPAKIOU DRAMAS" }, "geometry": { "type": "Point", "coordinates": [ 24.157123, 41.019338 ] } },
{ "type": "Feature", "properties": { "fid": 505, "mm_id": 1014903, "name": "ΗΜΕΡΗΣΙΟ ΓΥΜΝΑΣΙΟ ΚΑΤΩ ΝΕΥΡΟΚΟΠΙΟΥ ΔΡΑΜΑΣ", "name_en": "DAY GYMNASIUM KATO NEYROKOPIOU DRAMAS" }, "geometry": { "type": "Point", "coordinates": [ 23.867196, 41.340871 ] } },
{ "type": "Feature", "properties": { "fid": 506, "mm_id": 1018186, "name": "ΗΜΕΡΗΣΙΟ ΓΥΜΝΑΣΙΟ ΚΥΡΓΙΩΝ ΔΡΑΜΑΣ", "name_en": "DAY GYMNASIUM KYRGION DRAMAS" }, "geometry": { "type": "Point", "coordinates": [ 24.28377, 41.09829 ] } },
{ "type": "Feature", "properties": { "fid": 507, "mm_id": 1014906, "name": "ΗΜΕΡΗΣΙΟ ΓΥΜΝΑΣΙΟ ΠΡΟΣΟΤΣΑΝΗΣ ΔΡΑΜΑΣ", "name_en": "DAY GYMNASIUM PROSOTSANIS DRAMAS" }, "geometry": { "type": "Point", "coordinates": [ 23.977375, 41.182699 ] } },
{ "type": "Feature", "properties": { "fid": 508, "mm_id": 1014912, "name": "ΗΜΕΡΗΣΙΟ ΓΥΜΝΑΣΙΟ ΦΩΤΟΛΙΒΟΥΣ ΔΡΑΜΑΣ", "name_en": "DAY GYMNASIUM FOTOLIVOUS DRAMAS" }, "geometry": { "type": "Point", "coordinates": [ 24.051482, 41.058525 ] } },
{ "type": "Feature", "properties": { "fid": 509, "mm_id": 1027192, "name": "ΚΑΛΛΙΤΕΧΝΙΚΟ ΓΥΜΝΑΣΙΟ ΔΡΑΜΑΣ", "name_en": "ART GYMNASIUM DRAMAS" }, "geometry": { "type": "Point", "coordinates": [ 24.017131, 41.195291 ] } },
{ "type": "Feature", "properties": { "fid": 510, "mm_id": 1014899, "name": "ΜΟΥΣΙΚΟ ΣΧΟΛΕΙΟ ΔΡΑΜΑΣ (ΜΟΥΣΙΚΟ ΓΥΜΝΑΣΙΟ-ΜΟΥΣΙΚΟ ΓΕΝΙΚΟ ΛΥΚΕΙΟ)", "name_en": "MUSIC SCHOLEIO DRAMAS (MUSIC GYMNASIUM-MUSIC GENERAL LYCEUM)" }, "geometry": { "type": "Point", "coordinates": [ 24.18008, 41.139554 ] } },
{ "type": "Feature", "properties": { "fid": 511, "mm_id": 1017915, "name": "ΗΜΕΡΗΣΙΟ ΓΥΜΝΑΣΙΟ ΑΠΕΡΙΟΥ ΚΑΡΠΑΘΟΥ", "name_en": "DAY GYMNASIUM APERIOU KARPATHOU" }, "geometry": { "type": "Point", "coordinates": [ 27.171904, 35.550198 ] } },
{ "type": "Feature", "properties": { "fid": 512, "mm_id": 1000789, "name": "ΗΜΕΡΗΣΙΟ ΓΥΜΝΑΣΙΟ ΚΑΣΟΥ - ΓΥΜΝΑΣΙΟ ΚΑΙ Λ.Τ. ΚΑΣΟΥ", "name_en": "DAY GYMNASIUM KASOU - GYMNASIUM KAI L.C. KASOU" }, "geometry": { "type": "Point", "coordinates": [ 26.921061, 35.413309 ] } },
{ "type": "Feature", "properties": { "fid": 513, "mm_id": 1000772, "name": "ΗΜΕΡΗΣΙΟ ΓΥΜΝΑΣΙΟ Λ.Τ. ΟΛΥΜΠΟΥ ΚΑΡΠΑΘΟΥ", "name_en": "DAY GYMNASIUM L.C. OLYMPOU KARPATHOU" }, "geometry": { "type": "Point", "coordinates": [ 27.171309, 35.741306 ] } },
{ "type": "Feature", "properties": { "fid": 514, "mm_id": 1000773, "name": "ΗΜΕΡΗΣΙΟ ΓΥΜΝΑΣΙΟ ΠΗΓΑΔΙΩΝ ΚΑΡΠΑΘΟΥ", "name_en": "DAY GYMNASIUM PIGADION KARPATHOU" }, "geometry": { "type": "Point", "coordinates": [ 27.214436, 35.507544 ] } },
{ "type": "Feature", "properties": { "fid": 515, "mm_id": 1018586, "name": "1ο ΗΜΕΡΗΣΙΟ ΓΥΜΝΑΣΙΟ ΚΑΡΠΕΝΗΣΙΟΥ", "name_en": "1st DAY GYMNASIUM KARPENISIOU" }, "geometry": { "type": "Point", "coordinates": [ 21.789388, 38.915218 ] } },
{ "type": "Feature", "properties": { "fid": 516, "mm_id": 1014989, "name": "2ο ΗΜΕΡΗΣΙΟ ΓΥΜΝΑΣΙΟ ΚΑΡΠΕΝΗΣΙΟΥ", "name_en": "2nd DAY GYMNASIUM KARPENISIOU" }, "geometry": { "type": "Point", "coordinates": [ 21.809513, 38.911312 ] } },
{ "type": "Feature", "properties": { "fid": 517, "mm_id": 1014993, "name": "ΑΛΚΙΒΙΑΔΕΙΟ ΓΥΜΝΑΣΙΟ & ΛΥΚΕΙΑΚΕΣ ΤΑΞΕΙΣ ΓΥΜΝΑΣΙΟΥ ΦΟΥΡΝΑ", "name_en": "ALKIVIADEIO GYMNASIUM & L.C. GYMNASIOU FOURNA" }, "geometry": { "type": "Point", "coordinates": [ 21.871332, 39.060497 ] } },
{ "type": "Feature", "properties": { "fid": 518, "mm_id": 1014991, "name": "ΓΥΜΝΑΣΙΟ ΔΥΤΙΚΗΣ ΦΡΑΓΚΙΣΤΑΣ", "name_en": "GYMNASIUM DYTIKIS FRAGKISTAS" }, "geometry": { "type": "Point", "coordinates": [ 21.603446, 38.959797 ] } },
{ "type": "Feature", "properties": { "fid": 519, "mm_id": 1014995, "name": "ΓΥΜΝΑΣΙΟ-Λ.Τ. ΡΑΠΤΟΠΟΥΛΟΥ ΕΥΡΥΤΑΝΙΑΣ", "name_en": "GYMNASIUM-L.C. RAPTOPOULOU EYRYTANIAS" }, "geometry": { "type": "Point", "coordinates": [ 21.477326, 39.15092 ] } },
{ "type": "Feature", "properties": { "fid": 520, "mm_id": 1027205, "name": "ΕΝΙΑΙΟ ΕΙΔΙΚΟ ΕΠΑΓΓΕΛΜΑΤΙΚΟ ΓΥΜΝΑΣΙΟ ΛΥΚΕΙΟ (ΕΝ.Ε.Ε.ΓΥ.-Λ.) ΚΑΡΠΕΝΗΣΙΟΥ", "name_en": "UNIFIED SPECIAL VOCATIONAL GYMNASIUM LYCEUM (EN.E.E.GY.-L.) KARPENISIOU" }, "geometry": { "type": "Point", "coordinates": [ 21.787946, 38.914775 ] } },
{ "type": "Feature", "properties": { "fid": 521, "mm_id": 1014994, "name": "ΗΜΕΡΗΣΙΟ ΓΥΜΝΑΣΙΟ ΛΥΚΕΙΑΚΕΣ ΤΑΞΕΙΣ ΓΡΑΝΙΤΣΑΣ- ΓΥΜΝΑΣΙΟ ΛΥΚΕΙΑΚΕΣ ΤΑΞΕΙΣ ΓΡΑΝΙΤΣΑΣ", "name_en": "DAY GYMNASIUM L.C. GRANITSAS- GYMNASIUM L.C. GRANITSAS" }, "geometry": { "type": "Point", "coordinates": [ 21.506835, 39.101554 ] } },
{ "type": "Feature", "properties": { "fid": 522, "mm_id": 1018028, "name": "ΗΜΕΡΗΣΙΟ ΓΥΜΝΑΣΙΟ ΛΥΚΕΙΑΚΕΣ ΤΑΞΕΙΣ ΚΕΡΑΣΟΧΩΡΙΟΥ ΕΥΡΥΤΑΝΙΑΣ", "name_en": "DAY GYMNASIUM L.C. KERASOCHORIOU EYRYTANIAS" }, "geometry": { "type": "Point", "coordinates": [ 21.638638, 39.005408 ] } },
{ "type": "Feature", "properties": { "fid": 523, "mm_id": 1014934, "name": "1ο ΗΜΕΡΗΣΙΟ ΓΥΜΝΑΣΙΟ ΑΛΕΞΑΝΔΡΟΥΠΟΛΗΣ - ΛΕΟΝΤΑΡΙΔΕΙΟ", "name_en": "1st DAY GYMNASIUM ALEXANDROUPOLIS - LEONTARIDEIO" }, "geometry": { "type": "Point", "coordinates": [ 25.871767, 40.852184 ] } },
{ "type": "Feature", "properties": { "fid": 524, "mm_id": 1014939, "name": "1ο ΗΜΕΡΗΣΙΟ ΓΥΜΝΑΣΙΟ ΔΙΔΥΜΟΤΕΙΧΟΥ ΕΒΡΟΥ", "name_en": "1st DAY GYMNASIUM DIDYMOTEICHOU EVROU" }, "geometry": { "type": "Point", "coordinates": [ 26.496662, 41.34876 ] } },
{ "type": "Feature", "properties": { "fid": 525, "mm_id": 1014942, "name": "1ο ΗΜΕΡΗΣΙΟ ΓΥΜΝΑΣΙΟ ΔΙΚΑΙΩΝ ΕΒΡΟΥ", "name_en": "1st DAY GYMNASIUM DIKAION EVROU" }, "geometry": { "type": "Point", "coordinates": [ 26.297412, 41.702817 ] } },
{ "type": "Feature", "properties": { "fid": 526, "mm_id": 1014956, "name": "1ο ΗΜΕΡΗΣΙΟ ΓΥΜΝΑΣΙΟ ΚΥΠΡΙΝΟΥ", "name_en": "1st DAY GYMNASIUM KYPRINOU" }, "geometry": { "type": "Point", "coordinates": [ 26.22038, 41.573309 ] } },
{ "type": "Feature", "properties": { "fid": 527, "mm_id": 1014943, "name": "1ο ΗΜΕΡΗΣΙΟ ΓΥΜΝΑΣΙΟ ΟΡΕΣΤΙΑΔΑΣ «ΜΗΤΡΟΠΟΛΙΤΗΣ ΠΟΛΥΚΑΡΠΟΣ ΒΑΡΒΑΚΗΣ»", "name_en": "1st DAY GYMNASIUM ORESTIADAS «MITROPOLITIS POLYKARPOS VARVAKIS»" }, "geometry": { "type": "Point", "coordinates": [ 26.523789, 41.50453 ] } },
{ "type": "Feature", "properties": { "fid": 528, "mm_id": 1014950, "name": "1ο ΗΜΕΡΗΣΙΟ ΓΥΜΝΑΣΙΟ ΣΟΥΦΛΙΟΥ", "name_en": "1st DAY GYMNASIUM SOUFLIOU" }, "geometry": { "type": "Point", "coordinates": [ 26.307417, 41.193652 ] } },
{ "type": "Feature", "properties": { "fid": 529, "mm_id": 1014951, "name": "1ο ΗΜΕΡΗΣΙΟ ΓΥΜΝΑΣΙΟ ΦΕΡΩΝ ΕΒΡΟΥ", "name_en": "1st DAY GYMNASIUM FERON EVROU" }, "geometry": { "type": "Point", "coordinates": [ 26.168643, 40.892897 ] } },
{ "type": "Feature", "properties": { "fid": 530, "mm_id": 1018193, "name": "2ο ΗΜΕΡΗΣΙΟ ΓΥΜΝΑΣΙΟ ΑΛΕΞΑΝΔΡΟΥΠΟΛΗΣ", "name_en": "2nd DAY GYMNASIUM ALEXANDROUPOLIS" }, "geometry": { "type": "Point", "coordinates": [ 25.858964, 40.84904 ] } },
{ "type": "Feature", "properties": { "fid": 531, "mm_id": 1014940, "name": "2ο ΗΜΕΡΗΣΙΟ ΓΥΜΝΑΣΙΟ ΔΙΔΥΜΟΤΕΙΧΟΥ", "name_en": "2nd DAY GYMNASIUM DIDYMOTEICHOU" }, "geometry": { "type": "Point", "coordinates": [ 26.4977, 41.348291 ] } },
{ "type": "Feature", "properties": { "fid": 532, "mm_id": 1014944, "name": "2ο ΗΜΕΡΗΣΙΟ ΓΥΜΝΑΣΙΟ ΟΡΕΣΤΙΑΔΑΣ - ΓΕΩΡΓΙΟΣ ΒΙΖΥΗΝΟΣ", "name_en": "2nd DAY GYMNASIUM ORESTIADAS - GEORGIOS VIZYINOS" }, "geometry": { "type": "Point", "coordinates": [ 26.521523, 41.499826 ] } },
{ "type": "Feature", "properties": { "fid": 533, "mm_id": 1014945, "name": "3ο ΓΥΜΝΑΣΙΟ ΟΡΕΣΤΙΑΔΑΣ ΕΒΡΟΥ", "name_en": "3rd GYMNASIUM ORESTIADAS EVROU" }, "geometry": { "type": "Point", "coordinates": [ 26.534779, 41.49631 ] } },
{ "type": "Feature", "properties": { "fid": 534, "mm_id": 1014935, "name": "3ο ΗΜΕΡΗΣΙΟ ΓΥΜΝΑΣΙΟ ΑΛΕΞΑΝΔΡΟΥΠΟΛΗΣ \"ΔΟΜΝΑ ΒΙΣΒΙΖΗ\"", "name_en": "3rd DAY GYMNASIUM ALEXANDROUPOLIS \"DOMNA VISVIZI\"" }, "geometry": { "type": "Point", "coordinates": [ 25.872506, 40.852322 ] } },
{ "type": "Feature", "properties": { "fid": 535, "mm_id": 1014936, "name": "4ο ΗΜΕΡΗΣΙΟ ΓΥΜΝΑΣΙΟ ΑΛΕΞΑΝΔΡΟΥΠΟΛΗΣ-  \"ΘΕΟΔΩΡΟΣ ΚΑΣΤΑΝΟΣ\"", "name_en": "4th DAY GYMNASIUM ALEXANDROUPOLIS-  \"THEODOROS KASTANOS\"" }, "geometry": { "type": "Point", "coordinates": [ 25.896153, 40.852363 ] } },
{ "type": "Feature", "properties": { "fid": 536, "mm_id": 1014937, "name": "5ο ΗΜΕΡΗΣΙΟ ΓΥΜΝΑΣΙΟ ΑΛΕΞΑΝΔΡΟΥΠΟΛΗΣ \n«ΕΛΕΝΗ ΦΙΛΙΠΠΙΔΗ»", "name_en": "5th DAY GYMNASIUM ALEXANDROUPOLIS \n«ELENI FILIPPIDI»" }, "geometry": { "type": "Point", "coordinates": [ 25.879867, 40.856266 ] } },
{ "type": "Feature", "properties": { "fid": 537, "mm_id": 1026645, "name": "6ο ΠΕΙΡΑΜΑΤΙΚΟ ΓΥΜΝΑΣΙΟ ΑΛΕΞΑΝΔΡΟΥΠΟΛΗΣ", "name_en": "6th EXPERIMENTAL GYMNASIUM ALEXANDROUPOLIS" }, "geometry": { "type": "Point", "coordinates": [ 25.872655, 40.853016 ] } },
{ "type": "Feature", "properties": { "fid": 538, "mm_id": 1014971, "name": "Ενιαίο Ειδικό Επαγγελματικό Γυμνάσιο - Λύκειο  Αλεξανδρούπολης", "name_en": "Unified Special Vocational GYMNASIUM - LYCEUM  Alexandroypolis" }, "geometry": { "type": "Point", "coordinates": [ 25.869819, 40.867429 ] } },
{ "type": "Feature", "properties": { "fid": 539, "mm_id": 1025266, "name": "Ενιαίο Ειδικό Επαγγελματικό Γυμνάσιο - Λύκειο Ορεστιάδας", "name_en": "Unified Special Vocational GYMNASIUM - LYCEUM Orestiadas" }, "geometry": { "type": "Point", "coordinates": [ 26.534966, 41.498155 ] } },
{ "type": "Feature", "properties": { "fid": 540, "mm_id": 1014933, "name": "ΕΣΠΕΡΙΝΟ ΓΥΜΝΑΣΙΟ ΑΛΕΞΑΝΔΡΟΥΠΟΛΗΣ", "name_en": "EVENING GYMNASIUM ALEXANDROUPOLIS" }, "geometry": { "type": "Point", "coordinates": [ 25.871753, 40.852275 ] } },
{ "type": "Feature", "properties": { "fid": 541, "mm_id": 1014946, "name": "ΕΣΠΕΡΙΝΟ ΓΥΜΝΑΣΙΟ ΟΡΕΣΤΙΑΔΟΣ", "name_en": "EVENING GYMNASIUM ORESTIADOS" }, "geometry": { "type": "Point", "coordinates": [ 26.53108, 41.501402 ] } },
{ "type": "Feature", "properties": { "fid": 542, "mm_id": 1014955, "name": "ΗΜΕΡΗΣΙΟ ΓΥΜΝΑΣΙΟ ΑΝΘΕΙΑΣ ΕΒΡΟΥ", "name_en": "DAY GYMNASIUM ANTHEIAS EVROU" }, "geometry": { "type": "Point", "coordinates": [ 25.988208, 40.869626 ] } },
{ "type": "Feature", "properties": { "fid": 543, "mm_id": 1014957, "name": "ΗΜΕΡΗΣΙΟ ΓΥΜΝΑΣΙΟ ΛΑΒΑΡΩΝ", "name_en": "DAY GYMNASIUM LAVARON" }, "geometry": { "type": "Point", "coordinates": [ 26.383096, 41.26987 ] } },
{ "type": "Feature", "properties": { "fid": 544, "mm_id": 1018791, "name": "ΗΜΕΡΗΣΙΟ ΓΥΜΝΑΣΙΟ ΜΕ ΛΥΚΕΙΑΚΕΣ ΤΑΞΕΙΣ ΜΕΤΑΞΑΔΩΝ", "name_en": "DAY GYMNASIUM WITH L.C. METAXADON" }, "geometry": { "type": "Point", "coordinates": [ 26.222331, 41.417116 ] } },
{ "type": "Feature", "properties": { "fid": 545, "mm_id": 1014952, "name": "ΗΜΕΡΗΣΙΟ ΓΥΜΝΑΣΙΟ ΝΕΑΣ ΒΥΣΣΑΣ", "name_en": "DAY GYMNASIUM NEAS VYSSAS" }, "geometry": { "type": "Point", "coordinates": [ 26.53013, 41.576193 ] } },
{ "type": "Feature", "properties": { "fid": 546, "mm_id": 1014954, "name": "ΗΜΕΡΗΣΙΟ ΓΥΜΝΑΣΙΟ ΡΙΖΙΩΝ", "name_en": "DAY GYMNASIUM RIZION" }, "geometry": { "type": "Point", "coordinates": [ 26.426257, 41.620626 ] } },
{ "type": "Feature", "properties": { "fid": 547, "mm_id": 1014948, "name": "ΗΜΕΡΗΣΙΟ ΓΥΜΝΑΣΙΟ ΣΑΜΟΘΡΑΚΗΣ", "name_en": "DAY GYMNASIUM SAMOTHRAKIS" }, "geometry": { "type": "Point", "coordinates": [ 25.495841, 40.473742 ] } },
{ "type": "Feature", "properties": { "fid": 548, "mm_id": 1014953, "name": "ΗΜΕΡΗΣΙΟ ΓΥΜΝΑΣΙΟ ΤΥΧΕΡΟΥ", "name_en": "DAY GYMNASIUM TYCHEROU" }, "geometry": { "type": "Point", "coordinates": [ 26.288319, 41.027293 ] } },
{ "type": "Feature", "properties": { "fid": 549, "mm_id": 1025083, "name": "ΜΟΥΣΙΚΟ ΓΥΜΝΑΣΙΟ ΜΕ Λ.Τ. ΑΛΕΞΑΝΔΡΟΥΠΟΛΗΣ", "name_en": "MUSIC GYMNASIUM WITH L.C. ALEXANDROUPOLIS" }, "geometry": { "type": "Point", "coordinates": [ 25.869782, 40.852861 ] } },
{ "type": "Feature", "properties": { "fid": 550, "mm_id": 1027266, "name": "ΜΟΥΣΙΚΟ ΓΥΜΝΑΣΙΟ ΟΡΕΣΤΙΑΔΑΣ", "name_en": "MUSIC GYMNASIUM ORESTIADAS" }, "geometry": { "type": "Point", "coordinates": [ 26.532879, 41.489873 ] } },
{ "type": "Feature", "properties": { "fid": 551, "mm_id": 1014597, "name": "1ο ΗΜΕΡΗΣΙΟ ΓΥΜΝΑΣΙΟ ΑΡΤΑΣ", "name_en": "1st DAY GYMNASIUM ARTAS" }, "geometry": { "type": "Point", "coordinates": [ 20.981455, 39.159341 ] } },
{ "type": "Feature", "properties": { "fid": 552, "mm_id": 1014599, "name": "2ο ΗΜΕΡΗΣΙΟ ΓΥΜΝΑΣΙΟ ΑΡΤΑΣ", "name_en": "2nd DAY GYMNASIUM ARTAS" }, "geometry": { "type": "Point", "coordinates": [ 20.983407, 39.152068 ] } },
{ "type": "Feature", "properties": { "fid": 553, "mm_id": 1018138, "name": "3ο ΓΥΜΝΑΣΙΟ ΑΡΤΑΣ", "name_en": "3rd GYMNASIUM ARTAS" }, "geometry": { "type": "Point", "coordinates": [ 20.982768, 39.162224 ] } },
{ "type": "Feature", "properties": { "fid": 554, "mm_id": 1014600, "name": "4ο ΗΜΕΡΗΣΙΟ ΓΥΜΝΑΣΙΟ ΑΡΤΑΣ", "name_en": "4th DAY GYMNASIUM ARTAS" }, "geometry": { "type": "Point", "coordinates": [ 20.987452, 39.157899 ] } },
{ "type": "Feature", "properties": { "fid": 555, "mm_id": 1014601, "name": "5ο ΗΜΕΡΗΣΙΟ ΓΥΜΝΑΣΙΟ ΑΡΤΑΣ", "name_en": "5th DAY GYMNASIUM ARTAS" }, "geometry": { "type": "Point", "coordinates": [ 21.001542, 39.155598 ] } },
{ "type": "Feature", "properties": { "fid": 556, "mm_id": 1014605, "name": "ΓΥΜΝΑΣΙΟ - ΛΥΚΕΙΑΚΕΣ ΤΑΞΕΙΣ ΑΓΝΑΝΤΩΝ", "name_en": "GYMNASIUM - L.C. AGNANTON" }, "geometry": { "type": "Point", "coordinates": [ 21.080949, 39.473991 ] } },
{ "type": "Feature", "properties": { "fid": 557, "mm_id": 1014609, "name": "ΓΥΜΝΑΣΙΟ ΑΝΩ ΚΑΛΕΝΤΙΝΗΣ", "name_en": "GYMNASIUM ANO KALENTINIS" }, "geometry": { "type": "Point", "coordinates": [ 21.161369, 39.253685 ] } },
{ "type": "Feature", "properties": { "fid": 558, "mm_id": 1014606, "name": "ΓΥΜΝΑΣΙΟ ΒΟΥΡΓΑΡΕΛΙΟΥ", "name_en": "GYMNASIUM VOURGARELIOU" }, "geometry": { "type": "Point", "coordinates": [ 21.182095, 39.373553 ] } },
{ "type": "Feature", "properties": { "fid": 559, "mm_id": 1026991, "name": "Ενιαίο Ειδικό Επαγγελματικό Γυμνάσιο - Λύκειο (ΕΝ.Ε.Ε.ΓΥ. - Λ.) Άρτας", "name_en": "Unified Special Vocational GYMNASIUM - LYCEUM (EN.E.E.GY. - L.) Άrtas" }, "geometry": { "type": "Point", "coordinates": [ 20.997576, 39.154324 ] } },
{ "type": "Feature", "properties": { "fid": 560, "mm_id": 1014598, "name": "ΕΣΠΕΡΙΝΟ ΓΥΜΝΑΣΙΟ ΑΡΤΑΣ - ΕΣΠΕΡΙΝΟ ΓΥΜΝΑΣΙΟ ΑΡΤΑΣ", "name_en": "EVENING GYMNASIUM ARTAS - EVENING GYMNASIUM ARTAS" }, "geometry": { "type": "Point", "coordinates": [ 20.983307, 39.152235 ] } },
{ "type": "Feature", "properties": { "fid": 561, "mm_id": 1014614, "name": "ΗΜΕΡΗΣΙΟ ΓΥΜΝΑΣΙΟ ΑΝΕΖΑΣ ΑΡΤΑΣ", "name_en": "DAY GYMNASIUM ANEZAS ARTAS" }, "geometry": { "type": "Point", "coordinates": [ 20.920793, 39.087709 ] } },
{ "type": "Feature", "properties": { "fid": 562, "mm_id": 1014603, "name": "ΗΜΕΡΗΣΙΟ ΓΥΜΝΑΣΙΟ ΓΡΑΜΜΕΝΙΤΣΑΣ ΑΡΤΑΣ", "name_en": "DAY GYMNASIUM GRAMMENITSAS ARTAS" }, "geometry": { "type": "Point", "coordinates": [ 20.97086, 39.189714 ] } },
{ "type": "Feature", "properties": { "fid": 563, "mm_id": 1014612, "name": "ΗΜΕΡΗΣΙΟ ΓΥΜΝΑΣΙΟ ΚΟΜΠΟΤΙΟΥ", "name_en": "DAY GYMNASIUM KOMPOTIOU" }, "geometry": { "type": "Point", "coordinates": [ 21.076785, 39.104586 ] } },
{ "type": "Feature", "properties": { "fid": 564, "mm_id": 1014619, "name": "ΗΜΕΡΗΣΙΟ ΓΥΜΝΑΣΙΟ ΚΩΣΤΑΚΙΩΝ ΑΡΤΑΣ - ΓΥΜΝΑΣΙΟ ΚΩΣΤΑΚΙΩΝ", "name_en": "DAY GYMNASIUM KOSTAKION ARTAS - GYMNASIUM KOSTAKION" }, "geometry": { "type": "Point", "coordinates": [ 20.953051, 39.135445 ] } },
{ "type": "Feature", "properties": { "fid": 565, "mm_id": 1014613, "name": "ΗΜΕΡΗΣΙΟ ΓΥΜΝΑΣΙΟ ΝΕΟΧΩΡΙΟΥ ΑΡΤΑΣ", "name_en": "DAY GYMNASIUM NEOCHORIOU ARTAS" }, "geometry": { "type": "Point", "coordinates": [ 21.013813, 39.069184 ] } },
{ "type": "Feature", "properties": { "fid": 566, "mm_id": 1014618, "name": "ΗΜΕΡΗΣΙΟ ΓΥΜΝΑΣΙΟ ΠΑΝΑΓΙΑΣ ΔΙΑΣΕΛΛΟΥ ΑΡΤΑΣ", "name_en": "DAY GYMNASIUM PANAGIAS DIASELLOU ARTAS" }, "geometry": { "type": "Point", "coordinates": [ 21.130691, 39.195799 ] } },
{ "type": "Feature", "properties": { "fid": 567, "mm_id": 1014617, "name": "ΗΜΕΡΗΣΙΟ ΓΥΜΝΑΣΙΟ ΠΕΤΑ", "name_en": "DAY GYMNASIUM PETA" }, "geometry": { "type": "Point", "coordinates": [ 21.034166, 39.17428 ] } },
{ "type": "Feature", "properties": { "fid": 568, "mm_id": 1014620, "name": "ΗΜΕΡΗΣΙΟ ΓΥΜΝΑΣΙΟ ΦΙΛΟΘΕΗΣ ΑΡΤΑΣ", "name_en": "DAY GYMNASIUM FILOTHEIS ARTAS" }, "geometry": { "type": "Point", "coordinates": [ 20.920074, 39.161821 ] } },
{ "type": "Feature", "properties": { "fid": 569, "mm_id": 1014602, "name": "ΜΟΥΣΙΚΟ ΣΧΟΛΕΙΟ ΑΡΤΑΣ", "name_en": "MUSIC SCHOLEIO ARTAS" }, "geometry": { "type": "Point", "coordinates": [ 20.919912, 39.162538 ] } },
{ "type": "Feature", "properties": { "fid": 570, "mm_id": 1015005, "name": "1ο ΗΜΕΡΗΣΙΟ ΓΥΜΝΑΣΙΟ ΖΑΚΥΝΘΟΥ", "name_en": "1st DAY GYMNASIUM ZAKYNTHOU" }, "geometry": { "type": "Point", "coordinates": [ 20.896515, 37.789069 ] } },
{ "type": "Feature", "properties": { "fid": 571, "mm_id": 1015006, "name": "2ο ΗΜΕΡΗΣΙΟ ΓΥΜΝΑΣΙΟ ΖΑΚΥΝΘΟΥ", "name_en": "2nd DAY GYMNASIUM ZAKYNTHOU" }, "geometry": { "type": "Point", "coordinates": [ 20.895641, 37.776791 ] } },
{ "type": "Feature", "properties": { "fid": 572, "mm_id": 1015007, "name": "3ο ΗΜΕΡΗΣΙΟ ΓΥΜΝΑΣΙΟ ΖΑΚΥΝΘΟΥ", "name_en": "3rd DAY GYMNASIUM ZAKYNTHOU" }, "geometry": { "type": "Point", "coordinates": [ 20.895583, 37.777212 ] } },
{ "type": "Feature", "properties": { "fid": 573, "mm_id": 1026341, "name": "ΕΝ.Ε.Ε.ΓΥ.-Λ. ΖΑΚΥΝΘΟΥ", "name_en": "EN.E.E.GY.-L. ZAKYNTHOU" }, "geometry": { "type": "Point", "coordinates": [ 20.810919, 37.767785 ] } },
{ "type": "Feature", "properties": { "fid": 574, "mm_id": 1015009, "name": "ΕΣΠΕΡΙΝΟ ΓΥΜΝΑΣΙΟ ΖΑΚΥΝΘΟΥ\n      (ΜΕ ΛΥΚΕΙΑΚΕΣ ΤΑΞΕΙΣ)", "name_en": "EVENING GYMNASIUM ZAKYNTHOU\n      (WITH L.C.)" }, "geometry": { "type": "Point", "coordinates": [ 20.896897, 37.788975 ] } },
{ "type": "Feature", "properties": { "fid": 575, "mm_id": 1015011, "name": "ΗΜΕΡΗΣΙΟ ΓΥΜΝΑΣΙΟ ΚΑΤΑΣΤΑΡΙΟΥ ΖΑΚΥΝΘΟΥ", "name_en": "DAY GYMNASIUM KATASTARIOU ZAKYNTHOU" }, "geometry": { "type": "Point", "coordinates": [ 20.762911, 37.827804 ] } },
{ "type": "Feature", "properties": { "fid": 576, "mm_id": 1015012, "name": "ΗΜΕΡΗΣΙΟ ΓΥΜΝΑΣΙΟ Λ.Τ. ΒΟΛΙΜΩΝ ΖΑΚΥΝΘΟΥ", "name_en": "DAY GYMNASIUM L.C. VOLIMON ZAKYNTHOU" }, "geometry": { "type": "Point", "coordinates": [ 20.661567, 37.874873 ] } },
{ "type": "Feature", "properties": { "fid": 577, "mm_id": 1018194, "name": "ΗΜΕΡΗΣΙΟ ΓΥΜΝΑΣΙΟ ΛΙΘΑΚΙΑΣ ΖΑΚΥΝΘΟΥ", "name_en": "DAY GYMNASIUM LITHAKIAS ZAKYNTHOU" }, "geometry": { "type": "Point", "coordinates": [ 20.834107, 37.722258 ] } },
{ "type": "Feature", "properties": { "fid": 578, "mm_id": 1015013, "name": "ΗΜΕΡΗΣΙΟ ΓΥΜΝΑΣΙΟ ΜΑΧΑΙΡΑΔΟΥ ΖΑΚΥΝΘΟΥ", "name_en": "DAY GYMNASIUM MACHAIRADOU ZAKYNTHOU" }, "geometry": { "type": "Point", "coordinates": [ 20.813352, 37.759832 ] } },
{ "type": "Feature", "properties": { "fid": 579, "mm_id": 1015010, "name": "ΗΜΕΡΗΣΙΟ ΓΥΜΝΑΣΙΟ ΜΕ ΛΥΚΕΙΑΚΕΣ ΤΑΞΕΙΣ ΒΑΝΑΤΟΥ ΖΑΚΥΝΘΟΥ", "name_en": "DAY GYMNASIUM WITH L.C. VANATOU ZAKYNTHOU" }, "geometry": { "type": "Point", "coordinates": [ 20.860239, 37.792941 ] } },
{ "type": "Feature", "properties": { "fid": 580, "mm_id": 1015008, "name": "ΜΟΥΣΙΚΟ ΣΧΟΛΕΙΟ ΖΑΚΥΝΘΟΥ ¨ΠΑΥΛΟΣ ΚΑΡΡΕΡ¨", "name_en": "MUSIC SCHOLEIO ZAKYNTHOU ¨PAYLOS KARRER¨" }, "geometry": { "type": "Point", "coordinates": [ 20.895575, 37.776228 ] } },
{ "type": "Feature", "properties": { "fid": 581, "mm_id": 1016350, "name": "1ο ΓΥΜΝΑΣΙΟ ΚΑΛΑΜΠΑΚΑΣ", "name_en": "1st GYMNASIUM KALAMPAKAS" }, "geometry": { "type": "Point", "coordinates": [ 21.627585, 39.703053 ] } },
{ "type": "Feature", "properties": { "fid": 582, "mm_id": 1016355, "name": "1ο ΓΥΜΝΑΣΙΟ ΠΥΛΗΣ", "name_en": "1st GYMNASIUM PYLIS" }, "geometry": { "type": "Point", "coordinates": [ 21.621511, 39.461759 ] } },
{ "type": "Feature", "properties": { "fid": 583, "mm_id": 1016339, "name": "1ο ΓΥΜΝΑΣΙΟ ΤΡΙΚΑΛΩΝ", "name_en": "1st GYMNASIUM TRIKALON" }, "geometry": { "type": "Point", "coordinates": [ 21.771724, 39.565066 ] } },
{ "type": "Feature", "properties": { "fid": 584, "mm_id": 1016351, "name": "2ο ΓΥΜΝΑΣΙΟ ΚΑΛΑΜΠΑΚΑΣ", "name_en": "2nd GYMNASIUM KALAMPAKAS" }, "geometry": { "type": "Point", "coordinates": [ 21.627413, 39.703185 ] } },
{ "type": "Feature", "properties": { "fid": 585, "mm_id": 1016340, "name": "2ο ΓΥΜΝΑΣΙΟ ΤΡΙΚΑΛΩΝ", "name_en": "2nd GYMNASIUM TRIKALON" }, "geometry": { "type": "Point", "coordinates": [ 21.777079, 39.551195 ] } },
{ "type": "Feature", "properties": { "fid": 586, "mm_id": 1016343, "name": "3ο ΓΥΜΝΑΣΙΟ ΤΡΙΚΑΛΩΝ", "name_en": "3rd GYMNASIUM TRIKALON" }, "geometry": { "type": "Point", "coordinates": [ 21.762011, 39.55161 ] } },
{ "type": "Feature", "properties": { "fid": 587, "mm_id": 1016344, "name": "4ο ΓΥΜΝΑΣΙΟ ΤΡΙΚΑΛΩΝ - ΓΙΩΡΓΟΣ ΣΕΦΕΡΗΣ", "name_en": "4th GYMNASIUM TRIKALON - GIORGOS SEFERIS" }, "geometry": { "type": "Point", "coordinates": [ 21.772064, 39.566011 ] } },
{ "type": "Feature", "properties": { "fid": 588, "mm_id": 1016345, "name": "5ο ΓΥΜΝΑΣΙΟ ΤΡΙΚΑΛΩΝ", "name_en": "5th GYMNASIUM TRIKALON" }, "geometry": { "type": "Point", "coordinates": [ 21.753839, 39.562113 ] } },
{ "type": "Feature", "properties": { "fid": 589, "mm_id": 1016346, "name": "6ο ΓΥΜΝΑΣΙΟ ΤΡΙΚΑΛΩΝ", "name_en": "6th GYMNASIUM TRIKALON" }, "geometry": { "type": "Point", "coordinates": [ 21.752423, 39.542714 ] } },
{ "type": "Feature", "properties": { "fid": 590, "mm_id": 1016347, "name": "7ο ΠΕΙΡΑΜΑΤΙΚΟ ΓΥΜΝΑΣΙΟ ΤΡΙΚΑΛΩΝ", "name_en": "7th EXPERIMENTAL GYMNASIUM TRIKALON" }, "geometry": { "type": "Point", "coordinates": [ 21.771488, 39.542154 ] } },
{ "type": "Feature", "properties": { "fid": 591, "mm_id": 1018930, "name": "9ο ΓΥΜΝΑΣΙΟ ΤΡΙΚΑΛΩΝ", "name_en": "9th GYMNASIUM TRIKALON" }, "geometry": { "type": "Point", "coordinates": [ 21.762431, 39.551199 ] } },
{ "type": "Feature", "properties": { "fid": 592, "mm_id": 1016367, "name": "ΓΥΜΝΑΣΙΟ ΑΜΠΕΛΙΩΝ", "name_en": "GYMNASIUM AMPELION" }, "geometry": { "type": "Point", "coordinates": [ 21.516681, 39.693911 ] } },
{ "type": "Feature", "properties": { "fid": 593, "mm_id": 1016363, "name": "ΓΥΜΝΑΣΙΟ ΒΑΛΤΙΝΟΥ", "name_en": "GYMNASIUM VALTINOU" }, "geometry": { "type": "Point", "coordinates": [ 21.657108, 39.550358 ] } },
{ "type": "Feature", "properties": { "fid": 594, "mm_id": 1016366, "name": "ΓΥΜΝΑΣΙΟ ΜΕΓΑΛΟΧΩΡΙΟΥ ΤΡΙΚΑΛΩΝ", "name_en": "GYMNASIUM MEGALOCHORIOU TRIKALON" }, "geometry": { "type": "Point", "coordinates": [ 21.847838, 39.559759 ] } },
{ "type": "Feature", "properties": { "fid": 595, "mm_id": 1016370, "name": "ΓΥΜΝΑΣΙΟ ΜΕΓΑΛΩΝ ΚΑΛΥΒΙΩΝ", "name_en": "GYMNASIUM MEGALON KALYVION" }, "geometry": { "type": "Point", "coordinates": [ 21.793056, 39.505106 ] } },
{ "type": "Feature", "properties": { "fid": 596, "mm_id": 1016361, "name": "ΓΥΜΝΑΣΙΟ ΟΙΧΑΛΙΑΣ", "name_en": "GYMNASIUM OICHALIAS" }, "geometry": { "type": "Point", "coordinates": [ 21.990169, 39.609353 ] } },
{ "type": "Feature", "properties": { "fid": 597, "mm_id": 1016368, "name": "ΓΥΜΝΑΣΙΟ ΟΞΥΝΕΙΑΣ", "name_en": "GYMNASIUM OXYNEIAS" }, "geometry": { "type": "Point", "coordinates": [ 21.492393, 39.827509 ] } },
{ "type": "Feature", "properties": { "fid": 598, "mm_id": 1016360, "name": "ΓΥΜΝΑΣΙΟ ΦΑΡΚΑΔΟΝΑΣ", "name_en": "GYMNASIUM FARKADONAS" }, "geometry": { "type": "Point", "coordinates": [ 22.064055, 39.591184 ] } },
{ "type": "Feature", "properties": { "fid": 599, "mm_id": 1025356, "name": "ΕΝΙΑΙΟ ΕΙΔΙΚΟ ΕΠΑΓΓΕΛΜΑΤΙΚΟ ΓΥΜΝΑΣΙΟ-ΛΥΚΕΙΟ ΤΡΙΚΑΛΩΝ", "name_en": "UNIFIED SPECIAL VOCATIONAL GYMNASIUM-LYCEUM TRIKALON" }, "geometry": { "type": "Point", "coordinates": [ 21.724874, 39.608624 ] } },
{ "type": "Feature", "properties": { "fid": 600, "mm_id": 1016525, "name": "1ο ΗΜΕΡΗΣΙΟ ΓΥΜΝΑΣΙΟ Ν. ΜΟΥΔΑΝΙΩΝ ΧΑΛΚΙΔΙΚΗΣ", "name_en": "1st DAY GYMNASIUM N. MOUDANION CHALKIDIKIS" }, "geometry": { "type": "Point", "coordinates": [ 23.290871, 40.238082 ] } },
{ "type": "Feature", "properties": { "fid": 601, "mm_id": 1024720, "name": "ΑΘΩΝΙΑΣ ΕΚΚΛΗΣΙΑΣΤΙΚΗ ΑΚΑΔΗΜΙΑ ΠΡΟΤΥΠΟ ΕΚΚΛΗΣΙΑΣΤΙΚΟ ΓΥΜΝΑΣΙΟ\n - ΠΡΟΤΥΠΟ ΕΚΚΛΗΣΙΑΣΤΙΚΟ ΛΥΚΕΙΟ", "name_en": "ATHONIAS EKKLISIASTIKI AKADIMIA MODEL ECCLESIASTICAL GYMNASIUM\n - MODEL ECCLESIASTICAL LYCEUM" }, "geometry": { "type": "Point", "coordinates": [ 24.244886, 40.261538 ] } },
{ "type": "Feature", "properties": { "fid": 602, "mm_id": 1016364, "name": "ΓΥΜΝΑΣΙΟ ΠΡΙΝΟΥ", "name_en": "GYMNASIUM PRINOU" }, "geometry": { "type": "Point", "coordinates": [ 21.608759, 39.572637 ] } },
{ "type": "Feature", "properties": { "fid": 603, "mm_id": 1016342, "name": "ΕΣΠΕΡΙΝΟ ΓΥΜΝΑΣΙΟ ΚΑΙ ΛΥΚΕΙΑΚΕΣ ΤΑΞΕΙΣ ΤΡΙΚΑΛΩΝ", "name_en": "EVENING GYMNASIUM KAI L.C. TRIKALON" }, "geometry": { "type": "Point", "coordinates": [ 21.771649, 39.565148 ] } },
{ "type": "Feature", "properties": { "fid": 604, "mm_id": 1001258, "name": "ΙΔΙΩΤΙΚΟ ΓΥΜΝΑΣΙΟ ΤΡΙΚΑΛΩΝ - ΕΚΠΑΙΔΕΥΤΗΡΙΑ ΑΘΗΝΑ", "name_en": "PRIVATE GYMNASIUM TRIKALON - EKPAIDEYTIRIA ATHINA" }, "geometry": { "type": "Point", "coordinates": [ 21.725836, 39.609309 ] } },
{ "type": "Feature", "properties": { "fid": 605, "mm_id": 1016341, "name": "ΜΟΥΣΙΚΟ ΣΧΟΛΕΙΟ ΤΡΙΚΑΛΩΝ", "name_en": "MUSIC SCHOLEIO TRIKALON" }, "geometry": { "type": "Point", "coordinates": [ 21.795815, 39.542787 ] } },
{ "type": "Feature", "properties": { "fid": 606, "mm_id": 1016514, "name": "1ο ΗΜΕΡΗΣΙΟ ΓΥΜΝΑΣΙΟ ΠΟΛΥΓΥΡΟΥ ΧΑΛΚΙΔΙΚΗΣ", "name_en": "1st DAY GYMNASIUM POLYGYROU CHALKIDIKIS" }, "geometry": { "type": "Point", "coordinates": [ 23.439117, 40.380422 ] } },
{ "type": "Feature", "properties": { "fid": 607, "mm_id": 1016526, "name": "2ο ΗΜΕΡΗΣΙΟ ΓΥΜΝΑΣΙΟ ΝΕΩΝ ΜΟΥΔΑΝΙΩΝ", "name_en": "2nd DAY GYMNASIUM NEON MOUDANION" }, "geometry": { "type": "Point", "coordinates": [ 23.299819, 40.23542 ] } },
{ "type": "Feature", "properties": { "fid": 608, "mm_id": 1016527, "name": "ΓΥΜΝΑΣΙΟ ΙΕΡΙΣΣΟΥ", "name_en": "GYMNASIUM IERISSOU" }, "geometry": { "type": "Point", "coordinates": [ 23.874637, 40.394821 ] } },
{ "type": "Feature", "properties": { "fid": 609, "mm_id": 1026344, "name": "Ενιαίο Ειδικό Επαγγελματικό Γυμνάσιο-Λύκειο (ΕΝ.Ε.Ε.ΓΥ.-Λ.) Νέας Προποντίδας", "name_en": "Unified Special Vocational GYMNASIUM-LYCEUM (EN.E.E.GY.-L.) Neas Propontidas" }, "geometry": { "type": "Point", "coordinates": [ 23.295046, 40.283515 ] } },
{ "type": "Feature", "properties": { "fid": 610, "mm_id": 1016516, "name": "ΕΣΠΕΡΙΝΟ ΓΥΜΝΑΣΙΟ ΠΟΛΥΓΥΡΟΥ", "name_en": "EVENING GYMNASIUM POLYGYROU" }, "geometry": { "type": "Point", "coordinates": [ 23.439004, 40.380077 ] } },
{ "type": "Feature", "properties": { "fid": 611, "mm_id": 1016519, "name": "ΗΜΕΡΗΣΙΟ ΓΥΜΝΑΣΙΟ ΑΓΙΟΥ ΝΙΚΟΛΑΟΥ ΧΑΛΚΙΔΙΚΗΣ", "name_en": "DAY GYMNASIUM AGIOU NIKOLAOU CHALKIDIKIS" }, "geometry": { "type": "Point", "coordinates": [ 23.701736, 40.249962 ] } },
{ "type": "Feature", "properties": { "fid": 612, "mm_id": 1016521, "name": "ΗΜΕΡΗΣΙΟ ΓΥΜΝΑΣΙΟ ΑΡΝΑΙΑΣ ΧΑΛΚΙΔΙΚΗΣ", "name_en": "DAY GYMNASIUM ARNAIAS CHALKIDIKIS" }, "geometry": { "type": "Point", "coordinates": [ 23.598782, 40.493174 ] } },
{ "type": "Feature", "properties": { "fid": 613, "mm_id": 1018933, "name": "ΗΜΕΡΗΣΙΟ ΓΥΜΝΑΣΙΟ ΚΑΣΣΑΝΔΡΑΣ ΧΑΛΚΙΔΙΚΗΣ", "name_en": "DAY GYMNASIUM KASSANDRAS CHALKIDIKIS" }, "geometry": { "type": "Point", "coordinates": [ 23.418363, 40.051751 ] } },
{ "type": "Feature", "properties": { "fid": 614, "mm_id": 1016517, "name": "ΗΜΕΡΗΣΙΟ ΓΥΜΝΑΣΙΟ ΛΥΚΕΙΑΚΕΣ ΤΑΞΕΙΣ ΓΑΛΑΤΙΣΤΑΣ ΧΑΛΚΙΔΙΚΗΣ", "name_en": "DAY GYMNASIUM L.C. GALATISTAS CHALKIDIKIS" }, "geometry": { "type": "Point", "coordinates": [ 23.281245, 40.467142 ] } },
{ "type": "Feature", "properties": { "fid": 615, "mm_id": 1016529, "name": "ΗΜΕΡΗΣΙΟ ΓΥΜΝΑΣΙΟ ΜΕΓΑΛΗΣ ΠΑΝΑΓΙΑΣ ΧΑΛΚΙΔΙΚΗΣ", "name_en": "DAY GYMNASIUM MEGALIS PANAGIAS CHALKIDIKIS" }, "geometry": { "type": "Point", "coordinates": [ 23.674784, 40.445696 ] } },
{ "type": "Feature", "properties": { "fid": 616, "mm_id": 1018044, "name": "ΗΜΕΡΗΣΙΟ ΓΥΜΝΑΣΙΟ Ν.ΤΡΙΓΛΙΑΣ", "name_en": "DAY GYMNASIUM N.TRIGLIAS" }, "geometry": { "type": "Point", "coordinates": [ 23.201911, 40.308919 ] } },
{ "type": "Feature", "properties": { "fid": 617, "mm_id": 1016539, "name": "ΗΜΕΡΗΣΙΟ ΓΥΜΝΑΣΙΟ ΝΕΑ ΦΩΚΑΙΑ - ΙΩΝΙΟ ΓΥΜΝΑΣΙΟ", "name_en": "DAY GYMNASIUM NEA FOKAIA - IONIO GYMNASIUM" }, "geometry": { "type": "Point", "coordinates": [ 23.399016, 40.13457 ] } },
{ "type": "Feature", "properties": { "fid": 618, "mm_id": 1016524, "name": "ΗΜΕΡΗΣΙΟ ΓΥΜΝΑΣΙΟ ΝΕΑΣ ΚΑΛΛΙΚΡΑΤΕΙΑΣ", "name_en": "DAY GYMNASIUM NEAS KALLIKRATEIAS" }, "geometry": { "type": "Point", "coordinates": [ 23.060042, 40.315591 ] } },
{ "type": "Feature", "properties": { "fid": 619, "mm_id": 1016536, "name": "ΗΜΕΡΗΣΙΟ ΓΥΜΝΑΣΙΟ ΝΕΟΥ ΜΑΡΜΑΡΑ ΧΑΛΚΙΔΙΚΗΣ", "name_en": "DAY GYMNASIUM NEOU MARMARA CHALKIDIKIS" }, "geometry": { "type": "Point", "coordinates": [ 23.786345, 40.095861 ] } },
{ "type": "Feature", "properties": { "fid": 620, "mm_id": 1016531, "name": "ΗΜΕΡΗΣΙΟ ΓΥΜΝΑΣΙΟ ΝΙΚΗΤΗΣ", "name_en": "DAY GYMNASIUM NIKITIS" }, "geometry": { "type": "Point", "coordinates": [ 23.673927, 40.221352 ] } },
{ "type": "Feature", "properties": { "fid": 621, "mm_id": 1016532, "name": "ΗΜΕΡΗΣΙΟ ΓΥΜΝΑΣΙΟ ΟΡΜΥΛΙΑΣ ΧΑΛΚΙΔΙΚΗΣ", "name_en": "DAY GYMNASIUM ORMYLIAS CHALKIDIKIS" }, "geometry": { "type": "Point", "coordinates": [ 23.542441, 40.289888 ] } },
{ "type": "Feature", "properties": { "fid": 622, "mm_id": 1016530, "name": "ΗΜΕΡΗΣΙΟ ΓΥΜΝΑΣΙΟ ΠΑΛΑΙΟΧΩΡΑΣ ΧΑΛΚΙΔΙΚΗΣ", "name_en": "DAY GYMNASIUM PALAIOCHORAS CHALKIDIKIS" }, "geometry": { "type": "Point", "coordinates": [ 23.45643, 40.50206 ] } },
{ "type": "Feature", "properties": { "fid": 623, "mm_id": 1016535, "name": "ΗΜΕΡΗΣΙΟ ΓΥΜΝΑΣΙΟ ΠΑΛΑΙΟΧΩΡΙ ΧΑΛΚΙΔΙΚΗΣ", "name_en": "DAY GYMNASIUM PALAIOCHORI CHALKIDIKIS" }, "geometry": { "type": "Point", "coordinates": [ 23.646062, 40.486884 ] } },
{ "type": "Feature", "properties": { "fid": 624, "mm_id": 1016538, "name": "ΗΜΕΡΗΣΙΟ ΓΥΜΝΑΣΙΟ ΠΑΛΙΟΥΡΙΟΥ ΧΑΛΚΙΔΙΚΗΣ", "name_en": "DAY GYMNASIUM PALIOURIOU CHALKIDIKIS" }, "geometry": { "type": "Point", "coordinates": [ 23.663198, 39.945823 ] } },
{ "type": "Feature", "properties": { "fid": 625, "mm_id": 1017855, "name": "ΗΜΕΡΗΣΙΟ ΓΥΜΝΑΣΙΟ ΠΕΥΚΟΧΩΡΙΟΥ ΧΑΛΚΙΔΙΚΗΣ", "name_en": "DAY GYMNASIUM PEYKOCHORIOU CHALKIDIKIS" }, "geometry": { "type": "Point", "coordinates": [ 23.606452, 39.990093 ] } },
{ "type": "Feature", "properties": { "fid": 626, "mm_id": 1016522, "name": "ΗΜΕΡΗΣΙΟ ΓΥΜΝΑΣΙΟ ΣΤΡΑΤΩΝΙΟΥ ΧΑΛΚΙΔΙΚΗΣ", "name_en": "DAY GYMNASIUM STRATONIOU CHALKIDIKIS" }, "geometry": { "type": "Point", "coordinates": [ 23.825496, 40.512151 ] } },
{ "type": "Feature", "properties": { "fid": 627, "mm_id": 1016528, "name": "ΗΜΕΡΗΣΙΟ ΓΥΜΝΑΣΙΟ ΣΥΚΙΑΣ ΧΑΛΚΙΔΙΚΗΣ - ΑΘΩΣ", "name_en": "DAY GYMNASIUM SYKIAS CHALKIDIKIS - ATHOS" }, "geometry": { "type": "Point", "coordinates": [ 23.950807, 40.038671 ] } },
{ "type": "Feature", "properties": { "fid": 628, "mm_id": 1016533, "name": "ΗΜΕΡΗΣΙΟ ΓΥΜΝΑΣΙΟ-Λ.Τ. ΣΗΜΑΝΤΡΩΝ", "name_en": "DAY GYMNASIUM-L.C. SIMANTRON" }, "geometry": { "type": "Point", "coordinates": [ 23.310391, 40.342118 ] } },
{ "type": "Feature", "properties": { "fid": 629, "mm_id": 1027117, "name": "ΜΟΥΣΙΚΟ ΓΥΜΝΑΣΙΟ ΝΕΑΣ ΠΡΟΠΟΝΤΙΔΑΣ", "name_en": "MUSIC GYMNASIUM NEAS PROPONTIDAS" }, "geometry": { "type": "Point", "coordinates": [ 23.279525, 40.242402 ] } },
{ "type": "Feature", "properties": { "fid": 630, "mm_id": 1001115, "name": "ΓΥΜΝΑΣΙΟ ΜΕ Λ.Τ. ΚΕΑΣ", "name_en": "GYMNASIUM WITH L.C. KEAS" }, "geometry": { "type": "Point", "coordinates": [ 24.340244, 37.637301 ] } },
{ "type": "Feature", "properties": { "fid": 631, "mm_id": 1001117, "name": "ΓΥΜΝΑΣΙΟ με Λ.Τ. ΚΥΘΝΟΥ", "name_en": "GYMNASIUM with L.C. KYTHNOU" }, "geometry": { "type": "Point", "coordinates": [ 24.399837, 37.385417 ] } },
{ "type": "Feature", "properties": { "fid": 632, "mm_id": 1001096, "name": "1ο ΓΥΜΝΑΣΙΟ ΝΑΞΟΥ", "name_en": "1st GYMNASIUM NAXOU" }, "geometry": { "type": "Point", "coordinates": [ 25.377736, 37.103368 ] } },
{ "type": "Feature", "properties": { "fid": 633, "mm_id": 1001097, "name": "2ο ΓΥΜΝΑΣΙΟ ΝΑΞΟΥ", "name_en": "2nd GYMNASIUM NAXOU" }, "geometry": { "type": "Point", "coordinates": [ 25.378528, 37.102815 ] } },
{ "type": "Feature", "properties": { "fid": 634, "mm_id": 1001110, "name": "ΓΥΜΝΑΣΙΟ ΒΙΒΛΟΥ", "name_en": "GYMNASIUM VIVLOU" }, "geometry": { "type": "Point", "coordinates": [ 25.410252, 37.061841 ] } },
{ "type": "Feature", "properties": { "fid": 635, "mm_id": 1001109, "name": "ΓΥΜΝΑΣΙΟ με Λ.Τ. ΑΜΟΡΓΟΥ", "name_en": "GYMNASIUM with L.C. AMORGOU" }, "geometry": { "type": "Point", "coordinates": [ 25.901993, 36.833123 ] } },
{ "type": "Feature", "properties": { "fid": 636, "mm_id": 1001100, "name": "ΓΥΜΝΑΣΙΟ ΜΕ Λ.Τ. ΔΟΝΟΥΣΑΣ", "name_en": "GYMNASIUM WITH L.C. DONOUSAS" }, "geometry": { "type": "Point", "coordinates": [ 25.795105, 37.100554 ] } },
{ "type": "Feature", "properties": { "fid": 637, "mm_id": 1001102, "name": "ΓΥΜΝΑΣΙΟ με Λ.Τ. ΚΟΥΦΟΝΗΣΙΩΝ", "name_en": "GYMNASIUM with L.C. KOUFONISION" }, "geometry": { "type": "Point", "coordinates": [ 25.601314, 36.934902 ] } },
{ "type": "Feature", "properties": { "fid": 638, "mm_id": 1001101, "name": "ΓΥΜΝΑΣΙΟ με Λ.Τ. ΣΧΟΙΝΟΥΣΑΣ", "name_en": "GYMNASIUM with L.C. SCHOINOUSAS" }, "geometry": { "type": "Point", "coordinates": [ 25.518682, 36.870066 ] } },
{ "type": "Feature", "properties": { "fid": 639, "mm_id": 1001099, "name": "ΓΥΜΝΑΣΙΟ ΣΚΑΔΟΥ", "name_en": "GYMNASIUM SKADOU" }, "geometry": { "type": "Point", "coordinates": [ 25.53869, 37.126388 ] } },
{ "type": "Feature", "properties": { "fid": 640, "mm_id": 1001098, "name": "ΓΥΜΝΑΣΙΟ ΤΡΑΓΑΙΑΣ", "name_en": "GYMNASIUM TRAGAIAS" }, "geometry": { "type": "Point", "coordinates": [ 25.484028, 37.064644 ] } },
{ "type": "Feature", "properties": { "fid": 641, "mm_id": 1001134, "name": "ΕΝΙΑΙΟ ΕΙΔΙΚΟ ΕΠΑΓΓΕΛΜΑΤΙΚΟ ΓΥΜΝΑΣΙΟ - ΛΥΚΕΙΟ ΝΑΞΟΥ", "name_en": "UNIFIED SPECIAL VOCATIONAL GYMNASIUM - LYCEUM NAXOU" }, "geometry": { "type": "Point", "coordinates": [ 25.495573, 37.057406 ] } },
{ "type": "Feature", "properties": { "fid": 642, "mm_id": 1027269, "name": "ΕΣΠΕΡΙΝΟ ΓΥΜΝΑΣΙΟ ΝΑΞΟΥ", "name_en": "EVENING GYMNASIUM NAXOU" }, "geometry": { "type": "Point", "coordinates": [ 25.380126, 37.1031 ] } },
{ "type": "Feature", "properties": { "fid": 643, "mm_id": 1016461, "name": "1ο ΗΜΕΡΗΣΙΟ ΓΥΜΝΑΣΙΟ ΦΛΩΡΙΝΑΣ", "name_en": "1st DAY GYMNASIUM FLORINAS" }, "geometry": { "type": "Point", "coordinates": [ 21.402309, 40.78266 ] } },
{ "type": "Feature", "properties": { "fid": 644, "mm_id": 1016462, "name": "2ο ΓΥΜΝΑΣΙΟ ΦΛΩΡΙΝΑΣ", "name_en": "2nd GYMNASIUM FLORINAS" }, "geometry": { "type": "Point", "coordinates": [ 21.414855, 40.788578 ] } },
{ "type": "Feature", "properties": { "fid": 645, "mm_id": 1016463, "name": "3ο ΗΜΕΡΗΣΙΟ ΓΥΜΝΑΣΙΟ ΦΛΩΡΙΝΑΣ", "name_en": "3rd DAY GYMNASIUM FLORINAS" }, "geometry": { "type": "Point", "coordinates": [ 21.404964, 40.778025 ] } },
{ "type": "Feature", "properties": { "fid": 646, "mm_id": 1016470, "name": "ΓΥΜΝΑΣΙΟ ΑΕΤΟΥ ΦΛΩΡΙΝΑΣ", "name_en": "GYMNASIUM AETOU FLORINAS" }, "geometry": { "type": "Point", "coordinates": [ 21.550205, 40.656837 ] } },
{ "type": "Feature", "properties": { "fid": 647, "mm_id": 1016479, "name": "ΓΥΜΝΑΣΙΟ ΑΜΜΟΧΩΡΙΟΥ ΦΛΩΡΙΝΑΣ", "name_en": "GYMNASIUM AMMOCHORIOU FLORINAS" }, "geometry": { "type": "Point", "coordinates": [ 21.481787, 40.779079 ] } },
{ "type": "Feature", "properties": { "fid": 648, "mm_id": 1016467, "name": "ΓΥΜΝΑΣΙΟ ΑΜΥΝΤΑΙΟΥ ΦΛΩΡΙΝΑΣ", "name_en": "GYMNASIUM AMYNTAIOU FLORINAS" }, "geometry": { "type": "Point", "coordinates": [ 21.676692, 40.691077 ] } },
{ "type": "Feature", "properties": { "fid": 649, "mm_id": 1016474, "name": "ΓΥΜΝΑΣΙΟ ΒΕΥΗΣ ΦΛΩΡΙΝΑΣ", "name_en": "GYMNASIUM VEYIS FLORINAS" }, "geometry": { "type": "Point", "coordinates": [ 21.607139, 40.766293 ] } },
{ "type": "Feature", "properties": { "fid": 650, "mm_id": 1016465, "name": "ΓΥΜΝΑΣΙΟ ΚΛΕΙΝΩΝ ΦΛΩΡΙΝΑΣ", "name_en": "GYMNASIUM KLEINON FLORINAS" }, "geometry": { "type": "Point", "coordinates": [ 21.391223, 40.846244 ] } },
{ "type": "Feature", "properties": { "fid": 651, "mm_id": 1016469, "name": "ΓΥΜΝΑΣΙΟ ΛΕΧΟΒΟΥ ΦΛΩΡΙΝΑΣ", "name_en": "GYMNASIUM LECHOVOU FLORINAS" }, "geometry": { "type": "Point", "coordinates": [ 21.494043, 40.585708 ] } },
{ "type": "Feature", "properties": { "fid": 652, "mm_id": 1016473, "name": "ΓΥΜΝΑΣΙΟ ΛΤ ΛΑΙΜΟΥ ΠΡΕΣΠΩΝ ΦΛΩΡΙΝΑΣ", "name_en": "GYMNASIUM LT LAIMOU PRESPON FLORINAS" }, "geometry": { "type": "Point", "coordinates": [ 21.140227, 40.83375 ] } },
{ "type": "Feature", "properties": { "fid": 653, "mm_id": 1016477, "name": "ΓΥΜΝΑΣΙΟ ΜΕΛΙΤΗΣ ΦΛΩΡΙΝΑΣ", "name_en": "GYMNASIUM MELITIS FLORINAS" }, "geometry": { "type": "Point", "coordinates": [ 21.589047, 40.835976 ] } },
{ "type": "Feature", "properties": { "fid": 654, "mm_id": 1016475, "name": "ΓΥΜΝΑΣΙΟ ΠΑΠΑΓΙΑΝΝΗ ΦΛΩΡΙΝΑΣ", "name_en": "GYMNASIUM PAPAGIANNI FLORINAS" }, "geometry": { "type": "Point", "coordinates": [ 21.499168, 40.836288 ] } },
{ "type": "Feature", "properties": { "fid": 655, "mm_id": 1016476, "name": "ΓΥΜΝΑΣΙΟ ΦΙΛΩΤΑ ΦΛΩΡΙΝΑΣ", "name_en": "GYMNASIUM FILOTA FLORINAS" }, "geometry": { "type": "Point", "coordinates": [ 21.712978, 40.628412 ] } },
{ "type": "Feature", "properties": { "fid": 656, "mm_id": 1025357, "name": "ΕΝΕΕΓΥ-Λ ΦΛΩΡΙΝΑΣ", "name_en": "ENEEGY-L FLORINAS" }, "geometry": { "type": "Point", "coordinates": [ 21.414799, 40.788556 ] } },
{ "type": "Feature", "properties": { "fid": 657, "mm_id": 1017923, "name": "ΕΣΠΕΡΙΝΟ ΓΥΜΝΑΣΙΟ - ΛΥΚΕΙΑΚΕΣ ΤΑΞΕΙΣ ΦΛΩΡΙΝΑΣ", "name_en": "EVENING GYMNASIUM - L.C. FLORINAS" }, "geometry": { "type": "Point", "coordinates": [ 21.40497, 40.778005 ] } },
{ "type": "Feature", "properties": { "fid": 658, "mm_id": 1016471, "name": "ΜΟΥΣΙΚΟ ΓΥΜΝΑΣΙΟ Λ.Τ. ΑΜΥΝΤΑΙΟΥ", "name_en": "MUSIC GYMNASIUM L.C. AMYNTAIOU" }, "geometry": { "type": "Point", "coordinates": [ 21.678322, 40.696838 ] } },
{ "type": "Feature", "properties": { "fid": 659, "mm_id": 1024718, "name": "ΠΡΟΤΥΠΟ ΕΚΚΛΗΣΙΑΣΤΙΚΟ ΓΥΜΝΑΣΙΟ – ΠΡΟΤΥΠΟ ΕΚΚΛΗΣΙΑΣΤΙΚΟ ΛΥΚΕΙΟ ΦΛΩΡΙΝΑΣ \"ΑΓΙΟΣ ΑΓΑΘΑΓΓΕΛΟΣ Ο ΕΚ ΦΛΩΡΙΝΗΣ\"", "name_en": "MODEL ECCLESIASTICAL GYMNASIUM – MODEL ECCLESIASTICAL LYCEUM FLORINAS \"AGIOS AGATHAGGELOS O EK FLORINIS\"" }, "geometry": { "type": "Point", "coordinates": [ 21.406424, 40.77853 ] } },
{ "type": "Feature", "properties": { "fid": 660, "mm_id": 1015951, "name": "1ο ΗΜΕΡΗΣΙΟ ΓΥΜΝΑΣΙΟ ΚΑΛΑΜΑΤΑΣ", "name_en": "1st DAY GYMNASIUM KALAMATAS" }, "geometry": { "type": "Point", "coordinates": [ 22.113451, 37.034563 ] } },
{ "type": "Feature", "properties": { "fid": 661, "mm_id": 1015962, "name": "1ο ΗΜΕΡΗΣΙΟ ΓΥΜΝΑΣΙΟ ΜΕΣΣΗΝΗΣ", "name_en": "1st DAY GYMNASIUM MESSINIS" }, "geometry": { "type": "Point", "coordinates": [ 22.000013, 37.046547 ] } },
{ "type": "Feature", "properties": { "fid": 662, "mm_id": 1015986, "name": "1ο ΗΜΕΡΗΣΙΟ ΓΥΜΝΑΣΙΟ ΦΙΛΙΑΤΡΩΝ ΜΕΣΣΗΝΙΑΣ", "name_en": "1st DAY GYMNASIUM FILIATRON MESSINIAS" }, "geometry": { "type": "Point", "coordinates": [ 21.585937, 37.160983 ] } },
{ "type": "Feature", "properties": { "fid": 663, "mm_id": 1015952, "name": "2ο ΗΜΕΡΗΣΙΟ ΓΥΜΝΑΣΙΟ ΚΑΛΑΜΑΤΑΣ", "name_en": "2nd DAY GYMNASIUM KALAMATAS" }, "geometry": { "type": "Point", "coordinates": [ 22.124445, 37.03521 ] } },
{ "type": "Feature", "properties": { "fid": 664, "mm_id": 1015963, "name": "2ο ΗΜΕΡΗΣΙΟ ΓΥΜΝΑΣΙΟ ΜΕΣΣΗΝΗΣ", "name_en": "2nd DAY GYMNASIUM MESSINIS" }, "geometry": { "type": "Point", "coordinates": [ 22.002556, 37.047044 ] } },
{ "type": "Feature", "properties": { "fid": 665, "mm_id": 1015954, "name": "3ο ΗΜΕΡΗΣΙΟ ΓΥΜΝΑΣΙΟ ΚΑΛΑΜΑΤΑΣ", "name_en": "3rd DAY GYMNASIUM KALAMATAS" }, "geometry": { "type": "Point", "coordinates": [ 22.125456, 37.035605 ] } },
{ "type": "Feature", "properties": { "fid": 666, "mm_id": 1015955, "name": "4ο ΗΜΕΡΗΣΙΟ ΓΥΜΝΑΣΙΟ ΚΑΛΑΜΑΤΑΣ", "name_en": "4th DAY GYMNASIUM KALAMATAS" }, "geometry": { "type": "Point", "coordinates": [ 22.106188, 37.038963 ] } },
{ "type": "Feature", "properties": { "fid": 667, "mm_id": 1015956, "name": "5ο ΗΜΕΡΗΣΙΟ ΓΥΜΝΑΣΙΟ ΚΑΛΑΜΑΤΑΣ", "name_en": "5th DAY GYMNASIUM KALAMATAS" }, "geometry": { "type": "Point", "coordinates": [ 22.090083, 37.043554 ] } },
{ "type": "Feature", "properties": { "fid": 668, "mm_id": 1015957, "name": "6ο ΗΜΕΡΗΣΙΟ ΓΥΜΝΑΣΙΟ ΚΑΛΑΜΑΤΑΣ", "name_en": "6th DAY GYMNASIUM KALAMATAS" }, "geometry": { "type": "Point", "coordinates": [ 22.105849, 37.038761 ] } },
{ "type": "Feature", "properties": { "fid": 669, "mm_id": 1015958, "name": "7ο ΠΕΙΡΑΜΑΤΙΚΟ ΓΥΜΝΑΣΙΟ ΚΑΛΑΜΑΤΑΣ", "name_en": "7th EXPERIMENTAL GYMNASIUM KALAMATAS" }, "geometry": { "type": "Point", "coordinates": [ 22.113632, 37.050708 ] } },
{ "type": "Feature", "properties": { "fid": 670, "mm_id": 1015967, "name": "ΓΥΜΝΑΣΙΟ ΑΡΦΑΡΩΝ ΜΕΣΣΗΝΙΑΣ", "name_en": "GYMNASIUM ARFARON MESSINIAS" }, "geometry": { "type": "Point", "coordinates": [ 22.039531, 37.155371 ] } },
{ "type": "Feature", "properties": { "fid": 671, "mm_id": 1015989, "name": "ΓΥΜΝΑΣΙΟ ΚΑΜΠΟΥ ΜΕΣΣΗΝΙΑΣ", "name_en": "GYMNASIUM KAMPOU MESSINIAS" }, "geometry": { "type": "Point", "coordinates": [ 22.201737, 36.938328 ] } },
{ "type": "Feature", "properties": { "fid": 672, "mm_id": 1015990, "name": "ΓΥΜΝΑΣΙΟ ΚΑΡΔΑΜΥΛΗΣ", "name_en": "GYMNASIUM KARDAMYLIS" }, "geometry": { "type": "Point", "coordinates": [ 22.231271, 36.891988 ] } },
{ "type": "Feature", "properties": { "fid": 673, "mm_id": 1015973, "name": "ΓΥΜΝΑΣΙΟ ΜΕΛΙΓΑΛΑ ΜΕΣΣΗΝΙΑΣ", "name_en": "GYMNASIUM MELIGALA MESSINIAS" }, "geometry": { "type": "Point", "coordinates": [ 21.975004, 37.22118 ] } },
{ "type": "Feature", "properties": { "fid": 674, "mm_id": 1015971, "name": "ΓΥΜΝΑΣΙΟ ΧΩΡΑΣ ΜΕΣΣΗΝΙΑΣ", "name_en": "GYMNASIUM CHORAS MESSINIAS" }, "geometry": { "type": "Point", "coordinates": [ 21.721636, 37.052912 ] } },
{ "type": "Feature", "properties": { "fid": 675, "mm_id": 1025276, "name": "ΕΝΙΑΙΟ ΕΙΔΙΚΟ ΕΠΑΓΓΕΛΜΑΤΙΚΟ ΓΥΜΝΑΣΙΟ-ΛΥΚΕΙΟ ΚΑΛΑΜΑΤΑΣ", "name_en": "UNIFIED SPECIAL VOCATIONAL GYMNASIUM-LYCEUM KALAMATAS" }, "geometry": { "type": "Point", "coordinates": [ 22.094212, 37.042015 ] } },
{ "type": "Feature", "properties": { "fid": 676, "mm_id": 1015953, "name": "ΕΣΠΕΡΙΝΟ ΓΥΜΝΑΣΙΟ ΚΑΛΑΜΑΤΑΣ", "name_en": "EVENING GYMNASIUM KALAMATAS" }, "geometry": { "type": "Point", "coordinates": [ 22.089727, 37.043816 ] } },
{ "type": "Feature", "properties": { "fid": 677, "mm_id": 1015966, "name": "ΗΜΕΡΗΣΙΟ ΓΥΜΝΑΣΙΟ ΑΝΔΡΟΥΣΑΣ ΜΕΣΣΗΝΙΑΣ", "name_en": "DAY GYMNASIUM ANDROUSAS MESSINIAS" }, "geometry": { "type": "Point", "coordinates": [ 21.941894, 37.108725 ] } },
{ "type": "Feature", "properties": { "fid": 678, "mm_id": 1018234, "name": "ΗΜΕΡΗΣΙΟ ΓΥΜΝΑΣΙΟ ΑΡΙΣΤΟΜΕΝΗ ΜΕΣΣΗΝΙΑΣ", "name_en": "DAY GYMNASIUM ARISTOMENI MESSINIAS" }, "geometry": { "type": "Point", "coordinates": [ 21.842927, 37.083596 ] } },
{ "type": "Feature", "properties": { "fid": 679, "mm_id": 1015969, "name": "ΗΜΕΡΗΣΙΟ ΓΥΜΝΑΣΙΟ ΓΑΡΓΑΛΙΑΝΩΝ ΜΕΣΣΗΝΙΑΣ", "name_en": "DAY GYMNASIUM GARGALIANON MESSINIAS" }, "geometry": { "type": "Point", "coordinates": [ 21.637948, 37.065382 ] } },
{ "type": "Feature", "properties": { "fid": 680, "mm_id": 1015974, "name": "ΗΜΕΡΗΣΙΟ ΓΥΜΝΑΣΙΟ ΔΙΑΒΟΛΙΤΣΙΟΥ ΜΕΣΣΗΝΙΑΣ", "name_en": "DAY GYMNASIUM DIAVOLITSIOU MESSINIAS" }, "geometry": { "type": "Point", "coordinates": [ 21.965842, 37.298485 ] } },
{ "type": "Feature", "properties": { "fid": 681, "mm_id": 1015976, "name": "ΗΜΕΡΗΣΙΟ ΓΥΜΝΑΣΙΟ ΔΩΡΙΟΥ ΜΕΣΣΗΝΙΑΣ", "name_en": "DAY GYMNASIUM DORIOU MESSINIAS" }, "geometry": { "type": "Point", "coordinates": [ 21.858357, 37.290135 ] } },
{ "type": "Feature", "properties": { "fid": 682, "mm_id": 1015965, "name": "ΗΜΕΡΗΣΙΟ ΓΥΜΝΑΣΙΟ ΘΟΥΡΙΑΣ ΜΕΣΣΗΝΙΑΣ", "name_en": "DAY GYMNASIUM THOURIAS MESSINIAS" }, "geometry": { "type": "Point", "coordinates": [ 22.049275, 37.08197 ] } },
{ "type": "Feature", "properties": { "fid": 683, "mm_id": 1015978, "name": "ΗΜΕΡΗΣΙΟ ΓΥΜΝΑΣΙΟ ΚΟΡΩΝΗΣ ΜΕΣΣΗΝΙΑΣ", "name_en": "DAY GYMNASIUM KORONIS MESSINIAS" }, "geometry": { "type": "Point", "coordinates": [ 21.955576, 36.797218 ] } },
{ "type": "Feature", "properties": { "fid": 684, "mm_id": 1015979, "name": "ΗΜΕΡΗΣΙΟ ΓΥΜΝΑΣΙΟ ΚΥΠΑΡΙΣΣΙΑΣ", "name_en": "DAY GYMNASIUM KYPARISSIAS" }, "geometry": { "type": "Point", "coordinates": [ 21.668128, 37.247693 ] } },
{ "type": "Feature", "properties": { "fid": 685, "mm_id": 1015981, "name": "ΗΜΕΡΗΣΙΟ ΓΥΜΝΑΣΙΟ ΛΟΓΓΑΣ ΜΕΣΣΗΝΙΑΣ", "name_en": "DAY GYMNASIUM LOGGAS MESSINIAS" }, "geometry": { "type": "Point", "coordinates": [ 21.906259, 36.871801 ] } },
{ "type": "Feature", "properties": { "fid": 686, "mm_id": 1015983, "name": "ΗΜΕΡΗΣΙΟ ΓΥΜΝΑΣΙΟ ΜΕΘΩΝΗΣ ΜΕΣΣΗΝΙΑΣ", "name_en": "DAY GYMNASIUM METHONIS MESSINIAS" }, "geometry": { "type": "Point", "coordinates": [ 21.705421, 36.822889 ] } },
{ "type": "Feature", "properties": { "fid": 687, "mm_id": 1015960, "name": "ΗΜΕΡΗΣΙΟ ΓΥΜΝΑΣΙΟ ΠΑΡΑΛΙΑΣ ΚΑΛΑΜΑΤΑΣ", "name_en": "DAY GYMNASIUM PARALIAS KALAMATAS" }, "geometry": { "type": "Point", "coordinates": [ 22.11878, 37.028572 ] } },
{ "type": "Feature", "properties": { "fid": 688, "mm_id": 1015985, "name": "ΗΜΕΡΗΣΙΟ ΓΥΜΝΑΣΙΟ ΠΕΤΑΛΙΔΙΟΥ ΜΕΣΣΗΝΙΑΣ", "name_en": "DAY GYMNASIUM PETALIDIOU MESSINIAS" }, "geometry": { "type": "Point", "coordinates": [ 21.924794, 36.956735 ] } },
{ "type": "Feature", "properties": { "fid": 689, "mm_id": 1015982, "name": "ΗΜΕΡΗΣΙΟ ΓΥΜΝΑΣΙΟ ΠΥΛΟΥ ΜΕΣΣΗΝΙΑΣ", "name_en": "DAY GYMNASIUM PYLOU MESSINIAS" }, "geometry": { "type": "Point", "coordinates": [ 21.698071, 36.906193 ] } },
{ "type": "Feature", "properties": { "fid": 690, "mm_id": 1001227, "name": "ΙΔΙΩΤΙΚΟ ΓΥΜΝΑΣΙΟ ΚΑΛΑΜΑΤΑ - ΕΚΠΑΙΔΕΥΤΗΡΙΑ ΜΠΟΥΓΑ", "name_en": "PRIVATE GYMNASIUM KALAMATA - EKPAIDEYTIRIA MPOUGA" }, "geometry": { "type": "Point", "coordinates": [ 22.082861, 37.033129 ] } },
{ "type": "Feature", "properties": { "fid": 691, "mm_id": 1015959, "name": "ΜΟΥΣΙΚΟ ΣΧΟΛΕΙΟ ΚΑΛΑΜΑΤΑΣ \" ΜΑΡΙΑ ΚΑΛΛΑΣ\" ΓΥΜΝΑΣΙΟ - ΓΕΝΙΚΟ ΛΥΚΕΙΟ", "name_en": "MUSIC SCHOLEIO KALAMATAS \" MARIA KALLAS\" GYMNASIUM - GENERAL LYCEUM" }, "geometry": { "type": "Point", "coordinates": [ 22.13166, 37.026054 ] } },
{ "type": "Feature", "properties": { "fid": 692, "mm_id": 1018137, "name": "1ο ΗΜΕΡΗΣΙΟ ΓΥΜΝΑΣΙΟ ΤΡΙΠΟΛΗΣ", "name_en": "1st DAY GYMNASIUM TRIPOLIS" }, "geometry": { "type": "Point", "coordinates": [ 22.365379, 37.504121 ] } },
{ "type": "Feature", "properties": { "fid": 693, "mm_id": 1014548, "name": "2ο  ΠΡΟΤΥΠΟ  ΓΥΜΝΑΣΙΟ ΤΡΙΠΟΛΗΣ", "name_en": "2nd  MODEL  GYMNASIUM TRIPOLIS" }, "geometry": { "type": "Point", "coordinates": [ 22.387892, 37.515526 ] } },
{ "type": "Feature", "properties": { "fid": 694, "mm_id": 1014549, "name": "3ο ΗΜΕΡΗΣΙΟ ΓΥΜΝΑΣΙΟ ΤΡΙΠΟΛΗΣ", "name_en": "3rd DAY GYMNASIUM TRIPOLIS" }, "geometry": { "type": "Point", "coordinates": [ 22.382857, 37.514737 ] } },
{ "type": "Feature", "properties": { "fid": 695, "mm_id": 1014547, "name": "4ο ΗΜΕΡΗΣΙΟ ΓΥΜΝΑΣΙΟ ΤΡΙΠΟΛΗΣ", "name_en": "4th DAY GYMNASIUM TRIPOLIS" }, "geometry": { "type": "Point", "coordinates": [ 22.375559, 37.522364 ] } },
{ "type": "Feature", "properties": { "fid": 696, "mm_id": 1014560, "name": "ΓΥΜΝΑΣΙΟ ΛΕΒΙΔΙΟΥ", "name_en": "GYMNASIUM LEVIDIOU" }, "geometry": { "type": "Point", "coordinates": [ 22.296434, 37.679113 ] } },
{ "type": "Feature", "properties": { "fid": 697, "mm_id": 1026656, "name": "ΕΝΙΑΙΟ ΕΙΔΙΚΟ ΕΠΑΓΓΕΛΜΑΤΙΚΟ ΓΥΜΝΑΣΙΟ - ΛΥΚΕΙΟ (ΕΝ.Ε.Ε.ΓΥ.Λ.) ΤΡΙΠΟΛΗΣ", "name_en": "UNIFIED SPECIAL VOCATIONAL GYMNASIUM - LYCEUM (EN.E.E.GY.L.) TRIPOLIS" }, "geometry": { "type": "Point", "coordinates": [ 22.46869, 37.446857 ] } },
{ "type": "Feature", "properties": { "fid": 698, "mm_id": 1014555, "name": "ΗΜΕΡΗΣΙΟ ΓΥΜΝΑΣΙΟ ΑΓΙΟΥ ΑΝΔΡΕΑ - ΚΥΝΟΥΡΙΑΣ", "name_en": "DAY GYMNASIUM AGIOU ANDREA - KYNOURIAS" }, "geometry": { "type": "Point", "coordinates": [ 22.768584, 37.348509 ] } },
{ "type": "Feature", "properties": { "fid": 699, "mm_id": 1014554, "name": "ΗΜΕΡΗΣΙΟ ΓΥΜΝΑΣΙΟ ΑΣΤΡΟΥΣ ΚΥΝΟΥΡΙΑΣ", "name_en": "DAY GYMNASIUM ASTROUS KYNOURIAS" }, "geometry": { "type": "Point", "coordinates": [ 22.721785, 37.406141 ] } },
{ "type": "Feature", "properties": { "fid": 700, "mm_id": 1014557, "name": "ΗΜΕΡΗΣΙΟ ΓΥΜΝΑΣΙΟ ΒΥΤΙΝΑΣ ΑΡΚΑΔΙΑΣ", "name_en": "DAY GYMNASIUM VYTINAS ARKADIAS" }, "geometry": { "type": "Point", "coordinates": [ 22.182665, 37.670162 ] } },
{ "type": "Feature", "properties": { "fid": 701, "mm_id": 1014562, "name": "ΗΜΕΡΗΣΙΟ ΓΥΜΝΑΣΙΟ ΛΕΩΝΙΔΙΟΥ", "name_en": "DAY GYMNASIUM LEONIDIOU" }, "geometry": { "type": "Point", "coordinates": [ 22.861513, 37.162052 ] } },
{ "type": "Feature", "properties": { "fid": 702, "mm_id": 1014565, "name": "ΗΜΕΡΗΣΙΟ ΓΥΜΝΑΣΙΟ ΜΕΓΑΛΟΠΟΛΗΣ", "name_en": "DAY GYMNASIUM MEGALOPOLIS" }, "geometry": { "type": "Point", "coordinates": [ 22.140253, 37.402045 ] } },
{ "type": "Feature", "properties": { "fid": 703, "mm_id": 1014563, "name": "ΗΜΕΡΗΣΙΟ ΓΥΜΝΑΣΙΟ ΠΑΡΑΛΙΑΣ ΤΥΡΟΥ", "name_en": "DAY GYMNASIUM PARALIAS TYROU" }, "geometry": { "type": "Point", "coordinates": [ 22.846277, 37.241949 ] } },
{ "type": "Feature", "properties": { "fid": 704, "mm_id": 1024380, "name": "ΗΜΕΡΗΣΙΟ ΓΥΜΝΑΣΙΟ ΤΕΓΕΑΣ", "name_en": "DAY GYMNASIUM TEGEAS" }, "geometry": { "type": "Point", "coordinates": [ 22.424035, 37.453819 ] } },
{ "type": "Feature", "properties": { "fid": 705, "mm_id": 1014567, "name": "ΗΜΕΡΗΣΙΟ ΓΥΜΝΑΣΙΟ ΤΡΟΠΑΙΩΝ ΑΡΚΑΔΙΑΣ", "name_en": "DAY GYMNASIUM TROPAION ARKADIAS" }, "geometry": { "type": "Point", "coordinates": [ 21.956736, 37.728796 ] } },
{ "type": "Feature", "properties": { "fid": 706, "mm_id": 1014552, "name": "ΜΟΥΣΙΚΟ ΓΥΜΝΑΣΙΟ ΜΕ ΛΥΚΕΙΑΚΕΣ ΤΑΞΕΙΣ ΤΡΙΠΟΛΗΣ - «ΔΗΜΗΤΡΗΣ ΜΗΤΡΟΠΟΥΛΟΣ»", "name_en": "MUSIC GYMNASIUM WITH L.C. TRIPOLIS - «DIMITRIS MITROPOULOS»" }, "geometry": { "type": "Point", "coordinates": [ 22.364208, 37.501028 ] } },
{ "type": "Feature", "properties": { "fid": 707, "mm_id": 1015701, "name": "1ο ΕΣΠΕΡΙΝΟ ΓΥΜΝΑΣΙΟ ΚΙΑΤΟΥ", "name_en": "1st EVENING GYMNASIUM KIATOU" }, "geometry": { "type": "Point", "coordinates": [ 22.738378, 38.018686 ] } },
{ "type": "Feature", "properties": { "fid": 708, "mm_id": 1015686, "name": "1ο ΗΜΕΡΗΣΙΟ ΓΥΜΝΑΣΙΟ ΒΡΑΧΑΤΙΟΥ ΚΟΡΙΝΘΙΑΣ", "name_en": "1st DAY GYMNASIUM VRACHATIOU KORINTHIAS" }, "geometry": { "type": "Point", "coordinates": [ 22.808135, 37.953342 ] } },
{ "type": "Feature", "properties": { "fid": 709, "mm_id": 1015700, "name": "1ο ΗΜΕΡΗΣΙΟ ΓΥΜΝΑΣΙΟ ΚΙΑΤΟΥ", "name_en": "1st DAY GYMNASIUM KIATOU" }, "geometry": { "type": "Point", "coordinates": [ 22.750161, 38.007227 ] } },
{ "type": "Feature", "properties": { "fid": 710, "mm_id": 1015683, "name": "1ο ΗΜΕΡΗΣΙΟ ΓΥΜΝΑΣΙΟ ΚΟΡΙΝΘΟΥ", "name_en": "1st DAY GYMNASIUM KORINTHOU" }, "geometry": { "type": "Point", "coordinates": [ 22.927822, 37.932869 ] } },
{ "type": "Feature", "properties": { "fid": 711, "mm_id": 1015702, "name": "1ο ΗΜΕΡΗΣΙΟ ΓΥΜΝΑΣΙΟ ΞΥΛΟΚΑΣΤΡΟΥ", "name_en": "1st DAY GYMNASIUM XYLOKASTROU" }, "geometry": { "type": "Point", "coordinates": [ 22.638565, 38.075159 ] } },
{ "type": "Feature", "properties": { "fid": 712, "mm_id": 1015704, "name": "2ο ΗΜΕΡΗΣΙΟ ΓΥΜΝΑΣΙΟ ΚΙΑΤΟΥ", "name_en": "2nd DAY GYMNASIUM KIATOU" }, "geometry": { "type": "Point", "coordinates": [ 22.73646, 38.017707 ] } },
{ "type": "Feature", "properties": { "fid": 713, "mm_id": 1015684, "name": "2ο ΗΜΕΡΗΣΙΟ ΓΥΜΝΑΣΙΟ ΚΟΡΙΝΘΟΥ", "name_en": "2nd DAY GYMNASIUM KORINTHOU" }, "geometry": { "type": "Point", "coordinates": [ 22.929154, 37.933461 ] } },
{ "type": "Feature", "properties": { "fid": 714, "mm_id": 1015703, "name": "2ο ΗΜΕΡΗΣΙΟ ΓΥΜΝΑΣΙΟ ΞΥΛΟΚΑΣΤΡΟΥ", "name_en": "2nd DAY GYMNASIUM XYLOKASTROU" }, "geometry": { "type": "Point", "coordinates": [ 22.633078, 38.076105 ] } },
{ "type": "Feature", "properties": { "fid": 715, "mm_id": 1015690, "name": "3ο ΗΜΕΡΗΣΙΟ ΓΥΜΝΑΣΙΟ ΚΟΡΙΝΘΟΥ", "name_en": "3rd DAY GYMNASIUM KORINTHOU" }, "geometry": { "type": "Point", "coordinates": [ 22.920235, 37.934925 ] } },
{ "type": "Feature", "properties": { "fid": 716, "mm_id": 1015691, "name": "4ο ΗΜΕΡΗΣΙΟ ΓΥΜΝΑΣΙΟ ΚΟΡΙΝΘΟΥ", "name_en": "4th DAY GYMNASIUM KORINTHOU" }, "geometry": { "type": "Point", "coordinates": [ 22.950192, 37.936493 ] } },
{ "type": "Feature", "properties": { "fid": 717, "mm_id": 1015697, "name": "ΓΥΜΝΑΣΙΟ - ΛΥΚΕΙΑΚΕΣ ΤΑΞΕΙΣ ΓΚΟΥΡΑΣ", "name_en": "GYMNASIUM - L.C. GKOURAS" }, "geometry": { "type": "Point", "coordinates": [ 22.344445, 37.934109 ] } },
{ "type": "Feature", "properties": { "fid": 718, "mm_id": 1015713, "name": "ΓΥΜΝΑΣΙΟ ΑΓΙΩΝ ΘΕΟΔΩΡΩΝ", "name_en": "GYMNASIUM AGION THEODORON" }, "geometry": { "type": "Point", "coordinates": [ 23.134753, 37.931037 ] } },
{ "type": "Feature", "properties": { "fid": 719, "mm_id": 1025274, "name": "ΕΝΙΑΙΟ ΕΙΔΙΚΟ ΕΠΑΓΓΕΛΜΑΤΙΚΟ ΓΥΜΝΑΣΙΟ -ΛΥΚΕΙΟ ΛΟΥΤΡΑΚΙΟΥ-ΠΕΡΑΧΩΡΑΣ-ΑΓ. ΘΕΟΔΩΡΩΝ", "name_en": "UNIFIED SPECIAL VOCATIONAL GYMNASIUM -LYCEUM LOUTRAKIOU-PERACHORAS-AG. THEODORON" }, "geometry": { "type": "Point", "coordinates": [ 23.001005, 37.904916 ] } },
{ "type": "Feature", "properties": { "fid": 720, "mm_id": 1015688, "name": "ΕΣΠΕΡΙΝΟ ΓΥΜΝΑΣΙΟ ΚΟΡΙΝΘΟΥ", "name_en": "EVENING GYMNASIUM KORINTHOU" }, "geometry": { "type": "Point", "coordinates": [ 22.927679, 37.933025 ] } },
{ "type": "Feature", "properties": { "fid": 721, "mm_id": 1018591, "name": "ΗΜΕΡΗΣΙΟ ΓΥΜΝΑΣΙΟ ΑΘΙΚΙΩΝ ΚΟΡΙΝΘΟΥ", "name_en": "DAY GYMNASIUM ATHIKION KORINTHOU" }, "geometry": { "type": "Point", "coordinates": [ 22.919925, 37.822318 ] } },
{ "type": "Feature", "properties": { "fid": 722, "mm_id": 1015699, "name": "ΗΜΕΡΗΣΙΟ ΓΥΜΝΑΣΙΟ ΔΕΡΒΕΝΙΟΥ ΚΟΡΙΝΘΙΑΣ - ΓΥΜΝΑΣΙΟ ΔΕΡΒΕΝΙΟΥ", "name_en": "DAY GYMNASIUM DERVENIOU KORINTHIAS - GYMNASIUM DERVENIOU" }, "geometry": { "type": "Point", "coordinates": [ 22.449265, 38.128916 ] } },
{ "type": "Feature", "properties": { "fid": 723, "mm_id": 1015687, "name": "ΗΜΕΡΗΣΙΟ ΓΥΜΝΑΣΙΟ ΖΕΥΓΟΛΑΤΙΟΥ ΚΟΡΙΝΘΙΑΣ", "name_en": "DAY GYMNASIUM ZEYGOLATIOU KORINTHIAS" }, "geometry": { "type": "Point", "coordinates": [ 22.795993, 37.941559 ] } },
{ "type": "Feature", "properties": { "fid": 724, "mm_id": 1015694, "name": "ΗΜΕΡΗΣΙΟ ΓΥΜΝΑΣΙΟ ΚΑΙ ΛΥΚΕΙΑΚΕΣ ΤΑΞΕΙΣ ΛΕΧΑΙΟΥ", "name_en": "DAY GYMNASIUM KAI L.C. LECHAIOU" }, "geometry": { "type": "Point", "coordinates": [ 22.84258, 37.936778 ] } },
{ "type": "Feature", "properties": { "fid": 725, "mm_id": 1015710, "name": "ΗΜΕΡΗΣΙΟ ΓΥΜΝΑΣΙΟ ΚΑΛΛΙΑΝΩΝ - ΓΥΜΝΑΣΙΟ ΚΑΛΛΙΑΝΩΝ", "name_en": "DAY GYMNASIUM KALLIANON - GYMNASIUM KALLIANON" }, "geometry": { "type": "Point", "coordinates": [ 22.497014, 37.888284 ] } },
{ "type": "Feature", "properties": { "fid": 726, "mm_id": 1015696, "name": "ΗΜΕΡΗΣΙΟ ΓΥΜΝΑΣΙΟ ΚΡΥΟΝΕΡΙΟΥ ΚΟΡΙΝΘΙΑΣ", "name_en": "DAY GYMNASIUM KRYONERIOU KORINTHIAS" }, "geometry": { "type": "Point", "coordinates": [ 22.642985, 37.964776 ] } },
{ "type": "Feature", "properties": { "fid": 727, "mm_id": 1018225, "name": "ΗΜΕΡΗΣΙΟ ΓΥΜΝΑΣΙΟ ΚΥΡΑΣ-ΒΡΥΣΗ - ΓΥΜΝΑΣΙΟ ΙΣΘΜΙΑΣ", "name_en": "DAY GYMNASIUM KYRAS-VRYSI - GYMNASIUM ISTHMIAS" }, "geometry": { "type": "Point", "coordinates": [ 22.981102, 37.912235 ] } },
{ "type": "Feature", "properties": { "fid": 728, "mm_id": 1015706, "name": "ΗΜΕΡΗΣΙΟ ΓΥΜΝΑΣΙΟ ΛΟΥΤΡΑΚΙΟΥ", "name_en": "DAY GYMNASIUM LOUTRAKIOU" }, "geometry": { "type": "Point", "coordinates": [ 22.984213, 37.971249 ] } },
{ "type": "Feature", "properties": { "fid": 729, "mm_id": 1015709, "name": "ΗΜΕΡΗΣΙΟ ΓΥΜΝΑΣΙΟ ΝΕΜΕΑΣ", "name_en": "DAY GYMNASIUM NEMEAS" }, "geometry": { "type": "Point", "coordinates": [ 22.659426, 37.818677 ] } },
{ "type": "Feature", "properties": { "fid": 730, "mm_id": 1015707, "name": "ΗΜΕΡΗΣΙΟ ΓΥΜΝΑΣΙΟ ΠΕΡΑΧΩΡΑΣ ΚΟΡΙΝΘΙΑΣ", "name_en": "DAY GYMNASIUM PERACHORAS KORINTHIAS" }, "geometry": { "type": "Point", "coordinates": [ 22.948508, 38.030112 ] } },
{ "type": "Feature", "properties": { "fid": 731, "mm_id": 1015712, "name": "ΗΜΕΡΗΣΙΟ ΓΥΜΝΑΣΙΟ ΣΟΦΙΚΟΥ ΚΟΡΙΝΘΙΑΣ", "name_en": "DAY GYMNASIUM SOFIKOU KORINTHIAS" }, "geometry": { "type": "Point", "coordinates": [ 23.059877, 37.793653 ] } },
{ "type": "Feature", "properties": { "fid": 732, "mm_id": 1015711, "name": "ΗΜΕΡΗΣΙΟ ΓΥΜΝΑΣΙΟ ΧΙΛΙΟΜΟΔΙΟΥ ΚΟΡΙΝΘΙΑΣ", "name_en": "DAY GYMNASIUM CHILIOMODIOU KORINTHIAS" }, "geometry": { "type": "Point", "coordinates": [ 22.871514, 37.806983 ] } },
{ "type": "Feature", "properties": { "fid": 733, "mm_id": 1027016, "name": "ΙΔΙΩΤΙΚΟ ΓΥΜΝΑΣΙΟ - ΕΚΠΑΙΔΕΥΤΗΡΙΑ ΑΤΣΟΓΛΟΥ", "name_en": "PRIVATE GYMNASIUM - EKPAIDEYTIRIA ATSOGLOU" }, "geometry": { "type": "Point", "coordinates": [ 22.987671, 37.927888 ] } },
{ "type": "Feature", "properties": { "fid": 734, "mm_id": 1024291, "name": "ΙΔΙΩΤΙΚΟ ΓΥΜΝΑΣΙΟ Homo educandus - Αγωγή", "name_en": "PRIVATE GYMNASIUM Homo educandus - Agogi" }, "geometry": { "type": "Point", "coordinates": [ 22.979139, 37.925584 ] } },
{ "type": "Feature", "properties": { "fid": 735, "mm_id": 1020890, "name": "ΙΔΙΩΤΙΚΟ ΓΥΜΝΑΣΙΟ ΚΟΡΙΝΘΟΥ - ΑΠΟΣΤΟΛΟΣ ΠΑΥΛΟΣ", "name_en": "PRIVATE GYMNASIUM KORINTHOU - APOSTOLOS PAYLOS" }, "geometry": { "type": "Point", "coordinates": [ 22.987938, 37.927902 ] } },
{ "type": "Feature", "properties": { "fid": 736, "mm_id": 1001073, "name": "ΙΔΙΩΤΙΚΟ ΓΥΜΝΑΣΙΟ ΚΟΡΙΝΘΟΥ - ΑΡΙΣΤΟΤΕΛΕΙΟ ΚΟΡΙΝΘΙΑΚΟ ΕΚΠΑΙΔΕΥΤΗΡΙΟ", "name_en": "PRIVATE GYMNASIUM KORINTHOU - ARISTOTELEIO KORINTHIAKO EKPAIDEYTIRIO" }, "geometry": { "type": "Point", "coordinates": [ 22.944818, 37.917043 ] } },
{ "type": "Feature", "properties": { "fid": 737, "mm_id": 1015693, "name": "ΜΟΥΣΙΚΟ ΓΥΜΝΑΣΙΟ ΚΟΡΙΝΘΟΥ ΜΕ Μ.Λ.Τ.", "name_en": "MUSIC GYMNASIUM KORINTHOU WITH M.L.C." }, "geometry": { "type": "Point", "coordinates": [ 22.970008, 37.933719 ] } },
{ "type": "Feature", "properties": { "fid": 738, "mm_id": 1000754, "name": "1ο ΗΜΕΡΗΣΙΟ ΓΥΜΝΑΣΙΟ ΡΟΔΟΥ", "name_en": "1st DAY GYMNASIUM RODOU" }, "geometry": { "type": "Point", "coordinates": [ 28.221442, 36.439686 ] } },
{ "type": "Feature", "properties": { "fid": 739, "mm_id": 1000748, "name": "3ο ΗΜΕΡΗΣΙΟ ΓΥΜΝΑΣΙΟ ΡΟΔΟΥ - ΒΕΝΕΤΟΚΛΕΙΟ", "name_en": "3rd DAY GYMNASIUM RODOU - VENETOKLEIO" }, "geometry": { "type": "Point", "coordinates": [ 28.223172, 36.436616 ] } },
{ "type": "Feature", "properties": { "fid": 740, "mm_id": 1000751, "name": "4ο ΗΜΕΡΗΣΙΟ ΓΥΜΝΑΣΙΟ ΡΟΔΟΥ - ΚΑΖΟΥΛΛΕΙΟ", "name_en": "4th DAY GYMNASIUM RODOU - KAZOULLEIO" }, "geometry": { "type": "Point", "coordinates": [ 28.227892, 36.436793 ] } },
{ "type": "Feature", "properties": { "fid": 741, "mm_id": 1018189, "name": "5ο ΗΜΕΡΗΣΙΟ ΓΥΜΝΑΣΙΟ ΡΟΔΟΥ - ΚΑΖΟΥΛΛΕΙΟ ΠΑΡΘΕΝΑΓΩΓΕΙΟ", "name_en": "5th DAY GYMNASIUM RODOU - KAZOULLEIO PARTHENAGOGEIO" }, "geometry": { "type": "Point", "coordinates": [ 28.219691, 36.421618 ] } },
{ "type": "Feature", "properties": { "fid": 742, "mm_id": 1000753, "name": "6ο ΗΜΕΡΗΣΙΟ ΓΥΜΝΑΣΙΟ ΡΟΔΟΥ", "name_en": "6th DAY GYMNASIUM RODOU" }, "geometry": { "type": "Point", "coordinates": [ 28.219166, 36.449252 ] } },
{ "type": "Feature", "properties": { "fid": 743, "mm_id": 1012323, "name": "7ο ΗΜΕΡΗΣΙΟ ΓΥΜΝΑΣΙΟ ΡΟΔΟΥ", "name_en": "7th DAY GYMNASIUM RODOU" }, "geometry": { "type": "Point", "coordinates": [ 28.213543, 36.431716 ] } },
{ "type": "Feature", "properties": { "fid": 744, "mm_id": 1018190, "name": "ΓΥΜΝΑΣΙΟ ΙΑΛΥΣΟΥ «ΚΑΛΛΙΠΑΤΕΙΡΑ» - ΗΜΕΡΗΣΙΟ ΓΥΜΝΑΣΙΟ ΙΑΛΥΣΟΥ ΡΟΔΟΥ", "name_en": "GYMNASIUM IALYSOU «KALLIPATEIRA» - DAY GYMNASIUM IALYSOU RODOU" }, "geometry": { "type": "Point", "coordinates": [ 28.145165, 36.414843 ] } },
{ "type": "Feature", "properties": { "fid": 745, "mm_id": 1000797, "name": "ΕΝΙΑΙΟ ΕΙΔΙΚΟ ΕΠΑΓΓΕΛΜΑΤΙΚΟ ΓΥΜΝΑΣΙΟ-ΛΥΚΕΙΟ ΡΟΔΟΥ", "name_en": "UNIFIED SPECIAL VOCATIONAL GYMNASIUM-LYCEUM RODOU" }, "geometry": { "type": "Point", "coordinates": [ 28.228338, 36.435257 ] } },
{ "type": "Feature", "properties": { "fid": 746, "mm_id": 1012407, "name": "ΕΣΠΕΡΙΝΟ ΓΥΜΝΑΣΙΟ Λ.Τ. ΑΡΧΑΓΓΕΛΟΥ", "name_en": "EVENING GYMNASIUM L.C. ARCHAGGELOU" }, "geometry": { "type": "Point", "coordinates": [ 28.11662, 36.215693 ] } },
{ "type": "Feature", "properties": { "fid": 747, "mm_id": 1027049, "name": "ΕΣΠΕΡΙΝΟ ΓΥΜΝΑΣΙΟ ΜΕ ΛΥΚΕΙΑΚΕΣ ΤΑΞΕΙΣ ΤΗΛΟΥ", "name_en": "EVENING GYMNASIUM WITH L.C. TILOU" }, "geometry": { "type": "Point", "coordinates": [ 27.346545, 36.45247 ] } },
{ "type": "Feature", "properties": { "fid": 748, "mm_id": 1013237, "name": "ΕΣΠΕΡΙΝΟ ΓΥΜΝΑΣΙΟ ΡΟΔΟΥ - ΒΕΝΕΤΟΚΛΕΙΟ", "name_en": "EVENING GYMNASIUM RODOU - VENETOKLEIO" }, "geometry": { "type": "Point", "coordinates": [ 28.223258, 36.436707 ] } },
{ "type": "Feature", "properties": { "fid": 749, "mm_id": 1000786, "name": "ΗΜΕΡΗΣΙΟ ΓΥΜΝΑΣΙΟ - ΛΥΚΕΙΑΚΕΣ ΤΑΞΕΙΣ ΤΗΛΟΥ", "name_en": "DAY GYMNASIUM - L.C. TILOU" }, "geometry": { "type": "Point", "coordinates": [ 27.346656, 36.452491 ] } },
{ "type": "Feature", "properties": { "fid": 750, "mm_id": 1000761, "name": "ΗΜΕΡΗΣΙΟ ΓΥΜΝΑΣΙΟ ΑΡΧΑΓΓΕΛΟΥ", "name_en": "DAY GYMNASIUM ARCHAGGELOU" }, "geometry": { "type": "Point", "coordinates": [ 28.116636, 36.21568 ] } },
{ "type": "Feature", "properties": { "fid": 751, "mm_id": 1000759, "name": "ΗΜΕΡΗΣΙΟ ΓΥΜΝΑΣΙΟ ΑΦΑΝΤΟΥ ΡΟΔΟΥ", "name_en": "DAY GYMNASIUM AFANTOU RODOU" }, "geometry": { "type": "Point", "coordinates": [ 28.166436, 36.300764 ] } },
{ "type": "Feature", "properties": { "fid": 752, "mm_id": 1012928, "name": "ΗΜΕΡΗΣΙΟ ΓΥΜΝΑΣΙΟ ΚΑΛΥΘΙΩΝ ΡΟΔΟΥ", "name_en": "DAY GYMNASIUM KALYTHION RODOU" }, "geometry": { "type": "Point", "coordinates": [ 28.177551, 36.340982 ] } },
{ "type": "Feature", "properties": { "fid": 753, "mm_id": 1012143, "name": "ΗΜΕΡΗΣΙΟ ΓΥΜΝΑΣΙΟ ΚΡΕΜΑΣΤΗΣ ΡΟΔΟΥ", "name_en": "DAY GYMNASIUM KREMASTIS RODOU" }, "geometry": { "type": "Point", "coordinates": [ 28.120448, 36.412707 ] } },
{ "type": "Feature", "properties": { "fid": 754, "mm_id": 1000752, "name": "ΗΜΕΡΗΣΙΟ ΓΥΜΝΑΣΙΟ ΛΥΚΕΙΑΚΕΣ ΤΑΞΕΙΣ ΓΕΝΝΑΔΙΟΥ ΡΟΔΟΥ", "name_en": "DAY GYMNASIUM L.C. GENNADIOU RODOU" }, "geometry": { "type": "Point", "coordinates": [ 27.924556, 36.022695 ] } },
{ "type": "Feature", "properties": { "fid": 755, "mm_id": 1000758, "name": "ΗΜΕΡΗΣΙΟ ΓΥΜΝΑΣΙΟ ΛΥΚΕΙΑΚΕΣ ΤΑΞΕΙΣ ΕΜΠΩΝΑ", "name_en": "DAY GYMNASIUM L.C. EMPONA" }, "geometry": { "type": "Point", "coordinates": [ 27.856514, 36.229304 ] } },
{ "type": "Feature", "properties": { "fid": 756, "mm_id": 1000760, "name": "ΗΜΕΡΗΣΙΟ ΓΥΜΝΑΣΙΟ ΜΑΣΑΡΩΝ ΡΟΔΟΥ", "name_en": "DAY GYMNASIUM MASARON RODOU" }, "geometry": { "type": "Point", "coordinates": [ 28.072715, 36.179616 ] } },
{ "type": "Feature", "properties": { "fid": 757, "mm_id": 1000750, "name": "ΗΜΕΡΗΣΙΟ ΓΥΜΝΑΣΙΟ ΜΕ ΛΥΚΕΙΑΚΕΣ ΤΑΞΕΙΣ ΚΑΣΤΕΛΛΟΡΙΖΟΥ (ΜΕΓΙΣΤΗΣ)", "name_en": "DAY GYMNASIUM WITH L.C. KASTELLORIZOU (MEGISTIS)" }, "geometry": { "type": "Point", "coordinates": [ 29.589379, 36.147775 ] } },
{ "type": "Feature", "properties": { "fid": 758, "mm_id": 1000763, "name": "ΗΜΕΡΗΣΙΟ ΓΥΜΝΑΣΙΟ ΠΑΡΑΔΕΙΣΙΟΥ ΡΟΔΟΥ", "name_en": "DAY GYMNASIUM PARADEISIOU RODOU" }, "geometry": { "type": "Point", "coordinates": [ 28.082449, 36.400406 ] } },
{ "type": "Feature", "properties": { "fid": 759, "mm_id": 1027265, "name": "ΗΜΕΡΗΣΙΟ ΓΥΜΝΑΣΙΟ ΠΑΣΤΙΔΑΣ ΡΟΔΟΥ", "name_en": "DAY GYMNASIUM PASTIDAS RODOU" }, "geometry": { "type": "Point", "coordinates": [ 28.135795, 36.387786 ] } },
{ "type": "Feature", "properties": { "fid": 760, "mm_id": 1000756, "name": "ΗΜΕΡΗΣΙΟ ΓΥΜΝΑΣΙΟ ΣΟΡΩΝΗΣ ΡΟΔΟΥ", "name_en": "DAY GYMNASIUM SORONIS RODOU" }, "geometry": { "type": "Point", "coordinates": [ 28.005159, 36.363644 ] } },
{ "type": "Feature", "properties": { "fid": 761, "mm_id": 1000765, "name": "ΗΜΕΡΗΣΙΟ ΓΥΜΝΑΣΙΟ ΧΑΛΚΗΣ - ΓΥΜΝΑΣΙΟ Λ.Τ ΧΑΛΚΗΣ ''ΣΩΚΡΑΤΗΣ ΦΑΝΟΥΡΑΚΗΣ''", "name_en": "DAY GYMNASIUM CHALKIS - GYMNASIUM L.T CHALKIS ''SOKRATIS FANOURAKIS''" }, "geometry": { "type": "Point", "coordinates": [ 27.60992, 36.223207 ] } },
{ "type": "Feature", "properties": { "fid": 762, "mm_id": 1020896, "name": "ΙΔΙΩΤΙΚΟ ΓΥΜΝΑΣΙΟ - ΕΚΠΑΙΔΕΥΤΗΡΙΑ ΡΟΔΟΥ ΠΥΘΑΓΟΡΑΣ", "name_en": "PRIVATE GYMNASIUM - EKPAIDEYTIRIA RODOU PYTHAGORAS" }, "geometry": { "type": "Point", "coordinates": [ 28.186249, 36.366119 ] } },
{ "type": "Feature", "properties": { "fid": 763, "mm_id": 1000816, "name": "ΙΔΙΩΤΙΚΟ ΓΥΜΝΑΣΙΟ ΕΚΠΑΙΔΕΥΤΗΡΙΩΝ ΔΩΔΕΚΑΝΗΣΟΥ \"ΡΟΔΙΩΝ ΠΑΙΔΕΙΑ\"", "name_en": "PRIVATE GYMNASIUM EKPAIDEYTIRION DODEKANISOU \"RODION PAIDEIA\"" }, "geometry": { "type": "Point", "coordinates": [ 28.206033, 36.419874 ] } },
{ "type": "Feature", "properties": { "fid": 764, "mm_id": 1000762, "name": "ΜΟΥΣΙΚΟ ΓΥΜΝΑΣΙΟ ΡΟΔΟΥ - ΜΟΥΣΙΚΟ ΣΧΟΛΕΙΟ ΡΟΔΟΥ", "name_en": "MUSIC GYMNASIUM RODOU - MUSIC SCHOLEIO RODOU" }, "geometry": { "type": "Point", "coordinates": [ 28.200029, 36.386639 ] } },
{ "type": "Feature", "properties": { "fid": 765, "mm_id": 1000784, "name": "ΠΑΝΟΡΜΙΤΕΙΟ ΓΥΜΝΑΣΙΟ ΚΑΙ ΛΥΚΕΙΑΚΕΣ ΤΑΞΕΙΣ ΣΥΜΗΣ", "name_en": "PANORMITEIO GYMNASIUM KAI L.C. SYMIS" }, "geometry": { "type": "Point", "coordinates": [ 27.839781, 36.614587 ] } },
{ "type": "Feature", "properties": { "fid": 766, "mm_id": 1000755, "name": "Πειραματικό Γυμνάσιο Ρόδου Πανεπιστημίου Αιγαίου", "name_en": "Experimental GYMNASIUM Rodoy Panepistimioy Aigaioy" }, "geometry": { "type": "Point", "coordinates": [ 28.222488, 36.427163 ] } },
{ "type": "Feature", "properties": { "fid": 767, "mm_id": 1015249, "name": "1ο ΗΜΕΡΗΣΙΟ ΓΥΜΝΑΣΙΟ ΗΓΟΥΜΕΝΙΤΣΑΣ", "name_en": "1st DAY GYMNASIUM IGOUMENITSAS" }, "geometry": { "type": "Point", "coordinates": [ 20.264906, 39.506901 ] } },
{ "type": "Feature", "properties": { "fid": 768, "mm_id": 1015258, "name": "1ο ΗΜΕΡΗΣΙΟ ΓΥΜΝΑΣΙΟ ΦΙΛΙΑΤΩΝ ΘΕΣΠΡΩΤΙΑΣ", "name_en": "1st DAY GYMNASIUM FILIATON THESPROTIAS" }, "geometry": { "type": "Point", "coordinates": [ 20.30815, 39.600508 ] } },
{ "type": "Feature", "properties": { "fid": 769, "mm_id": 1015250, "name": "2ο ΗΜΕΡΗΣΙΟ ΓΥΜΝΑΣΙΟ ΗΓΟΥΜΕΝΙΤΣΑΣ", "name_en": "2nd DAY GYMNASIUM IGOUMENITSAS" }, "geometry": { "type": "Point", "coordinates": [ 20.259514, 39.512812 ] } },
{ "type": "Feature", "properties": { "fid": 770, "mm_id": 1015251, "name": "3ο ΗΜΕΡΗΣΙΟ ΓΥΜΝΑΣΙΟ ΗΓΟΥΜΕΝΙΤΣΑΣ", "name_en": "3rd DAY GYMNASIUM IGOUMENITSAS" }, "geometry": { "type": "Point", "coordinates": [ 20.261185, 39.490859 ] } },
{ "type": "Feature", "properties": { "fid": 771, "mm_id": 1025351, "name": "ΕΝΙΑΙΟ ΕΙΔΙΚΟ ΕΠΑΓΓΕΛΜΑΤΙΚΟ ΓΥΜΝΑΣΙΟ-ΛΥΚΕΙΟ ΗΓΟΥΜΕΝΙΤΣΑΣ", "name_en": "UNIFIED SPECIAL VOCATIONAL GYMNASIUM-LYCEUM IGOUMENITSAS" }, "geometry": { "type": "Point", "coordinates": [ 20.255496, 39.523488 ] } },
{ "type": "Feature", "properties": { "fid": 772, "mm_id": 1015252, "name": "ΕΣΠΕΡΙΝΟ ΓΥΜΝΑΣΙΟ ΗΓΟΥΜΕΝΙΤΣΑΣ", "name_en": "EVENING GYMNASIUM IGOUMENITSAS" }, "geometry": { "type": "Point", "coordinates": [ 20.265722, 39.505965 ] } },
{ "type": "Feature", "properties": { "fid": 773, "mm_id": 1015263, "name": "ΗΜΕΡΗΣΙΟ ΓΥΜΝΑΣΙΟ ΓΑΡΔΙΚΙΟΥ ΘΕΣΠΡΩΤΙΑΣ", "name_en": "DAY GYMNASIUM GARDIKIOU THESPROTIAS" }, "geometry": { "type": "Point", "coordinates": [ 20.560694, 39.359487 ] } },
{ "type": "Feature", "properties": { "fid": 774, "mm_id": 1015260, "name": "ΗΜΕΡΗΣΙΟ ΓΥΜΝΑΣΙΟ ΜΑΡΓΑΡΙΤΙΟΥ ΘΕΣΠΡΩΤΙΑΣ", "name_en": "DAY GYMNASIUM MARGARITIOU THESPROTIAS" }, "geometry": { "type": "Point", "coordinates": [ 20.43832, 39.356161 ] } },
{ "type": "Feature", "properties": { "fid": 775, "mm_id": 1015264, "name": "ΗΜΕΡΗΣΙΟ ΓΥΜΝΑΣΙΟ ΝΕΑΣ ΣΕΛΕΥΚΕΙΑΣ ΘΕΣΠΡΩΤΙΑΣ", "name_en": "DAY GYMNASIUM NEAS SELEYKEIAS THESPROTIAS" }, "geometry": { "type": "Point", "coordinates": [ 20.258111, 39.527432 ] } },
{ "type": "Feature", "properties": { "fid": 776, "mm_id": 1015254, "name": "ΗΜΕΡΗΣΙΟ ΓΥΜΝΑΣΙΟ ΠΑΡΑΜΥΘΙΑΣ ΘΕΣΠΡΩΤΙΑΣ", "name_en": "DAY GYMNASIUM PARAMYTHIAS THESPROTIAS" }, "geometry": { "type": "Point", "coordinates": [ 20.514522, 39.459552 ] } },
{ "type": "Feature", "properties": { "fid": 777, "mm_id": 1015261, "name": "ΗΜΕΡΗΣΙΟ ΓΥΜΝΑΣΙΟ ΠΕΡΔΙΚΑΣ ΘΕΣΠΡΩΤΙΑΣ", "name_en": "DAY GYMNASIUM PERDIKAS THESPROTIAS" }, "geometry": { "type": "Point", "coordinates": [ 20.303861, 39.371742 ] } },
{ "type": "Feature", "properties": { "fid": 778, "mm_id": 1015256, "name": "ΗΜΕΡΗΣΙΟ ΓΥΜΝΑΣΙΟ ΠΛΑΤΑΡΙΑΣ ΘΕΣΠΡΩΤΙΑΣ", "name_en": "DAY GYMNASIUM PLATARIAS THESPROTIAS" }, "geometry": { "type": "Point", "coordinates": [ 20.283467, 39.454447 ] } },
{ "type": "Feature", "properties": { "fid": 779, "mm_id": 1026827, "name": "ΜΟΥΣΙΚΟ ΓΥΜΝΑΣΙΟ ΗΓΟΥΜΕΝΙΤΣΑΣ", "name_en": "MUSIC GYMNASIUM IGOUMENITSAS" }, "geometry": { "type": "Point", "coordinates": [ 20.37329, 39.416534 ] } },
{ "type": "Feature", "properties": { "fid": 780, "mm_id": 1015795, "name": "10ο ΗΜΕΡΗΣΙΟ ΓΥΜΝΑΣΙΟ ΛΑΡΙΣΑΣ", "name_en": "10th DAY GYMNASIUM LARISAS" }, "geometry": { "type": "Point", "coordinates": [ 22.403047, 39.639235 ] } },
{ "type": "Feature", "properties": { "fid": 781, "mm_id": 1018925, "name": "11ο ΗΜΕΡΗΣΙΟ ΓΥΜΝΑΣΙΟ ΛΑΡΙΣΑΣ", "name_en": "11th DAY GYMNASIUM LARISAS" }, "geometry": { "type": "Point", "coordinates": [ 22.434311, 39.648104 ] } },
{ "type": "Feature", "properties": { "fid": 782, "mm_id": 1018926, "name": "12ο ΗΜΕΡΗΣΙΟ ΓΥΜΝΑΣΙΟ ΛΑΡΙΣΑΣ- «Μ. ΚΑΡΑΓΑΤΣΗΣ»", "name_en": "12th DAY GYMNASIUM LARISAS- «M. KARAGATSIS»" }, "geometry": { "type": "Point", "coordinates": [ 22.41979, 39.645571 ] } },
{ "type": "Feature", "properties": { "fid": 783, "mm_id": 1018593, "name": "13ο ΗΜΕΡΗΣΙΟ ΓΥΜΝΑΣΙΟ ΛΑΡΙΣΑΣ", "name_en": "13th DAY GYMNASIUM LARISAS" }, "geometry": { "type": "Point", "coordinates": [ 22.428924, 39.610933 ] } },
{ "type": "Feature", "properties": { "fid": 784, "mm_id": 1015796, "name": "14ο ΗΜΕΡΗΣΙΟ ΓΥΜΝΑΣΙΟ ΛΑΡΙΣΑΣ", "name_en": "14th DAY GYMNASIUM LARISAS" }, "geometry": { "type": "Point", "coordinates": [ 22.432839, 39.643382 ] } },
{ "type": "Feature", "properties": { "fid": 785, "mm_id": 1015798, "name": "15ο ΗΜΕΡΗΣΙΟ ΓΥΜΝΑΣΙΟ ΛΑΡΙΣΑΣ", "name_en": "15th DAY GYMNASIUM LARISAS" }, "geometry": { "type": "Point", "coordinates": [ 22.417315, 39.621029 ] } },
{ "type": "Feature", "properties": { "fid": 786, "mm_id": 1015808, "name": "1ο ΗΜΕΡΗΣΙΟ ΓΥΜΝΑΣΙΟ ΕΛΑΣΣΟΝΑΣ", "name_en": "1st DAY GYMNASIUM ELASSONAS" }, "geometry": { "type": "Point", "coordinates": [ 22.192309, 39.889756 ] } },
{ "type": "Feature", "properties": { "fid": 787, "mm_id": 1015823, "name": "1ο ΗΜΕΡΗΣΙΟ ΓΥΜΝΑΣΙΟ ΤΥΡΝΑΒΟΥ - ΑΧΙΛΛΕΑΣ ΤΖΑΡΤΖΑΝΟΣ", "name_en": "1st DAY GYMNASIUM TYRNAVOU - ACHILLEAS TZARTZANOS" }, "geometry": { "type": "Point", "coordinates": [ 22.294199, 39.736794 ] } },
{ "type": "Feature", "properties": { "fid": 788, "mm_id": 1015815, "name": "1ο ΗΜΕΡΗΣΙΟ ΓΥΜΝΑΣΙΟ ΦΑΡΣΑΛΩΝ", "name_en": "1st DAY GYMNASIUM FARSALON" }, "geometry": { "type": "Point", "coordinates": [ 22.395095, 39.298037 ] } },
{ "type": "Feature", "properties": { "fid": 789, "mm_id": 1015786, "name": "1ο ΠΕΙΡΑΜΑΤΙΚΟ ΓΥΜΝΑΣΙΟ ΛΑΡΙΣΑΣ", "name_en": "1st EXPERIMENTAL GYMNASIUM LARISAS" }, "geometry": { "type": "Point", "coordinates": [ 22.4126, 39.634638 ] } },
{ "type": "Feature", "properties": { "fid": 790, "mm_id": 1015787, "name": "2ο ΗΜΕΡΗΣΙΟ ΓΥΜΝΑΣΙΟ ΛΑΡΙΣΑΣ", "name_en": "2nd DAY GYMNASIUM LARISAS" }, "geometry": { "type": "Point", "coordinates": [ 22.430291, 39.636324 ] } },
{ "type": "Feature", "properties": { "fid": 791, "mm_id": 1018038, "name": "2ο ΗΜΕΡΗΣΙΟ ΓΥΜΝΑΣΙΟ ΤΥΡΝΑΒΟΥ", "name_en": "2nd DAY GYMNASIUM TYRNAVOU" }, "geometry": { "type": "Point", "coordinates": [ 22.277507, 39.742577 ] } },
{ "type": "Feature", "properties": { "fid": 792, "mm_id": 1015816, "name": "2ο ΗΜΕΡΗΣΙΟ ΓΥΜΝΑΣΙΟ ΦΑΡΣΑΛΩΝ", "name_en": "2nd DAY GYMNASIUM FARSALON" }, "geometry": { "type": "Point", "coordinates": [ 22.382492, 39.300202 ] } },
{ "type": "Feature", "properties": { "fid": 793, "mm_id": 1015788, "name": "3ο ΗΜΕΡΗΣΙΟ ΓΥΜΝΑΣΙΟ ΛΑΡΙΣΑΣ", "name_en": "3rd DAY GYMNASIUM LARISAS" }, "geometry": { "type": "Point", "coordinates": [ 22.402106, 39.617144 ] } },
{ "type": "Feature", "properties": { "fid": 794, "mm_id": 1015789, "name": "4ο ΗΜΕΡΗΣΙΟ ΓΥΜΝΑΣΙΟ ΛΑΡΙΣΑΣ", "name_en": "4th DAY GYMNASIUM LARISAS" }, "geometry": { "type": "Point", "coordinates": [ 22.411201, 39.634072 ] } },
{ "type": "Feature", "properties": { "fid": 795, "mm_id": 1015790, "name": "5ο ΗΜΕΡΗΣΙΟ ΓΥΜΝΑΣΙΟ ΛΑΡΙΣΑΣ - ΝΙΚΗΦΟΡΟΣ ΘΕΟΤΟΚΗΣ", "name_en": "5th DAY GYMNASIUM LARISAS - NIKIFOROS THEOTOKIS" }, "geometry": { "type": "Point", "coordinates": [ 22.423533, 39.632466 ] } },
{ "type": "Feature", "properties": { "fid": 796, "mm_id": 1015791, "name": "6ο Ημερήσιο Γυμνάσιο Λάρισας", "name_en": "6th Day GYMNASIUM Larisas" }, "geometry": { "type": "Point", "coordinates": [ 22.397753, 39.62692 ] } },
{ "type": "Feature", "properties": { "fid": 797, "mm_id": 1015792, "name": "7ο ΗΜΕΡΗΣΙΟ ΓΥΜΝΑΣΙΟ ΛΑΡΙΣΑΣ", "name_en": "7th DAY GYMNASIUM LARISAS" }, "geometry": { "type": "Point", "coordinates": [ 22.450817, 39.62819 ] } },
{ "type": "Feature", "properties": { "fid": 798, "mm_id": 1015793, "name": "8ο ΗΜΕΡΗΣΙΟ ΓΥΜΝΑΣΙΟ ΛΑΡΙΣΑΣ", "name_en": "8th DAY GYMNASIUM LARISAS" }, "geometry": { "type": "Point", "coordinates": [ 22.401576, 39.636029 ] } },
{ "type": "Feature", "properties": { "fid": 799, "mm_id": 1015794, "name": "9ο ΗΜΕΡΗΣΙΟ ΓΥΜΝΑΣΙΟ ΛΑΡΙΣΑΣ", "name_en": "9th DAY GYMNASIUM LARISAS" }, "geometry": { "type": "Point", "coordinates": [ 22.430065, 39.62547 ] } },
{ "type": "Feature", "properties": { "fid": 800, "mm_id": 1015834, "name": "ΓΥΜΝΑΣΙΟ - ΛΥΚΕΙΑΚΕΣ ΤΑΞΕΙΣ ΚΡΑΝΕΑΣ", "name_en": "GYMNASIUM - L.C. KRANEAS" }, "geometry": { "type": "Point", "coordinates": [ 21.967274, 39.949644 ] } },
{ "type": "Feature", "properties": { "fid": 801, "mm_id": 1015840, "name": "ΓΥΜΝΑΣΙΟ ΚΑΙ ΛΥΚΕΙΑΚΕΣ ΤΑΞΕΙΣ ΚΑΛΛΙΘΕΑΣ \"ΘΕΟΦΙΛΟΣ ΣΑΚΑΛΙΔΗΣ\"", "name_en": "GYMNASIUM KAI L.C. KALLITHEAS \"THEOFILOS SAKALIDIS\"" }, "geometry": { "type": "Point", "coordinates": [ 22.190315, 39.980094 ] } },
{ "type": "Feature", "properties": { "fid": 802, "mm_id": 1015844, "name": "ΕΝΙΑΙΟ ΕΙΔΙΚΟ ΕΠΑΓΓΕΛΜΑΤΙΚΟ ΓΥΜΝΑΣΙΟ - ΛΥΚΕΙΟ  ΛΑΡΙΣΑΣ", "name_en": "UNIFIED SPECIAL VOCATIONAL GYMNASIUM - LYCEUM  LARISAS" }, "geometry": { "type": "Point", "coordinates": [ 22.391948, 39.671848 ] } },
{ "type": "Feature", "properties": { "fid": 803, "mm_id": 1015830, "name": "ΕΝΙΑΙΟ ΕΙΔΙΚΟ ΕΠΑΓΓΕΛΜΑΤΙΚΟ ΓΥΜΝΑΣΙΟ-ΛΥΚΕΙΟ ΕΛΑΣΣΟΝΑΣ", "name_en": "UNIFIED SPECIAL VOCATIONAL GYMNASIUM-LYCEUM ELASSONAS" }, "geometry": { "type": "Point", "coordinates": [ 22.180933, 39.893038 ] } },
{ "type": "Feature", "properties": { "fid": 804, "mm_id": 1015797, "name": "ΕΣΠΕΡΙΝΟ ΓΥΜΝΑΣΙΟ ΜΕ ΛΥΚΕΙΑΚΕΣ ΤΑΞΕΙΣ ΛΑΡΙΣΑΣ", "name_en": "EVENING GYMNASIUM WITH L.C. LARISAS" }, "geometry": { "type": "Point", "coordinates": [ 22.423576, 39.632464 ] } },
{ "type": "Feature", "properties": { "fid": 805, "mm_id": 1015811, "name": "ΗΜΕΡΗΣΙΟ ΓΥΜΝΑΣΙΟ & Λ. - Τ. ΤΣΑΡΙΤΣΑΝΗΣ - ΚΩΝΣΤΑΝΤΙΝΟΣ ΟΙΚΟΝΟΜΟΣ", "name_en": "DAY GYMNASIUM & L. - T. TSARITSANIS - KONSTANTINOS OIKONOMOS" }, "geometry": { "type": "Point", "coordinates": [ 22.230037, 39.880768 ] } },
{ "type": "Feature", "properties": { "fid": 806, "mm_id": 1015829, "name": "ΗΜΕΡΗΣΙΟ ΓΥΜΝΑΣΙΟ & Λ.Τ. ΛΙΒΑΔΙΟΥ", "name_en": "DAY GYMNASIUM & L.C. LIVADIOU" }, "geometry": { "type": "Point", "coordinates": [ 22.157431, 40.124663 ] } },
{ "type": "Feature", "properties": { "fid": 807, "mm_id": 1015839, "name": "ΗΜΕΡΗΣΙΟ ΓΥΜΝΑΣΙΟ - Λ.Τ. ΒΕΡΔΙΚΟΥΣΑΣ", "name_en": "DAY GYMNASIUM - L.C. VERDIKOUSAS" }, "geometry": { "type": "Point", "coordinates": [ 21.977252, 39.783694 ] } },
{ "type": "Feature", "properties": { "fid": 808, "mm_id": 1015835, "name": "ΗΜΕΡΗΣΙΟ ΓΥΜΝΑΣΙΟ - ΛΥΚΕΙΑΚΕΣ ΤΑΞΕΙΣ ΚΟΙΛΑΔΑΣ", "name_en": "DAY GYMNASIUM - L.C. KOILADAS" }, "geometry": { "type": "Point", "coordinates": [ 22.302281, 39.57442 ] } },
{ "type": "Feature", "properties": { "fid": 809, "mm_id": 1015801, "name": "ΗΜΕΡΗΣΙΟ ΓΥΜΝΑΣΙΟ ΑΓΙΑΣ", "name_en": "DAY GYMNASIUM AGIAS" }, "geometry": { "type": "Point", "coordinates": [ 22.7526, 39.717573 ] } },
{ "type": "Feature", "properties": { "fid": 810, "mm_id": 1015822, "name": "ΗΜΕΡΗΣΙΟ ΓΥΜΝΑΣΙΟ ΑΜΠΕΛΩΝΑ", "name_en": "DAY GYMNASIUM AMPELONA" }, "geometry": { "type": "Point", "coordinates": [ 22.357842, 39.749252 ] } },
{ "type": "Feature", "properties": { "fid": 811, "mm_id": 1015824, "name": "ΗΜΕΡΗΣΙΟ ΓΥΜΝΑΣΙΟ ΑΡΓΥΡΟΠΟΥΛΙΟΥ-<<ΗΛΩΝΗ>>", "name_en": "DAY GYMNASIUM ARGYROPOULIOU-<<ILONI>>" }, "geometry": { "type": "Point", "coordinates": [ 22.324628, 39.814904 ] } },
{ "type": "Feature", "properties": { "fid": 812, "mm_id": 1015836, "name": "ΗΜΕΡΗΣΙΟ ΓΥΜΝΑΣΙΟ ΑΡΜΕΝΙΟΥ & ΛΥΚΕΙΑΚΕΣ ΤΑΞΕΙΣ", "name_en": "DAY GYMNASIUM ARMENIOU & L.C." }, "geometry": { "type": "Point", "coordinates": [ 22.700553, 39.493718 ] } },
{ "type": "Feature", "properties": { "fid": 813, "mm_id": 1015819, "name": "ΗΜΕΡΗΣΙΟ ΓΥΜΝΑΣΙΟ ΒΑΜΒΑΚΟΥΣ", "name_en": "DAY GYMNASIUM VAMVAKOUS" }, "geometry": { "type": "Point", "coordinates": [ 22.414206, 39.334733 ] } },
{ "type": "Feature", "properties": { "fid": 814, "mm_id": 1015833, "name": "ΗΜΕΡΗΣΙΟ ΓΥΜΝΑΣΙΟ ΓΙΑΝΝΟΥΛΗΣ", "name_en": "DAY GYMNASIUM GIANNOULIS" }, "geometry": { "type": "Point", "coordinates": [ 22.388761, 39.670238 ] } },
{ "type": "Feature", "properties": { "fid": 815, "mm_id": 1015805, "name": "ΗΜΕΡΗΣΙΟ ΓΥΜΝΑΣΙΟ ΓΟΝΝΩΝ", "name_en": "DAY GYMNASIUM GONNON" }, "geometry": { "type": "Point", "coordinates": [ 22.469835, 39.862698 ] } },
{ "type": "Feature", "properties": { "fid": 816, "mm_id": 1015841, "name": "ΗΜΕΡΗΣΙΟ ΓΥΜΝΑΣΙΟ ΔΟΜΕΝΙΚΟΥ - ΝΙΚΟΛΑΟΣ ΜΠΑΜΠΑΛΗΣ", "name_en": "DAY GYMNASIUM DOMENIKOU - NIKOLAOS MPAMPALIS" }, "geometry": { "type": "Point", "coordinates": [ 22.115207, 39.788435 ] } },
{ "type": "Feature", "properties": { "fid": 817, "mm_id": 1025481, "name": "ΗΜΕΡΗΣΙΟ ΓΥΜΝΑΣΙΟ ΚΑΡΥΑΣ", "name_en": "DAY GYMNASIUM KARYAS" }, "geometry": { "type": "Point", "coordinates": [ 22.391825, 39.982251 ] } },
{ "type": "Feature", "properties": { "fid": 818, "mm_id": 1015813, "name": "ΗΜΕΡΗΣΙΟ ΓΥΜΝΑΣΙΟ ΛΥΚ. ΤΑΞΕΙΣ ΜΑΚΡΥΧΩΡΙΟΥ", "name_en": "DAY GYMNASIUM LYK. TAXEIS MAKRYCHORIOU" }, "geometry": { "type": "Point", "coordinates": [ 22.495776, 39.801588 ] } },
{ "type": "Feature", "properties": { "fid": 819, "mm_id": 1015817, "name": "ΗΜΕΡΗΣΙΟ ΓΥΜΝΑΣΙΟ ΜΕΓΑΛΟΥ ΕΥΥΔΡΙΟΥ", "name_en": "DAY GYMNASIUM MEGALOU EYYDRIOU" }, "geometry": { "type": "Point", "coordinates": [ 22.330961, 39.347095 ] } },
{ "type": "Feature", "properties": { "fid": 820, "mm_id": 1018231, "name": "ΗΜΕΡΗΣΙΟ ΓΥΜΝΑΣΙΟ ΝΙΚΑΙΑΣ ΛΑΡΙΣΑΣ", "name_en": "DAY GYMNASIUM NIKAIAS LARISAS" }, "geometry": { "type": "Point", "coordinates": [ 22.472117, 39.564582 ] } },
{ "type": "Feature", "properties": { "fid": 821, "mm_id": 1015838, "name": "ΗΜΕΡΗΣΙΟ ΓΥΜΝΑΣΙΟ ΠΛΑΤΥΚΑΜΠΟΥ", "name_en": "DAY GYMNASIUM PLATYKAMPOU" }, "geometry": { "type": "Point", "coordinates": [ 22.536421, 39.626487 ] } },
{ "type": "Feature", "properties": { "fid": 822, "mm_id": 1015827, "name": "ΗΜΕΡΗΣΙΟ ΓΥΜΝΑΣΙΟ ΠΥΡΓΕΤΟΥ - ΓΥΜΝΑΣΙΟ ΠΥΡΓΕΤΟΥ", "name_en": "DAY GYMNASIUM PYRGETOU - GYMNASIUM PYRGETOU" }, "geometry": { "type": "Point", "coordinates": [ 22.597089, 39.919082 ] } },
{ "type": "Feature", "properties": { "fid": 823, "mm_id": 1015812, "name": "ΗΜΕΡΗΣΙΟ ΓΥΜΝΑΣΙΟ ΣΥΚΟΥΡΙΟΥ", "name_en": "DAY GYMNASIUM SYKOURIOU" }, "geometry": { "type": "Point", "coordinates": [ 22.574491, 39.756653 ] } },
{ "type": "Feature", "properties": { "fid": 824, "mm_id": 1015842, "name": "ΗΜΕΡΗΣΙΟ ΓΥΜΝΑΣΙΟ ΦΑΛΑΝΗΣ", "name_en": "DAY GYMNASIUM FALANIS" }, "geometry": { "type": "Point", "coordinates": [ 22.402053, 39.727337 ] } },
{ "type": "Feature", "properties": { "fid": 825, "mm_id": 1001168, "name": "ΙΔ. ΓΥΜΝΑΣΙΟ Ν. ΜΠΑΚΟΓΙΑΝΝΗ", "name_en": "ID. GYMNASIUM N. MPAKOGIANNI" }, "geometry": { "type": "Point", "coordinates": [ 22.365805, 39.624307 ] } },
{ "type": "Feature", "properties": { "fid": 826, "mm_id": 1026885, "name": "ΙΔΙΩΤΙΚΟ ΓΥΜΝΑΣΙΟ - ΕΛΛΗΝΙΚΗ ΠΑΙΔΕΙΑ ΔΗΜΟΤΙΚΟ - ΓΥΜΝΑΣΙΟ Μ.Ι.Κ.Ε.", "name_en": "PRIVATE GYMNASIUM - ELLINIKI PAIDEIA DIMOTIKO - GYMNASIUM M.I.K.E." }, "geometry": { "type": "Point", "coordinates": [ 22.424298, 39.601768 ] } },
{ "type": "Feature", "properties": { "fid": 827, "mm_id": 1001167, "name": "ΚΕΝΤΡΟ ΕΛΛΗΝΙΚΗΣ ΠΑΙΔΕΙΑΣ/ΓΥΜΝΑΣΙΟ ΜΑΙΡΗΣ Ν. ΡΑΠΤΟΥ", "name_en": "KENTRO ELLINIKIS PAIDEIAS/GYMNASIUM MAIRIS N. RAPTOU" }, "geometry": { "type": "Point", "coordinates": [ 22.384736, 39.601265 ] } },
{ "type": "Feature", "properties": { "fid": 828, "mm_id": 1015800, "name": "ΜΟΥΣΙΚΟ ΣΧΟΛΕΙΟ ΛΑΡΙΣΑΣ(ΓΥΜΝΑΣΙΟ-ΛΥΚΕΙΟ)", "name_en": "MUSIC SCHOLEIO LARISAS(GYMNASIUM-LYCEUM)" }, "geometry": { "type": "Point", "coordinates": [ 22.411295, 39.617369 ] } },
{ "type": "Feature", "properties": { "fid": 829, "mm_id": 1027093, "name": "ΠΡΟΤΥΠΟ ΓΥΜΝΑΣΙΟ ΛΑΡΙΣΑΣ", "name_en": "MODEL GYMNASIUM LARISAS" }, "geometry": { "type": "Point", "coordinates": [ 22.430237, 39.636393 ] } },
{ "type": "Feature", "properties": { "fid": 830, "mm_id": 1015336, "name": "10ο ΗΜΕΡΗΣΙΟ ΓΥΜΝΑΣΙΟ ΙΩΑΝΝΙΝΩΝ  «ΘΕΟΔΩΡΟΣ ΠΑΠΑΓΙΑΝΝΗΣ»", "name_en": "10th DAY GYMNASIUM IOANNINON  «THEODOROS PAPAGIANNIS»" }, "geometry": { "type": "Point", "coordinates": [ 20.839692, 39.67522 ] } },
{ "type": "Feature", "properties": { "fid": 831, "mm_id": 1015337, "name": "11ο ΗΜΕΡΗΣΙΟ ΓΥΜΝΑΣΙΟ ΙΩΑΝΝΙΝΩΝ", "name_en": "11th DAY GYMNASIUM IOANNINON" }, "geometry": { "type": "Point", "coordinates": [ 20.813863, 39.67329 ] } },
{ "type": "Feature", "properties": { "fid": 832, "mm_id": 1015326, "name": "1ο ΗΜΕΡΗΣΙΟ ΓΥΜΝΑΣΙΟ ΑΝΑΤΟΛΗΣ ΙΩΑΝΝΙΝΩΝ", "name_en": "1st DAY GYMNASIUM ANATOLIS IOANNINON" }, "geometry": { "type": "Point", "coordinates": [ 20.867088, 39.634624 ] } },
{ "type": "Feature", "properties": { "fid": 833, "mm_id": 1015319, "name": "1ο ΗΜΕΡΗΣΙΟ ΓΥΜΝΑΣΙΟ ΙΩΑΝΝΙΝΩΝ", "name_en": "1st DAY GYMNASIUM IOANNINON" }, "geometry": { "type": "Point", "coordinates": [ 20.85141, 39.669474 ] } },
{ "type": "Feature", "properties": { "fid": 834, "mm_id": 1015345, "name": "1ο ΗΜΕΡΗΣΙΟ ΓΥΜΝΑΣΙΟ ΠΑΡΑΚΑΛΑΜΟΥ ΙΩΑΝΝΙΝΩΝ - ΓΥΜΝΑΣΙΟ ΠΑΡΑΚΑΛΑΜΟΥ", "name_en": "1st DAY GYMNASIUM PARAKALAMOU IOANNINON - GYMNASIUM PARAKALAMOU" }, "geometry": { "type": "Point", "coordinates": [ 20.57216, 39.860907 ] } },
{ "type": "Feature", "properties": { "fid": 835, "mm_id": 1015352, "name": "1ο ΗΜΕΡΗΣΙΟ ΓΥΜΝΑΣΙΟ ΠΡΑΜΑΝΤΩΝ ΙΩΑΝΝΙΝΩΝ - ΓΥΜΝΑΣΙΟ-ΛΥΚΕΙΑΚΕΣ ΤΑΞΕΙΣ ΠΡΑΜΑΝΤΩΝ", "name_en": "1st DAY GYMNASIUM PRAMANTON IOANNINON - GYMNASIUM-L.C. PRAMANTON" }, "geometry": { "type": "Point", "coordinates": [ 21.101775, 39.525537 ] } },
{ "type": "Feature", "properties": { "fid": 836, "mm_id": 1015320, "name": "2ο ΓΥΜΝΑΣΙΟ ΙΩΑΝΝΙΝΩΝ ΔΙΑΠΟΛΙΤΙΣΜΙΚΗΣ ΕΚΠΑΙΔΕΥΣΗΣ", "name_en": "2nd GYMNASIUM IOANNINON INTERCULTURAL EDUCATION" }, "geometry": { "type": "Point", "coordinates": [ 20.851778, 39.671934 ] } },
{ "type": "Feature", "properties": { "fid": 837, "mm_id": 1015328, "name": "2ο ΗΜΕΡΗΣΙΟ ΓΥΜΝΑΣΙΟ ΑΝΑΤΟΛΗΣ ΙΩΑΝΝΙΝΩΝ", "name_en": "2nd DAY GYMNASIUM ANATOLIS IOANNINON" }, "geometry": { "type": "Point", "coordinates": [ 20.875766, 39.640965 ] } },
{ "type": "Feature", "properties": { "fid": 838, "mm_id": 1015321, "name": "3ο ΗΜΕΡΗΣΙΟ ΓΥΜΝΑΣΙΟ ΙΩΑΝΝΙΝΩΝ", "name_en": "3rd DAY GYMNASIUM IOANNINON" }, "geometry": { "type": "Point", "coordinates": [ 20.839296, 39.67555 ] } },
{ "type": "Feature", "properties": { "fid": 839, "mm_id": 1015324, "name": "4ο ΗΜΕΡΗΣΙΟ ΓΥΜΝΑΣΙΟ ΙΩΑΝΝΙΝΩΝ", "name_en": "4th DAY GYMNASIUM IOANNINON" }, "geometry": { "type": "Point", "coordinates": [ 20.848308, 39.666418 ] } },
{ "type": "Feature", "properties": { "fid": 840, "mm_id": 1015329, "name": "5ο ΗΜΕΡΗΣΙΟ ΓΥΜΝΑΣΙΟ ΙΩΑΝΝΙΝΩΝ", "name_en": "5th DAY GYMNASIUM IOANNINON" }, "geometry": { "type": "Point", "coordinates": [ 20.859814, 39.657245 ] } },
{ "type": "Feature", "properties": { "fid": 841, "mm_id": 1015330, "name": "6ο ΗΜΕΡΗΣΙΟ ΓΥΜΝΑΣΙΟ ΙΩΑΝΝΙΝΩΝ", "name_en": "6th DAY GYMNASIUM IOANNINON" }, "geometry": { "type": "Point", "coordinates": [ 20.852057, 39.653974 ] } },
{ "type": "Feature", "properties": { "fid": 842, "mm_id": 1015331, "name": "7ο ΗΜΕΡΗΣΙΟ ΓΥΜΝΑΣΙΟ ΙΩΑΝΝΙΝΩΝ", "name_en": "7th DAY GYMNASIUM IOANNINON" }, "geometry": { "type": "Point", "coordinates": [ 20.852057, 39.653239 ] } },
{ "type": "Feature", "properties": { "fid": 843, "mm_id": 1015332, "name": "8ο ΗΜΕΡΗΣΙΟ ΓΥΜΝΑΣΙΟ ΙΩΑΝΝΙΝΩΝ", "name_en": "8th DAY GYMNASIUM IOANNINON" }, "geometry": { "type": "Point", "coordinates": [ 20.851971, 39.65494 ] } },
{ "type": "Feature", "properties": { "fid": 844, "mm_id": 1015333, "name": "9ο ΗΜΕΡΗΣΙΟ ΓΥΜΝΑΣΙΟ ΙΩΑΝΝΙΝΩΝ", "name_en": "9th DAY GYMNASIUM IOANNINON" }, "geometry": { "type": "Point", "coordinates": [ 20.837505, 39.682513 ] } },
{ "type": "Feature", "properties": { "fid": 845, "mm_id": 1021311, "name": "ΑΡΣΑΚΕΙΟ ΓΥΜΝΑΣΙΟ ΙΩΑΝΝΙΝΩΝ", "name_en": "ARSAKEIO GYMNASIUM IOANNINON" }, "geometry": { "type": "Point", "coordinates": [ 20.940443, 39.652058 ] } },
{ "type": "Feature", "properties": { "fid": 846, "mm_id": 1015344, "name": "ΓΥΜΝΑΣΙΟ ΔΟΛΙΑΝΩΝ - \"ΓΕΩΡΓΙΟΣ ΓΕΝΝΑΔΙΟΣ\"", "name_en": "GYMNASIUM DOLIANON - \"GEORGIOS GENNADIOS\"" }, "geometry": { "type": "Point", "coordinates": [ 20.57795, 39.899842 ] } },
{ "type": "Feature", "properties": { "fid": 847, "mm_id": 1015364, "name": "ΓΥΜΝΑΣΙΟ ΠΕΡΑΜΑΤΟΣ ΙΩΑΝΝΙΝΩΝ", "name_en": "GYMNASIUM PERAMATOS IOANNINON" }, "geometry": { "type": "Point", "coordinates": [ 20.847488, 39.692877 ] } },
{ "type": "Feature", "properties": { "fid": 848, "mm_id": 1015380, "name": "ΕΝΙΑΙΟ ΕΙΔΙΚΟ ΕΠΑΓΓΕΛΜΑΤΙΚΟ ΓΥΜΝΑΣΙΟ ΛΥΚΕΙΟ ΙΩΑΝΝΙΝΩΝ", "name_en": "UNIFIED SPECIAL VOCATIONAL GYMNASIUM LYCEUM IOANNINON" }, "geometry": { "type": "Point", "coordinates": [ 20.84461, 39.649934 ] } },
{ "type": "Feature", "properties": { "fid": 849, "mm_id": 1015325, "name": "ΕΣΠΕΡΙΝΟ ΓΥΜΝΑΣΙΟ ΙΩΑΝΝΙΝΩΝ", "name_en": "EVENING GYMNASIUM IOANNINON" }, "geometry": { "type": "Point", "coordinates": [ 20.850297, 39.665545 ] } },
{ "type": "Feature", "properties": { "fid": 850, "mm_id": 1015367, "name": "ΗΜΕΡΗΣΙΟ ΓΥΜΝΑΣΙΟ - ΓΕ.Λ. ΧΡΥΣΟΒΙΤΣΑΣ", "name_en": "DAY GYMNASIUM - GE.L. CHRYSOVITSAS" }, "geometry": { "type": "Point", "coordinates": [ 21.092698, 39.764847 ] } },
{ "type": "Feature", "properties": { "fid": 851, "mm_id": 1015339, "name": "ΗΜΕΡΗΣΙΟ ΓΥΜΝΑΣΙΟ ΒΕΛΙΣΣΑΡΙΟΥ ΙΩΑΝΝΙΝΩΝ", "name_en": "DAY GYMNASIUM VELISSARIOU IOANNINON" }, "geometry": { "type": "Point", "coordinates": [ 20.844331, 39.649695 ] } },
{ "type": "Feature", "properties": { "fid": 852, "mm_id": 1015363, "name": "ΗΜΕΡΗΣΙΟ ΓΥΜΝΑΣΙΟ ΕΛΕΟΥΣΑΣ ΙΩΑΝΝΙΝΩΝ", "name_en": "DAY GYMNASIUM ELEOUSAS IOANNINON" }, "geometry": { "type": "Point", "coordinates": [ 20.788141, 39.701089 ] } },
{ "type": "Feature", "properties": { "fid": 853, "mm_id": 1015351, "name": "ΗΜΕΡΗΣΙΟ ΓΥΜΝΑΣΙΟ ΖΙΤΣΑΣ ΜΕ ΛΥΚΕΙΑΚΕΣ ΤΑΞΕΙΣ", "name_en": "DAY GYMNASIUM ZITSAS WITH L.C." }, "geometry": { "type": "Point", "coordinates": [ 20.649482, 39.754604 ] } },
{ "type": "Feature", "properties": { "fid": 854, "mm_id": 1015358, "name": "ΗΜΕΡΗΣΙΟ ΓΥΜΝΑΣΙΟ ΚΑΤΣΙΚΑ ΙΩΑΝΝΙΝΩΝ", "name_en": "DAY GYMNASIUM KATSIKA IOANNINON" }, "geometry": { "type": "Point", "coordinates": [ 20.888432, 39.620749 ] } },
{ "type": "Feature", "properties": { "fid": 855, "mm_id": 1015347, "name": "ΗΜΕΡΗΣΙΟ ΓΥΜΝΑΣΙΟ ΚΟΝΙΤΣΑΣ ΙΩΑΝΝΙΝΩΝ", "name_en": "DAY GYMNASIUM KONITSAS IOANNINON" }, "geometry": { "type": "Point", "coordinates": [ 20.74944, 40.047355 ] } },
{ "type": "Feature", "properties": { "fid": 856, "mm_id": 1015361, "name": "ΗΜΕΡΗΣΙΟ ΓΥΜΝΑΣΙΟ ΚΟΥΤΣΕΛΙΟΥ ΙΩΑΝΝΙΝΩΝ", "name_en": "DAY GYMNASIUM KOUTSELIOU IOANNINON" }, "geometry": { "type": "Point", "coordinates": [ 20.914919, 39.593986 ] } },
{ "type": "Feature", "properties": { "fid": 857, "mm_id": 1015368, "name": "ΗΜΕΡΗΣΙΟ ΓΥΜΝΑΣΙΟ ΛΟΓΓΑΔΩΝ ΙΩΑΝΝΙΝΩΝ", "name_en": "DAY GYMNASIUM LOGGADON IOANNINON" }, "geometry": { "type": "Point", "coordinates": [ 20.935526, 39.659786 ] } },
{ "type": "Feature", "properties": { "fid": 858, "mm_id": 1015365, "name": "ΗΜΕΡΗΣΙΟ ΓΥΜΝΑΣΙΟ ΜΕΤΑΜΟΡΦΩΣΗΣ", "name_en": "DAY GYMNASIUM METAMORFOSIS" }, "geometry": { "type": "Point", "coordinates": [ 20.73608, 39.792178 ] } },
{ "type": "Feature", "properties": { "fid": 859, "mm_id": 1015349, "name": "ΗΜΕΡΗΣΙΟ ΓΥΜΝΑΣΙΟ ΜΕΤΣΟΒΟΥ ΙΩΑΝΝΙΝΩΝ", "name_en": "DAY GYMNASIUM METSOVOU IOANNINON" }, "geometry": { "type": "Point", "coordinates": [ 21.182901, 39.771832 ] } },
{ "type": "Feature", "properties": { "fid": 860, "mm_id": 1015359, "name": "ΗΜΕΡΗΣΙΟ ΓΥΜΝΑΣΙΟ ΜΠΙΖΑΝΙΟΥ ΙΩΑΝΝΙΝΩΝ", "name_en": "DAY GYMNASIUM MPIZANIOU IOANNINON" }, "geometry": { "type": "Point", "coordinates": [ 20.863512, 39.564867 ] } },
{ "type": "Feature", "properties": { "fid": 861, "mm_id": 1015327, "name": "ΗΜΕΡΗΣΙΟ ΓΥΜΝΑΣΙΟ ΠΕΔΙΝΗΣ ΙΩΑΝΝΙΝΩΝ", "name_en": "DAY GYMNASIUM PEDINIS IOANNINON" }, "geometry": { "type": "Point", "coordinates": [ 20.84577, 39.597962 ] } },
{ "type": "Feature", "properties": { "fid": 862, "mm_id": 1015338, "name": "ΗΜΕΡΗΣΙΟ ΓΥΜΝΑΣΙΟ ΣΤΑΥΡΑΚΙΟΥ", "name_en": "DAY GYMNASIUM STAYRAKIOU" }, "geometry": { "type": "Point", "coordinates": [ 20.8213, 39.651846 ] } },
{ "type": "Feature", "properties": { "fid": 863, "mm_id": 1026699, "name": "Ιδιωτικό Γυμνάσιο - ΖΩΓΡΑΦΕΙΟ Ι.Κ.Ε.", "name_en": "Private GYMNASIUM - ZOGRAFEIO I.K.E." }, "geometry": { "type": "Point", "coordinates": [ 20.850838, 39.616403 ] } },
{ "type": "Feature", "properties": { "fid": 864, "mm_id": 1001045, "name": "ΙΔΙΩΤΙΚΟ ΓΥΜΝΑΣΙΟ ΙΩΑΝΝΙΝΑ - ΔΩΔΩΝΑΙΑ ΕΚΠΑΙΔΕΥΤΗΡΙΑ", "name_en": "PRIVATE GYMNASIUM IOANNINA - DODONAIA EKPAIDEYTIRIA" }, "geometry": { "type": "Point", "coordinates": [ 20.8213, 39.660291 ] } },
{ "type": "Feature", "properties": { "fid": 865, "mm_id": 1021310, "name": "ΙΔΙΩΤΙΚΟ ΓΥΜΝΑΣΙΟ-ΜΟΡΦΩΤΙΚΟΣ ΚΑΙ ΠΟΛΙΤΙΣΤΙΚΟΣ ΣΥΛΛΟΓΟΣ \" ΤΟ ΑΝΘΟΣ \"", "name_en": "PRIVATE GYMNASIUM-MORFOTIKOS KAI POLITISTIKOS SYLLOGOS \" TO ANTHOS \"" }, "geometry": { "type": "Point", "coordinates": [ 20.939173, 39.659045 ] } },
{ "type": "Feature", "properties": { "fid": 866, "mm_id": 1015323, "name": "ΜΟΥΣΙΚΟ ΣΧΟΛΕΙΟ ΙΩΑΝΝΙΝΩΝ - \"ΝΙΚΟΛΑΟΣ ΔΟΥΜΠΑΣ\"", "name_en": "MUSIC SCHOLEIO IOANNINON - \"NIKOLAOS DOUMPAS\"" }, "geometry": { "type": "Point", "coordinates": [ 20.837657, 39.683187 ] } },
{ "type": "Feature", "properties": { "fid": 867, "mm_id": 1015322, "name": "ΠΡΟΤΥΠΟ ΓΥΜΝΑΣΙΟ ΖΩΣΙΜΑΙΑΣ ΣΧΟΛΗΣ", "name_en": "MODEL GYMNASIUM ZOSIMAIAS SCHOLIS" }, "geometry": { "type": "Point", "coordinates": [ 20.846319, 39.654373 ] } },
{ "type": "Feature", "properties": { "fid": 868, "mm_id": 1018693, "name": "\"ΑΛΕΞΑΝΔΡΕΙΟ\" - 2ο ΗΜΕΡΗΣΙΟ ΓΥΜΝΑΣΙΟ ΒΕΡΟΙΑΣ", "name_en": "\"ALEXANDREIO\" - 2nd DAY GYMNASIUM VEROIAS" }, "geometry": { "type": "Point", "coordinates": [ 22.196351, 40.528612 ] } },
{ "type": "Feature", "properties": { "fid": 869, "mm_id": 1018920, "name": "1ο ΗΜΕΡΗΣΙΟ ΓΥΜΝΑΣΙΟ ΑΛΕΞΑΝΔΡΕΙΑ ΗΜΑΘΙΑΣ", "name_en": "1st DAY GYMNASIUM ALEXANDREIA IMATHIAS" }, "geometry": { "type": "Point", "coordinates": [ 22.441002, 40.632201 ] } },
{ "type": "Feature", "properties": { "fid": 870, "mm_id": 1015103, "name": "1ο ΗΜΕΡΗΣΙΟ ΓΥΜΝΑΣΙΟ ΒΕΡΟΙΑΣ - ΦΙΛΙΠΠΕΙΟ", "name_en": "1st DAY GYMNASIUM VEROIAS - FILIPPEIO" }, "geometry": { "type": "Point", "coordinates": [ 22.195036, 40.509492 ] } },
{ "type": "Feature", "properties": { "fid": 871, "mm_id": 1015116, "name": "1ο ΗΜΕΡΗΣΙΟ ΓΥΜΝΑΣΙΟ ΝΑΟΥΣΑΣ - ΛΑΠΠΕΙΟΝ", "name_en": "1st DAY GYMNASIUM NAOUSAS - LAPPEION" }, "geometry": { "type": "Point", "coordinates": [ 22.068663, 40.632841 ] } },
{ "type": "Feature", "properties": { "fid": 872, "mm_id": 1015111, "name": "2ο ΗΜΕΡΗΣΙΟ ΓΥΜΝΑΣΙΟ ΑΛΕΞΑΝΔΡΕΙΑΣ ΗΜΑΘΙΑΣ", "name_en": "2nd DAY GYMNASIUM ALEXANDREIAS IMATHIAS" }, "geometry": { "type": "Point", "coordinates": [ 22.444667, 40.622118 ] } },
{ "type": "Feature", "properties": { "fid": 873, "mm_id": 1015117, "name": "2ο ΗΜΕΡΗΣΙΟ ΓΥΜΝΑΣΙΟ ΝΑΟΥΣΑΣ", "name_en": "2nd DAY GYMNASIUM NAOUSAS" }, "geometry": { "type": "Point", "coordinates": [ 22.067893, 40.637378 ] } },
{ "type": "Feature", "properties": { "fid": 874, "mm_id": 1018197, "name": "3ο ΗΜΕΡΗΣΙΟ ΓΥΜΝΑΣΙΟ ΒΕΡΟΙΑΣ", "name_en": "3rd DAY GYMNASIUM VEROIAS" }, "geometry": { "type": "Point", "coordinates": [ 22.207558, 40.520985 ] } },
{ "type": "Feature", "properties": { "fid": 875, "mm_id": 1015118, "name": "3ο ΗΜΕΡΗΣΙΟ ΓΥΜΝΑΣΙΟ ΝΑΟΥΣΑΣ - \"Φιλώτας Κόκκινος\"", "name_en": "3rd DAY GYMNASIUM NAOUSAS - \"Filotas Kokkinos\"" }, "geometry": { "type": "Point", "coordinates": [ 22.057553, 40.625684 ] } },
{ "type": "Feature", "properties": { "fid": 876, "mm_id": 1015104, "name": "4ο ΗΜΕΡΗΣΙΟ ΓΥΜΝΑΣΙΟ ΒΕΡΟΙΑΣ", "name_en": "4th DAY GYMNASIUM VEROIAS" }, "geometry": { "type": "Point", "coordinates": [ 22.210399, 40.522171 ] } },
{ "type": "Feature", "properties": { "fid": 877, "mm_id": 1015105, "name": "5ο ΗΜΕΡΗΣΙΟ ΓΥΜΝΑΣΙΟ ΒΕΡΟΙΑΣ", "name_en": "5th DAY GYMNASIUM VEROIAS" }, "geometry": { "type": "Point", "coordinates": [ 22.215591, 40.509134 ] } },
{ "type": "Feature", "properties": { "fid": 878, "mm_id": 1015106, "name": "6ο ΗΜΕΡΗΣΙΟ ΓΥΜΝΑΣΙΟ ΒΕΡΟΙΑΣ", "name_en": "6th DAY GYMNASIUM VEROIAS" }, "geometry": { "type": "Point", "coordinates": [ 22.197162, 40.541478 ] } },
{ "type": "Feature", "properties": { "fid": 879, "mm_id": 1015121, "name": "ΓΥΜΝΑΣΙΟ ΒΕΡΓΙΝΑΣ \"ΜΑΝΟΛΗΣ ΑΝΔΡΟΝΙΚΟΣ\"", "name_en": "GYMNASIUM VERGINAS \"MANOLIS ANDRONIKOS\"" }, "geometry": { "type": "Point", "coordinates": [ 22.311029, 40.487886 ] } },
{ "type": "Feature", "properties": { "fid": 880, "mm_id": 1015124, "name": "Γυμνάσιο Κοπανού-<< Αθανάσιος Παπαδόπουλος>>", "name_en": "GYMNASIUM Kopanoy-<< Athanasios Papadopoylos>>" }, "geometry": { "type": "Point", "coordinates": [ 22.124578, 40.6348 ] } },
{ "type": "Feature", "properties": { "fid": 881, "mm_id": 1015123, "name": "ΓΥΜΝΑΣΙΟ ΜΕ ΛΥΚΕΙΑΚΕΣ ΤΑΞΕΙΣ ΡΙΖΩΜΑΤΩΝ ΗΜΑΘΙΑΣ", "name_en": "GYMNASIUM WITH L.C. RIZOMATON IMATHIAS" }, "geometry": { "type": "Point", "coordinates": [ 22.208946, 40.351994 ] } },
{ "type": "Feature", "properties": { "fid": 882, "mm_id": 1025100, "name": "ΕΝΙΑΙΟ ΕΙΔΙΚΟ ΕΠΑΓΓΕΛΜΑΤΙΚΟ ΓΥΜΝΑΣΙΟ - ΛΥΚΕΙΟ ΒΕΡΟΙΑΣ", "name_en": "UNIFIED SPECIAL VOCATIONAL GYMNASIUM - LYCEUM VEROIAS" }, "geometry": { "type": "Point", "coordinates": [ 22.199169, 40.543203 ] } },
{ "type": "Feature", "properties": { "fid": 883, "mm_id": 1015108, "name": "ΕΣΠΕΡΙΝΟ ΓΥΜΝΑΣΙΟ ΒΕΡΟΙΑΣ", "name_en": "EVENING GYMNASIUM VEROIAS" }, "geometry": { "type": "Point", "coordinates": [ 22.210399, 40.522171 ] } },
{ "type": "Feature", "properties": { "fid": 884, "mm_id": 1015122, "name": "ΗΜΕΡΗΣΙΟ ΓΥΜΝΑΣΙΟ ΕΙΡΗΝΟΥΠΟΛΗΣ - ΛΥΚΕΙΑΚΕΣ ΤΑΞΕΙΣ", "name_en": "DAY GYMNASIUM EIRINOUPOLIS - L.C." }, "geometry": { "type": "Point", "coordinates": [ 22.200846, 40.671753 ] } },
{ "type": "Feature", "properties": { "fid": 885, "mm_id": 1015126, "name": "ΗΜΕΡΗΣΙΟ ΓΥΜΝΑΣΙΟ ΕΠΙΣΚΟΠΗΣ", "name_en": "DAY GYMNASIUM EPISKOPIS" }, "geometry": { "type": "Point", "coordinates": [ 22.138802, 40.690613 ] } },
{ "type": "Feature", "properties": { "fid": 886, "mm_id": 1015125, "name": "ΗΜΕΡΗΣΙΟ ΓΥΜΝΑΣΙΟ ΚΑΒΑΣΙΛΩΝ ΗΜΑΘΙΑΣ", "name_en": "DAY GYMNASIUM KAVASILON IMATHIAS" }, "geometry": { "type": "Point", "coordinates": [ 22.329215, 40.591765 ] } },
{ "type": "Feature", "properties": { "fid": 887, "mm_id": 1018921, "name": "ΗΜΕΡΗΣΙΟ ΓΥΜΝΑΣΙΟ ΜΑΚΡΟΧΩΡΙΟΥ - ΣΧΟΛΕΙΟ ΤΗΣ ΕΛΕΥΘΕΡΙΑΣ", "name_en": "DAY GYMNASIUM MAKROCHORIOU - SCHOLEIO TIS ELEYTHERIAS" }, "geometry": { "type": "Point", "coordinates": [ 22.24946, 40.552488 ] } },
{ "type": "Feature", "properties": { "fid": 888, "mm_id": 1015120, "name": "ΗΜΕΡΗΣΙΟ ΓΥΜΝΑΣΙΟ ΜΕΛΙΚΗΣ ΗΜΑΘΙΑΣ", "name_en": "DAY GYMNASIUM MELIKIS IMATHIAS" }, "geometry": { "type": "Point", "coordinates": [ 22.400405, 40.52224 ] } },
{ "type": "Feature", "properties": { "fid": 889, "mm_id": 1015112, "name": "ΗΜΕΡΗΣΙΟ ΓΥΜΝΑΣΙΟ ΠΛΑΤΕΟΣ ΜΕ ΕΔΡΑ ΤΟ ΠΛΑΤΥ", "name_en": "DAY GYMNASIUM PLATEOS WITH EDRA TO PLATY" }, "geometry": { "type": "Point", "coordinates": [ 22.5299, 40.642054 ] } },
{ "type": "Feature", "properties": { "fid": 890, "mm_id": 1015113, "name": "ΗΜΕΡΗΣΙΟ ΓΥΜΝΑΣΙΟ ΤΡΙΚΑΛΩΝ ΗΜΑΘΙΑΣ", "name_en": "DAY GYMNASIUM TRIKALON IMATHIAS" }, "geometry": { "type": "Point", "coordinates": [ 22.558544, 40.594512 ] } },
{ "type": "Feature", "properties": { "fid": 891, "mm_id": 1027273, "name": "ΚΑΛΛΙΤΕΧΝΙΚΟ ΓΥΜΝΑΣΙΟ ΝΑΟΥΣΑΣ", "name_en": "ART GYMNASIUM NAOUSAS" }, "geometry": { "type": "Point", "coordinates": [ 22.06778, 40.637357 ] } },
{ "type": "Feature", "properties": { "fid": 892, "mm_id": 1015109, "name": "ΜΟΥΣΙΚΟ ΣΧΟΛΕΙΟ ΒΕΡΟΙΑΣ", "name_en": "MUSIC SCHOLEIO VEROIAS" }, "geometry": { "type": "Point", "coordinates": [ 22.238867, 40.496121 ] } },
{ "type": "Feature", "properties": { "fid": 893, "mm_id": 1015535, "name": "1ο ΗΜΕΡΗΣΙΟ ΓΥΜΝΑΣΙΟ ΚΕΡΚΥΡΑΣ", "name_en": "1st DAY GYMNASIUM KERKYRAS" }, "geometry": { "type": "Point", "coordinates": [ 19.920104, 39.620636 ] } },
{ "type": "Feature", "properties": { "fid": 894, "mm_id": 1015536, "name": "2ο ΗΜΕΡΗΣΙΟ ΓΥΜΝΑΣΙΟ ΚΕΡΚΥΡΑΣ", "name_en": "2nd DAY GYMNASIUM KERKYRAS" }, "geometry": { "type": "Point", "coordinates": [ 19.921992, 39.621543 ] } },
{ "type": "Feature", "properties": { "fid": 895, "mm_id": 1015537, "name": "3ο ΗΜΕΡΗΣΙΟ ΓΥΜΝΑΣΙΟ ΚΕΡΚΥΡΑΣ", "name_en": "3rd DAY GYMNASIUM KERKYRAS" }, "geometry": { "type": "Point", "coordinates": [ 19.916438, 39.617062 ] } },
{ "type": "Feature", "properties": { "fid": 896, "mm_id": 1015538, "name": "4ο ΗΜΕΡΗΣΙΟ ΓΥΜΝΑΣΙΟ ΚΕΡΚΥΡΑΣ", "name_en": "4th DAY GYMNASIUM KERKYRAS" }, "geometry": { "type": "Point", "coordinates": [ 19.916502, 39.617013 ] } },
{ "type": "Feature", "properties": { "fid": 897, "mm_id": 1015539, "name": "5ο ΗΜΕΡΗΣΙΟ ΓΥΜΝΑΣΙΟ ΚΕΡΚΥΡΑΣ", "name_en": "5th DAY GYMNASIUM KERKYRAS" }, "geometry": { "type": "Point", "coordinates": [ 19.920668, 39.620404 ] } },
{ "type": "Feature", "properties": { "fid": 898, "mm_id": 1015543, "name": "6ο ΗΜΕΡΗΣΙΟ ΓΥΜΝΑΣΙΟ ΚΕΡΚΥΡΑΣ", "name_en": "6th DAY GYMNASIUM KERKYRAS" }, "geometry": { "type": "Point", "coordinates": [ 19.914012, 39.626594 ] } },
{ "type": "Feature", "properties": { "fid": 899, "mm_id": 1015540, "name": "7ο ΗΜΕΡΗΣΙΟ ΓΥΜΝΑΣΙΟ ΚΕΡΚΥΡΑΣ", "name_en": "7th DAY GYMNASIUM KERKYRAS" }, "geometry": { "type": "Point", "coordinates": [ 19.920051, 39.607477 ] } },
{ "type": "Feature", "properties": { "fid": 900, "mm_id": 1015546, "name": "ΓΥΜΝΑΣΙΟ ΑΓΙΟΥ ΙΩΑΝΝΗ", "name_en": "GYMNASIUM AGIOU IOANNI" }, "geometry": { "type": "Point", "coordinates": [ 19.836696, 39.614901 ] } },
{ "type": "Feature", "properties": { "fid": 901, "mm_id": 1015552, "name": "ΓΥΜΝΑΣΙΟ ΑΜΦΙΠΑΓΙΤΩΝ  «ΑΝΔΡΕΑΣ ΚΑΛΒΟΣ»", "name_en": "GYMNASIUM AMFIPAGITON  «ANDREAS KALVOS»" }, "geometry": { "type": "Point", "coordinates": [ 19.672825, 39.788527 ] } },
{ "type": "Feature", "properties": { "fid": 902, "mm_id": 1015550, "name": "ΓΥΜΝΑΣΙΟ ΚΑΙ ΛΥΚΕΙΑΚΕΣ ΤΑΞΕΙΣ ΑΡΓΥΡΑΔΩΝ ΚΕΡΚΥΡΑΣ", "name_en": "GYMNASIUM KAI L.C. ARGYRADON KERKYRAS" }, "geometry": { "type": "Point", "coordinates": [ 19.966084, 39.438222 ] } },
{ "type": "Feature", "properties": { "fid": 903, "mm_id": 1015551, "name": "ΓΥΜΝΑΣΙΟ ΚΑΡΟΥΣΑΔΩΝ", "name_en": "GYMNASIUM KAROUSADON" }, "geometry": { "type": "Point", "coordinates": [ 19.744889, 39.781 ] } },
{ "type": "Feature", "properties": { "fid": 904, "mm_id": 1015545, "name": "ΓΥΜΝΑΣΙΟ ΦΑΙΑΚΩΝ ΚΕΡΚΥΡΑΣ", "name_en": "GYMNASIUM FAIAKON KERKYRAS" }, "geometry": { "type": "Point", "coordinates": [ 19.837669, 39.692098 ] } },
{ "type": "Feature", "properties": { "fid": 905, "mm_id": 1027284, "name": "ΕΝΙΑΙΟ ΕΙΔΙΚΟ ΕΠΑΓΓΕΛΜΑΤΙΚΟ ΓΥΜΝΑΣΙΟ (ΕΝ.Ε.Ε.ΓΥ.-Λ.) ΒΟΡΕΙΑΣ ΚΕΡΚΥΡΑΣ", "name_en": "UNIFIED SPECIAL VOCATIONAL GYMNASIUM (EN.E.E.GY.-L.) VOREIAS KERKYRAS" }, "geometry": { "type": "Point", "coordinates": [ 19.744853, 39.780928 ] } },
{ "type": "Feature", "properties": { "fid": 906, "mm_id": 1015558, "name": "ΕΝΙΑΙΟ ΕΙΔΙΚΟ ΕΠΑΓΓΕΛΜΑΤΙΚΟ ΓΥΜΝΑΣΙΟ-ΛΥΚΕΙΟ ΚΕΡΚΥΡΑΣ", "name_en": "UNIFIED SPECIAL VOCATIONAL GYMNASIUM-LYCEUM KERKYRAS" }, "geometry": { "type": "Point", "coordinates": [ 19.893674, 39.627357 ] } },
{ "type": "Feature", "properties": { "fid": 907, "mm_id": 1015541, "name": "ΕΣΠΕΡΙΝΟ ΓΥΜΝΑΣΙΟ ΚΕΡΚΥΡΑΣ", "name_en": "EVENING GYMNASIUM KERKYRAS" }, "geometry": { "type": "Point", "coordinates": [ 19.914512, 39.622174 ] } },
{ "type": "Feature", "properties": { "fid": 908, "mm_id": 1015549, "name": "ΗΜΕΡΗΣΙΟ ΓΥΜΝΑΣΙΟ ΑΓΡΟΥ", "name_en": "DAY GYMNASIUM AGROU" }, "geometry": { "type": "Point", "coordinates": [ 19.725353, 39.718752 ] } },
{ "type": "Feature", "properties": { "fid": 909, "mm_id": 1015557, "name": "ΗΜΕΡΗΣΙΟ ΓΥΜΝΑΣΙΟ ΘΙΝΑΛΙΟΥ ΚΕΡΚΥΡΑΣ - ΓΥΜΝΑΣΙΟ ΘΙΝΑΛΙΟΥ", "name_en": "DAY GYMNASIUM THINALIOU KERKYRAS - GYMNASIUM THINALIOU" }, "geometry": { "type": "Point", "coordinates": [ 19.821367, 39.79304 ] } },
{ "type": "Feature", "properties": { "fid": 910, "mm_id": 1015553, "name": "ΗΜΕΡΗΣΙΟ ΓΥΜΝΑΣΙΟ ΚΑΣΤΕΛΛΑΝΩΝ ΜΕΣΗΣ ΚΕΡΚΥΡΑΣ", "name_en": "DAY GYMNASIUM KASTELLANON MESIS KERKYRAS" }, "geometry": { "type": "Point", "coordinates": [ 19.866873, 39.563277 ] } },
{ "type": "Feature", "properties": { "fid": 911, "mm_id": 1015544, "name": "ΗΜΕΡΗΣΙΟ ΓΥΜΝΑΣΙΟ ΛΕΥΚΙΜΜΗΣ ΚΕΡΚΥΡΑΣ", "name_en": "DAY GYMNASIUM LEYKIMMIS KERKYRAS" }, "geometry": { "type": "Point", "coordinates": [ 20.071203, 39.422811 ] } },
{ "type": "Feature", "properties": { "fid": 912, "mm_id": 1015555, "name": "ΗΜΕΡΗΣΙΟ ΓΥΜΝΑΣΙΟ ΛΙΑΠΑΔΩΝ ΚΕΡΚΥΡΑΣ", "name_en": "DAY GYMNASIUM LIAPADON KERKYRAS" }, "geometry": { "type": "Point", "coordinates": [ 19.737968, 39.673763 ] } },
{ "type": "Feature", "properties": { "fid": 913, "mm_id": 1015556, "name": "ΗΜΕΡΗΣΙΟ ΓΥΜΝΑΣΙΟ με Λ.Τ. ΚΑΣΣΙΟΠΗΣ ΚΕΡΚΥΡΑΣ", "name_en": "DAY GYMNASIUM with L.C. KASSIOPIS KERKYRAS" }, "geometry": { "type": "Point", "coordinates": [ 19.908492, 39.78962 ] } },
{ "type": "Feature", "properties": { "fid": 914, "mm_id": 1015548, "name": "ΗΜΕΡΗΣΙΟ ΓΥΜΝΑΣΙΟ ΠΑΞΩΝ", "name_en": "DAY GYMNASIUM PAXON" }, "geometry": { "type": "Point", "coordinates": [ 20.167846, 39.198909 ] } },
{ "type": "Feature", "properties": { "fid": 915, "mm_id": 1015554, "name": "ΗΜΕΡΗΣΙΟ ΓΥΜΝΑΣΙΟ ΣΚΡΙΠΕΡΟΥ ΚΕΡΚΥΡΑΣ ΜΕ ΛΥΚΕΙΑΚΕΣ ΤΑΞΕΙΣ", "name_en": "DAY GYMNASIUM SKRIPEROU KERKYRAS WITH L.C." }, "geometry": { "type": "Point", "coordinates": [ 19.771543, 39.700108 ] } },
{ "type": "Feature", "properties": { "fid": 916, "mm_id": 1015542, "name": "ΜΟΥΣΙΚΟ ΓΥΜΝΑΣΙΟ ΚΕΡΚΥΡΑΣ", "name_en": "MUSIC GYMNASIUM KERKYRAS" }, "geometry": { "type": "Point", "coordinates": [ 19.841147, 39.662704 ] } },
{ "type": "Feature", "properties": { "fid": 917, "mm_id": 1018033, "name": "1ο ΗΜΕΡΗΣΙΟ ΓΥΜΝΑΣΙΟ ΚΑΒΑΛΑΣ", "name_en": "1st DAY GYMNASIUM KAVALAS" }, "geometry": { "type": "Point", "coordinates": [ 24.416238, 40.938258 ] } },
{ "type": "Feature", "properties": { "fid": 918, "mm_id": 1015412, "name": "1ο ΗΜΕΡΗΣΙΟ ΓΥΜΝΑΣΙΟ ΧΡΥΣΟΥΠΟΛΗΣ ΚΑΒΑΛΑΣ", "name_en": "1st DAY GYMNASIUM CHRYSOUPOLIS KAVALAS" }, "geometry": { "type": "Point", "coordinates": [ 24.704868, 40.987682 ] } },
{ "type": "Feature", "properties": { "fid": 919, "mm_id": 1024645, "name": "2ο ΓΥΜΝΑΣΙΟ ΧΡΥΣΟΥΠΟΛΗΣ", "name_en": "2nd GYMNASIUM CHRYSOUPOLIS" }, "geometry": { "type": "Point", "coordinates": [ 24.701251, 40.978927 ] } },
{ "type": "Feature", "properties": { "fid": 920, "mm_id": 1015402, "name": "2ο ΗΜΕΡΗΣΙΟ ΓΥΜΝΑΣΙΟ ΚΑΒΑΛΑΣ", "name_en": "2nd DAY GYMNASIUM KAVALAS" }, "geometry": { "type": "Point", "coordinates": [ 24.394795, 40.936748 ] } },
{ "type": "Feature", "properties": { "fid": 921, "mm_id": 1015403, "name": "3ο ΗΜΕΡΗΣΙΟ ΓΥΜΝΑΣΙΟ ΚΑΒΑΛΑΣ", "name_en": "3rd DAY GYMNASIUM KAVALAS" }, "geometry": { "type": "Point", "coordinates": [ 24.402156, 40.938144 ] } },
{ "type": "Feature", "properties": { "fid": 922, "mm_id": 1015404, "name": "4ο ΗΜΕΡΗΣΙΟ ΓΥΜΝΑΣΙΟ ΚΑΒΑΛΑΣ - ΖΟΥΜΠΟΥΛΑΚΕΙΟ", "name_en": "4th DAY GYMNASIUM KAVALAS - ZOUMPOULAKEIO" }, "geometry": { "type": "Point", "coordinates": [ 24.417075, 40.939646 ] } },
{ "type": "Feature", "properties": { "fid": 923, "mm_id": 1015405, "name": "5ο ΗΜΕΡΗΣΙΟ ΓΥΜΝΑΣΙΟ ΚΑΒΑΛΑΣ", "name_en": "5th DAY GYMNASIUM KAVALAS" }, "geometry": { "type": "Point", "coordinates": [ 24.413307, 40.934913 ] } },
{ "type": "Feature", "properties": { "fid": 924, "mm_id": 1015406, "name": "6ο ΗΜΕΡΗΣΙΟ ΓΥΜΝΑΣΙΟ ΚΑΒΑΛΑΣ", "name_en": "6th DAY GYMNASIUM KAVALAS" }, "geometry": { "type": "Point", "coordinates": [ 24.412866, 40.937607 ] } },
{ "type": "Feature", "properties": { "fid": 925, "mm_id": 1015407, "name": "7ο ΗΜΕΡΗΣΙΟ ΓΥΜΝΑΣΙΟ ΚΑΒΑΛΑΣ", "name_en": "7th DAY GYMNASIUM KAVALAS" }, "geometry": { "type": "Point", "coordinates": [ 24.38856, 40.938496 ] } },
{ "type": "Feature", "properties": { "fid": 926, "mm_id": 1025270, "name": "Ενιαίο Ειδικό Επαγγελματικό Γυμνάσιο- Λύκειο ΚΑΒΑΛΑΣ", "name_en": "Unified Special Vocational GYMNASIUM- LYCEUM KAVALAS" }, "geometry": { "type": "Point", "coordinates": [ 24.417627, 40.939705 ] } },
{ "type": "Feature", "properties": { "fid": 927, "mm_id": 1018222, "name": "ΕΣΠΕΡΙΝΟ ΓΥΜΝΑΣΙΟ ΚΑΒΑΛΑΣ", "name_en": "EVENING GYMNASIUM KAVALAS" }, "geometry": { "type": "Point", "coordinates": [ 24.424345, 40.944205 ] } },
{ "type": "Feature", "properties": { "fid": 928, "mm_id": 1015424, "name": "ΗΜΕΡΗΣΙΟ ΓΥΜΝΑΣΙΟ ΑΜΥΓΔΑΛΕΩΝΑ ΚΑΒΑΛΑΣ", "name_en": "DAY GYMNASIUM AMYGDALEONA KAVALAS" }, "geometry": { "type": "Point", "coordinates": [ 24.358605, 40.962636 ] } },
{ "type": "Feature", "properties": { "fid": 929, "mm_id": 1015410, "name": "ΗΜΕΡΗΣΙΟ ΓΥΜΝΑΣΙΟ ΕΛΕΥΘΕΡΟΥΠΟΛΗΣ ΚΑΒΑΛΑΣ", "name_en": "DAY GYMNASIUM ELEYTHEROUPOLIS KAVALAS" }, "geometry": { "type": "Point", "coordinates": [ 24.257928, 40.920525 ] } },
{ "type": "Feature", "properties": { "fid": 930, "mm_id": 1015422, "name": "ΗΜΕΡΗΣΙΟ ΓΥΜΝΑΣΙΟ ΚΕΡΑΜΩΤΗΣ ΚΑΒΑΛΑΣ", "name_en": "DAY GYMNASIUM KERAMOTIS KAVALAS" }, "geometry": { "type": "Point", "coordinates": [ 24.708881, 40.857667 ] } },
{ "type": "Feature", "properties": { "fid": 931, "mm_id": 1015420, "name": "ΗΜΕΡΗΣΙΟ ΓΥΜΝΑΣΙΟ ΚΡΗΝΙΔΩΝ ΚΑΒΑΛΑΣ", "name_en": "DAY GYMNASIUM KRINIDON KAVALAS" }, "geometry": { "type": "Point", "coordinates": [ 24.295309, 41.012657 ] } },
{ "type": "Feature", "properties": { "fid": 932, "mm_id": 1015415, "name": "ΗΜΕΡΗΣΙΟ ΓΥΜΝΑΣΙΟ ΝΕΑΣ ΚΑΡΒΑΛΗΣ", "name_en": "DAY GYMNASIUM NEAS KARVALIS" }, "geometry": { "type": "Point", "coordinates": [ 24.513004, 40.964448 ] } },
{ "type": "Feature", "properties": { "fid": 933, "mm_id": 1015423, "name": "ΗΜΕΡΗΣΙΟ ΓΥΜΝΑΣΙΟ ΝΕΑΣ ΠΕΡΑΜΟΥ ΚΑΒΑΛΑΣ", "name_en": "DAY GYMNASIUM NEAS PERAMOU KAVALAS" }, "geometry": { "type": "Point", "coordinates": [ 24.297714, 40.839012 ] } },
{ "type": "Feature", "properties": { "fid": 934, "mm_id": 1015419, "name": "ΗΜΕΡΗΣΙΟ ΓΥΜΝΑΣΙΟ ΝΙΚΗΣΙΑΝΗΣ", "name_en": "DAY GYMNASIUM NIKISIANIS" }, "geometry": { "type": "Point", "coordinates": [ 24.143552, 40.952854 ] } },
{ "type": "Feature", "properties": { "fid": 935, "mm_id": 1015418, "name": "ΗΜΕΡΗΣΙΟ ΓΥΜΝΑΣΙΟ ΠΟΔΟΧΩΡΙΟΥ ΚΑΒΑΛΑΣ", "name_en": "DAY GYMNASIUM PODOCHORIOU KAVALAS" }, "geometry": { "type": "Point", "coordinates": [ 24.024641, 40.83038 ] } },
{ "type": "Feature", "properties": { "fid": 936, "mm_id": 1015408, "name": "ΜΟΥΣΙΚΟ ΓΥΜΝΑΣΙΟ ΚΑΒΑΛΑΣ ΜΕ ΛΥΚΕΙΑΚΕΣ ΤΑΞΕΙΣ", "name_en": "MUSIC GYMNASIUM KAVALAS WITH L.C." }, "geometry": { "type": "Point", "coordinates": [ 24.39804, 40.93521 ] } },
{ "type": "Feature", "properties": { "fid": 937, "mm_id": 1016065, "name": "1ο ΗΜΕΡΗΣΙΟ ΓΥΜΝΑΣΙΟ ΑΡΙΔΑΙΑΣ", "name_en": "1st DAY GYMNASIUM ARIDAIAS" }, "geometry": { "type": "Point", "coordinates": [ 22.063227, 40.97024 ] } },
{ "type": "Feature", "properties": { "fid": 938, "mm_id": 1016067, "name": "1ο ΗΜΕΡΗΣΙΟ ΓΥΜΝΑΣΙΟ ΓΙΑΝΝΙΤΣΩΝ", "name_en": "1st DAY GYMNASIUM GIANNITSON" }, "geometry": { "type": "Point", "coordinates": [ 22.416318, 40.791226 ] } },
{ "type": "Feature", "properties": { "fid": 939, "mm_id": 1018236, "name": "1ο ΗΜΕΡΗΣΙΟ ΓΥΜΝΑΣΙΟ ΕΔΕΣΣΑΣ", "name_en": "1st DAY GYMNASIUM EDESSAS" }, "geometry": { "type": "Point", "coordinates": [ 22.04136, 40.797251 ] } },
{ "type": "Feature", "properties": { "fid": 940, "mm_id": 1016079, "name": "1ο ΗΜΕΡΗΣΙΟ ΓΥΜΝΑΣΙΟ ΚΡΥΑΣ ΒΡΥΣΗΣ \"ΤΕΛΛΟΣ ΑΓΑΠΗΝΟΣ\"", "name_en": "1st DAY GYMNASIUM KRYAS VRYSIS \"TELLOS AGAPINOS\"" }, "geometry": { "type": "Point", "coordinates": [ 22.301883, 40.692176 ] } },
{ "type": "Feature", "properties": { "fid": 941, "mm_id": 1018237, "name": "2ο ΗΜΕΡΗΣΙΟ ΓΥΜΝΑΣΙΟ ΑΡΙΔΑΙΑΣ", "name_en": "2nd DAY GYMNASIUM ARIDAIAS" }, "geometry": { "type": "Point", "coordinates": [ 22.063923, 40.974826 ] } },
{ "type": "Feature", "properties": { "fid": 942, "mm_id": 1016069, "name": "2ο ΗΜΕΡΗΣΙΟ ΓΥΜΝΑΣΙΟ ΓΙΑΝΝΙΤΣΩΝ \"ΚΥΡΙΛΛΟΣ & ΜΕΘΟΔΙΟΣ\"", "name_en": "2nd DAY GYMNASIUM GIANNITSON \"KYRILLOS & METHODIOS\"" }, "geometry": { "type": "Point", "coordinates": [ 22.402302, 40.783222 ] } },
{ "type": "Feature", "properties": { "fid": 943, "mm_id": 1016062, "name": "2ο ΗΜΕΡΗΣΙΟ ΓΥΜΝΑΣΙΟ ΕΔΕΣΣΑΣ", "name_en": "2nd DAY GYMNASIUM EDESSAS" }, "geometry": { "type": "Point", "coordinates": [ 22.045968, 40.79536 ] } },
{ "type": "Feature", "properties": { "fid": 944, "mm_id": 1016080, "name": "2ο ΗΜΕΡΗΣΙΟ ΓΥΜΝΑΣΙΟ ΚΡΥΑΣ ΒΡΥΣΗΣ", "name_en": "2nd DAY GYMNASIUM KRYAS VRYSIS" }, "geometry": { "type": "Point", "coordinates": [ 22.31487, 40.690327 ] } },
{ "type": "Feature", "properties": { "fid": 945, "mm_id": 1016070, "name": "3ο ΗΜΕΡΗΣΙΟ ΓΥΜΝΑΣΙΟ ΓΙΑΝΝΙΤΣΩΝ", "name_en": "3rd DAY GYMNASIUM GIANNITSON" }, "geometry": { "type": "Point", "coordinates": [ 22.405897, 40.796893 ] } },
{ "type": "Feature", "properties": { "fid": 946, "mm_id": 1016063, "name": "3ο ΗΜΕΡΗΣΙΟ ΓΥΜΝΑΣΙΟ ΕΔΕΣΣΑΣ", "name_en": "3rd DAY GYMNASIUM EDESSAS" }, "geometry": { "type": "Point", "coordinates": [ 22.042309, 40.806024 ] } },
{ "type": "Feature", "properties": { "fid": 947, "mm_id": 1016071, "name": "4ο ΗΜΕΡΗΣΙΟ ΓΥΜΝΑΣΙΟ ΓΙΑΝΝΙΤΣΩΝ \"Ο ΑΡΙΣΤΟΤΕΛΗΣ\"", "name_en": "4th DAY GYMNASIUM GIANNITSON \"O ARISTOTELIS\"" }, "geometry": { "type": "Point", "coordinates": [ 22.423942, 40.798354 ] } },
{ "type": "Feature", "properties": { "fid": 948, "mm_id": 1025277, "name": "ΕΝΕΕΓΥΛ ΣΚΥΔΡΑΣ", "name_en": "ENEEGYL SKYDRAS" }, "geometry": { "type": "Point", "coordinates": [ 22.207239, 40.83266 ] } },
{ "type": "Feature", "properties": { "fid": 949, "mm_id": 1016082, "name": "ΗΜΕΡΗΣΙΟ ΓΥΜΝΑΣΙΟ ΑΡΑΒΗΣΣΟΥ", "name_en": "DAY GYMNASIUM ARAVISSOU" }, "geometry": { "type": "Point", "coordinates": [ 22.30497, 40.845371 ] } },
{ "type": "Feature", "properties": { "fid": 950, "mm_id": 1016074, "name": "ΗΜΕΡΗΣΙΟ ΓΥΜΝΑΣΙΟ ΕΞΑΠΛΑΤΑΝΟΥ", "name_en": "DAY GYMNASIUM EXAPLATANOU" }, "geometry": { "type": "Point", "coordinates": [ 22.13478, 40.975322 ] } },
{ "type": "Feature", "properties": { "fid": 951, "mm_id": 1016089, "name": "ΗΜΕΡΗΣΙΟ ΓΥΜΝΑΣΙΟ ΚΑΛΗΣ", "name_en": "DAY GYMNASIUM KALIS" }, "geometry": { "type": "Point", "coordinates": [ 22.180388, 40.823549 ] } },
{ "type": "Feature", "properties": { "fid": 952, "mm_id": 1016088, "name": "ΗΜΕΡΗΣΙΟ ΓΥΜΝΑΣΙΟ ΚΑΡΥΩΤΙΣΣΑΣ", "name_en": "DAY GYMNASIUM KARYOTISSAS" }, "geometry": { "type": "Point", "coordinates": [ 22.323186, 40.771765 ] } },
{ "type": "Feature", "properties": { "fid": 953, "mm_id": 1016083, "name": "ΗΜΕΡΗΣΙΟ ΓΥΜΝΑΣΙΟ Λ.Τ. ΑΡΝΙΣΣΑΣ \"ΟΙΚΟΥΜΕΝΙΚΟΣ ΠΑΤΡΙΑΡΧΗΣ ΧΡΥΣΑΝΘΟΣ\"", "name_en": "DAY GYMNASIUM L.C. ARNISSAS \"OIKOUMENIKOS PATRIARCHIS CHRYSANTHOS\"" }, "geometry": { "type": "Point", "coordinates": [ 21.835567, 40.796516 ] } },
{ "type": "Feature", "properties": { "fid": 954, "mm_id": 1016073, "name": "ΗΜΕΡΗΣΙΟ ΓΥΜΝΑΣΙΟ ΝΕΟΥ ΜΥΛΟΤΟΠΟΥ", "name_en": "DAY GYMNASIUM NEOU MYLOTOPOU" }, "geometry": { "type": "Point", "coordinates": [ 22.349344, 40.816392 ] } },
{ "type": "Feature", "properties": { "fid": 955, "mm_id": 1016087, "name": "ΗΜΕΡΗΣΙΟ ΓΥΜΝΑΣΙΟ ΠΕΛΛΑΣ \"ΜΕΓΑΣ ΑΛΕΞΑΝΔΡΟΣ\"", "name_en": "DAY GYMNASIUM PELLAS \"MEGAS ALEXANDROS\"" }, "geometry": { "type": "Point", "coordinates": [ 22.520957, 40.756388 ] } },
{ "type": "Feature", "properties": { "fid": 956, "mm_id": 1016078, "name": "ΗΜΕΡΗΣΙΟ ΓΥΜΝΑΣΙΟ ΠΕΤΡΙΑΣ \"ΧΡΗΣΤΟΣ ΣΤΟΥΓΙΑΝΝΙΔΗΣ-ΛΙΛΗΣ\"", "name_en": "DAY GYMNASIUM PETRIAS \"CHRISTOS STOUGIANNIDIS-LILIS\"" }, "geometry": { "type": "Point", "coordinates": [ 22.136734, 40.721133 ] } },
{ "type": "Feature", "properties": { "fid": 957, "mm_id": 1016085, "name": "ΗΜΕΡΗΣΙΟ ΓΥΜΝΑΣΙΟ ΠΟΛΥΚΑΡΠΙΟΥ", "name_en": "DAY GYMNASIUM POLYKARPIOU" }, "geometry": { "type": "Point", "coordinates": [ 22.014024, 40.929989 ] } },
{ "type": "Feature", "properties": { "fid": 958, "mm_id": 1016086, "name": "ΗΜΕΡΗΣΙΟ ΓΥΜΝΑΣΙΟ ΠΡΟΜΑΧΩΝ", "name_en": "DAY GYMNASIUM PROMACHON" }, "geometry": { "type": "Point", "coordinates": [ 22.006808, 41.022393 ] } },
{ "type": "Feature", "properties": { "fid": 959, "mm_id": 1016076, "name": "ΗΜΕΡΗΣΙΟ ΓΥΜΝΑΣΙΟ ΣΚΥΔΡΑΣ", "name_en": "DAY GYMNASIUM SKYDRAS" }, "geometry": { "type": "Point", "coordinates": [ 22.152772, 40.767606 ] } },
{ "type": "Feature", "properties": { "fid": 960, "mm_id": 1016068, "name": "ΜΟΥΣΙΚΟ ΣΧΟΛΕΙΟ ΓΙΑΝΝΙΤΣΩΝ", "name_en": "MUSIC SCHOLEIO GIANNITSON" }, "geometry": { "type": "Point", "coordinates": [ 22.401853, 40.782868 ] } },
{ "type": "Feature", "properties": { "fid": 961, "mm_id": 1018042, "name": "2ο ΗΜΕΡΗΣΙΟ ΓΥΜΝΑΣΙΟ ΞΑΝΘΗΣ", "name_en": "2nd DAY GYMNASIUM XANTHIS" }, "geometry": { "type": "Point", "coordinates": [ 24.891723, 41.137027 ] } },
{ "type": "Feature", "properties": { "fid": 962, "mm_id": 1016029, "name": "3ο ΗΜΕΡΗΣΙΟ ΓΥΜΝΑΣΙΟ ΞΑΝΘΗΣ - ΜΕΛΠΩ ΜΕΡΛΙΕ", "name_en": "3rd DAY GYMNASIUM XANTHIS - MELPO MERLIE" }, "geometry": { "type": "Point", "coordinates": [ 24.891326, 41.137051 ] } },
{ "type": "Feature", "properties": { "fid": 963, "mm_id": 1016030, "name": "4ο ΗΜΕΡΗΣΙΟ ΓΥΜΝΑΣΙΟ ΞΑΝΘΗΣ", "name_en": "4th DAY GYMNASIUM XANTHIS" }, "geometry": { "type": "Point", "coordinates": [ 24.877659, 41.137888 ] } },
{ "type": "Feature", "properties": { "fid": 964, "mm_id": 1016031, "name": "5ο ΗΜΕΡΗΣΙΟ ΓΥΜΝΑΣΙΟ ΞΑΝΘΗΣ", "name_en": "5th DAY GYMNASIUM XANTHIS" }, "geometry": { "type": "Point", "coordinates": [ 24.876706, 41.124144 ] } },
{ "type": "Feature", "properties": { "fid": 965, "mm_id": 1016032, "name": "6ο ΗΜΕΡΗΣΙΟ ΓΥΜΝΑΣΙΟ ΞΑΝΘΗΣ - ΓΕΩΡΓΙΟΣ ΒΙΖΥΗΝΟΣ", "name_en": "6th DAY GYMNASIUM XANTHIS - GEORGIOS VIZYINOS" }, "geometry": { "type": "Point", "coordinates": [ 24.877659, 41.137903 ] } },
{ "type": "Feature", "properties": { "fid": 966, "mm_id": 1018043, "name": "7ο ΗΜΕΡΗΣΙΟ ΓΥΜΝΑΣΙΟ ΞΑΝΘΗΣ", "name_en": "7th DAY GYMNASIUM XANTHIS" }, "geometry": { "type": "Point", "coordinates": [ 24.893071, 41.130739 ] } },
{ "type": "Feature", "properties": { "fid": 967, "mm_id": 1016036, "name": "8ο ΗΜΕΡΗΣΙΟ ΓΥΜΝΑΣΙΟ ΞΑΝΘΗΣ", "name_en": "8th DAY GYMNASIUM XANTHIS" }, "geometry": { "type": "Point", "coordinates": [ 24.903286, 41.134238 ] } },
{ "type": "Feature", "properties": { "fid": 968, "mm_id": 1016047, "name": "ΓΥΜΝΑΣΙΟ ΓΕΝΙΣΕΑΣ ' ΙΩΑΝΝΗΣ ΜΑΝΤΟΥΛΙΔΗΣ'", "name_en": "GYMNASIUM GENISEAS ' IOANNIS MANTOULIDIS'" }, "geometry": { "type": "Point", "coordinates": [ 24.958191, 41.05874 ] } },
{ "type": "Feature", "properties": { "fid": 969, "mm_id": 1016048, "name": "ΓΥΜΝΑΣΙΟ ΤΟΞΟΤΩΝ ΞΑΝΘΗΣ", "name_en": "GYMNASIUM TOXOTON XANTHIS" }, "geometry": { "type": "Point", "coordinates": [ 24.78228, 41.084925 ] } },
{ "type": "Feature", "properties": { "fid": 970, "mm_id": 1016028, "name": "ΔΗΜΟΣΙΟ ΩΝΑΣΕΙΟ ΣΧΟΛΕΙΟ - ΗΜΕΡΗΣΙΟ ΓΥΜΝΑΣΙΟ ΞΑΝΘΗΣ                                                                         \n(δυνάμει της παρ 7. του άρθρου 7 του Παραρτήματος Α’ του ν.5174/2025)", "name_en": "DIMOSIO ONASEIO SCHOLEIO - DAY GYMNASIUM XANTHIS                                                                         \n(dynamei tis par 7. toy arthroy 7 toy Parartimatos A’ toy n.5174/2025)" }, "geometry": { "type": "Point", "coordinates": [ 24.884946, 41.133171 ] } },
{ "type": "Feature", "properties": { "fid": 971, "mm_id": 1025354, "name": "ΕΝΙΑΙΟ ΕΙΔΙΚΟ ΕΠΑΓΓΕΛΜΑΤΙΚΟ ΓΥΜΝΑΣΙΟ-ΛΥΚΕΙΟ ΞΑΝΘΗΣ", "name_en": "UNIFIED SPECIAL VOCATIONAL GYMNASIUM-LYCEUM XANTHIS" }, "geometry": { "type": "Point", "coordinates": [ 24.840813, 40.953374 ] } },
{ "type": "Feature", "properties": { "fid": 972, "mm_id": 1016033, "name": "ΕΣΠΕΡΙΝΟ ΓΥΜΝΑΣΙΟ ΞΑΝΘΗΣ", "name_en": "EVENING GYMNASIUM XANTHIS" }, "geometry": { "type": "Point", "coordinates": [ 24.893406, 41.133524 ] } },
{ "type": "Feature", "properties": { "fid": 973, "mm_id": 1016039, "name": "ΗΜΕΡΗΣΙΟ ΓΥΜΝΑΣΙΟ ΑΒΔΗΡΩΝ ΞΑΝΘΗΣ", "name_en": "DAY GYMNASIUM AVDIRON XANTHIS" }, "geometry": { "type": "Point", "coordinates": [ 24.951975, 40.979193 ] } },
{ "type": "Feature", "properties": { "fid": 974, "mm_id": 1016042, "name": "ΗΜΕΡΗΣΙΟ ΓΥΜΝΑΣΙΟ ΓΛΑΥΚΗΣ ΞΑΝΘΗΣ", "name_en": "DAY GYMNASIUM GLAYKIS XANTHIS" }, "geometry": { "type": "Point", "coordinates": [ 24.988488, 41.283226 ] } },
{ "type": "Feature", "properties": { "fid": 975, "mm_id": 1016046, "name": "ΗΜΕΡΗΣΙΟ ΓΥΜΝΑΣΙΟ ΕΡΑΣΜΙΟΥ ΞΑΝΘΗΣ", "name_en": "DAY GYMNASIUM ERASMIOU XANTHIS" }, "geometry": { "type": "Point", "coordinates": [ 24.825396, 40.932662 ] } },
{ "type": "Feature", "properties": { "fid": 976, "mm_id": 1016041, "name": "ΗΜΕΡΗΣΙΟ ΓΥΜΝΑΣΙΟ ΕΧΙΝΟΥ ΞΑΝΘΗΣ", "name_en": "DAY GYMNASIUM ECHINOU XANTHIS" }, "geometry": { "type": "Point", "coordinates": [ 24.969906, 41.277961 ] } },
{ "type": "Feature", "properties": { "fid": 977, "mm_id": 1016038, "name": "ΗΜΕΡΗΣΙΟ ΓΥΜΝΑΣΙΟ Λ.Τ. ΣΤΑΥΡΟΥΠΟΛΗΣ ΞΑΝΘΗΣ", "name_en": "DAY GYMNASIUM L.C. STAYROUPOLIS XANTHIS" }, "geometry": { "type": "Point", "coordinates": [ 24.705611, 41.194819 ] } },
{ "type": "Feature", "properties": { "fid": 978, "mm_id": 1018797, "name": "ΗΜΕΡΗΣΙΟ ΓΥΜΝΑΣΙΟ Ν. ΟΛΒΙΟΥ ΞΑΝΘΗΣ", "name_en": "DAY GYMNASIUM N. OLVIOU XANTHIS" }, "geometry": { "type": "Point", "coordinates": [ 24.801166, 41.027076 ] } },
{ "type": "Feature", "properties": { "fid": 979, "mm_id": 1016037, "name": "ΗΜΕΡΗΣΙΟ ΓΥΜΝΑΣΙΟ ΠΟΛΥΣΙΤΟΥ ΞΑΝΘΗΣ", "name_en": "DAY GYMNASIUM POLYSITOU XANTHIS" }, "geometry": { "type": "Point", "coordinates": [ 25.027072, 41.109198 ] } },
{ "type": "Feature", "properties": { "fid": 980, "mm_id": 1016043, "name": "ΗΜΕΡΗΣΙΟ ΓΥΜΝΑΣΙΟ ΣΜΙΝΘΗΣ ΞΑΝΘΗΣ", "name_en": "DAY GYMNASIUM SMINTHIS XANTHIS" }, "geometry": { "type": "Point", "coordinates": [ 24.881675, 41.229047 ] } },
{ "type": "Feature", "properties": { "fid": 981, "mm_id": 1001229, "name": "ΙΔΙΩΤΙΚΟ ΓΥΜΝΑΣΙΟ ΞΑΝΘΗ - ΑΞΙΟΝ", "name_en": "PRIVATE GYMNASIUM XANTHI - AXION" }, "geometry": { "type": "Point", "coordinates": [ 24.948835, 41.056586 ] } },
{ "type": "Feature", "properties": { "fid": 982, "mm_id": 1020753, "name": "ΜΕΙΟΝΟΤΙΚΟ ΓΥΜΝΑΣΙΟ - ΛΥΚΕΙΟ  ΞΑΝΘΗΣ", "name_en": "MINORITY GYMNASIUM - LYCEUM  XANTHIS" }, "geometry": { "type": "Point", "coordinates": [ 24.886826, 41.135139 ] } },
{ "type": "Feature", "properties": { "fid": 983, "mm_id": 1016035, "name": "ΜΟΥΣΙΚΟ ΓΥΜΝΑΣΙΟ ΞΑΝΘΗΣ ΜΕ ΛΥΚΕΙΑΚΕΣ ΤΑΞΕΙΣ", "name_en": "MUSIC GYMNASIUM XANTHIS WITH L.C." }, "geometry": { "type": "Point", "coordinates": [ 24.901741, 41.088301 ] } },
{ "type": "Feature", "properties": { "fid": 984, "mm_id": 1024714, "name": "ΠΡΟΤΥΠΟ ΕΚΚΛ/ΚΟ ΓΥΜΝΑΣΙΟ ΠΡΟΤΥΠΟ ΕΚΚΛ/ΚΟ ΛΥΚΕΙΟ ΞΑΝΘΗΣ \"ΑΓΙΟΙ ΠΕΝΤΕ ΝΕΟΜΑΡΤΥΡΕΣ ΟΙ ΕΚ ΣΑΜΟΘΡΑΚΗΣ\"", "name_en": "MODEL EKKL/KO GYMNASIUM MODEL EKKL/KO LYCEUM XANTHIS \"AGIOI PENTE NEOMARTYRES OI EK SAMOTHRAKIS\"" }, "geometry": { "type": "Point", "coordinates": [ 24.88287, 41.148648 ] } },
{ "type": "Feature", "properties": { "fid": 985, "mm_id": 1016168, "name": "1ο ΗΜΕΡΗΣΙΟ ΓΥΜΝΑΣΙΟ ΦΙΛΙΠΠΙΑΔΑΣ", "name_en": "1st DAY GYMNASIUM FILIPPIADAS" }, "geometry": { "type": "Point", "coordinates": [ 20.880354, 39.207712 ] } },
{ "type": "Feature", "properties": { "fid": 986, "mm_id": 1016158, "name": "1ο ΠΡΟΤΥΠΟ ΓΥΜΝΑΣΙΟ ΠΡΕΒΕΖΑΣ ΜΕ Λ.Τ.", "name_en": "1st MODEL GYMNASIUM PREVEZAS WITH L.C." }, "geometry": { "type": "Point", "coordinates": [ 20.750864, 38.953969 ] } },
{ "type": "Feature", "properties": { "fid": 987, "mm_id": 1016159, "name": "2ο ΓΥΜΝΑΣΙΟ ΠΡΕΒΕΖΑΣ", "name_en": "2nd GYMNASIUM PREVEZAS" }, "geometry": { "type": "Point", "coordinates": [ 20.747131, 38.962565 ] } },
{ "type": "Feature", "properties": { "fid": 988, "mm_id": 1016169, "name": "2ο ΓΥΜΝΑΣΙΟ ΦΙΛΙΠΠΙΑΔΑΣ", "name_en": "2nd GYMNASIUM FILIPPIADAS" }, "geometry": { "type": "Point", "coordinates": [ 20.881111, 39.206511 ] } },
{ "type": "Feature", "properties": { "fid": 989, "mm_id": 1016160, "name": "3ο ΗΜΕΡΗΣΙΟ ΓΥΜΝΑΣΙΟ ΠΡΕΒΕΖΑΣ", "name_en": "3rd DAY GYMNASIUM PREVEZAS" }, "geometry": { "type": "Point", "coordinates": [ 20.747008, 38.962723 ] } },
{ "type": "Feature", "properties": { "fid": 990, "mm_id": 1016163, "name": "ΓΥΜΝΑΣΙΟ ΖΑΛΟΓΓΟΥ", "name_en": "GYMNASIUM ZALOGGOU" }, "geometry": { "type": "Point", "coordinates": [ 20.700928, 39.09062 ] } },
{ "type": "Feature", "properties": { "fid": 991, "mm_id": 1016165, "name": "ΓΥΜΝΑΣΙΟ ΘΕΣΠΡΩΤΙΚΟΥ \"ΕΥΣΤΡΑΤΙΑ ΖΟΡΜΠΑ-ΤΣΟΓΚΑ\"", "name_en": "GYMNASIUM THESPROTIKOU \"EYSTRATIA ZORMPA-TSOGKA\"" }, "geometry": { "type": "Point", "coordinates": [ 20.785481, 39.256772 ] } },
{ "type": "Feature", "properties": { "fid": 992, "mm_id": 1016172, "name": "ΓΥΜΝΑΣΙΟ ΚΑΝΑΛΑΚΙΟΥ", "name_en": "GYMNASIUM KANALAKIOU" }, "geometry": { "type": "Point", "coordinates": [ 20.598097, 39.236402 ] } },
{ "type": "Feature", "properties": { "fid": 993, "mm_id": 1016170, "name": "ΓΥΜΝΑΣΙΟ ΛΟΥΡΟΥ", "name_en": "GYMNASIUM LOUROU" }, "geometry": { "type": "Point", "coordinates": [ 20.75524, 39.166649 ] } },
{ "type": "Feature", "properties": { "fid": 994, "mm_id": 1016167, "name": "ΓΥΜΝΑΣΙΟ ΠΑΡΓΑΣ", "name_en": "GYMNASIUM PARGAS" }, "geometry": { "type": "Point", "coordinates": [ 20.406771, 39.283401 ] } },
{ "type": "Feature", "properties": { "fid": 995, "mm_id": 1016157, "name": "ΕΣΠΕΡΙΝΟ ΓΥΜΝΑΣΙΟ ΠΡΕΒΕΖΑΣ", "name_en": "EVENING GYMNASIUM PREVEZAS" }, "geometry": { "type": "Point", "coordinates": [ 20.740466, 38.955039 ] } },
{ "type": "Feature", "properties": { "fid": 996, "mm_id": 1016162, "name": "ΜΟΥΣΙΚΟ ΣΧΟΛΕΙΟ ΠΡΕΒΕΖΑΣ", "name_en": "MUSIC SCHOLEIO PREVEZAS" }, "geometry": { "type": "Point", "coordinates": [ 20.745103, 38.980219 ] } },
{ "type": "Feature", "properties": { "fid": 997, "mm_id": 1018879, "name": "ΓΥΜΝΑΣΙΟ ΜΥΚΟΝΟΥ", "name_en": "GYMNASIUM MYKONOU" }, "geometry": { "type": "Point", "coordinates": [ 25.331207, 37.438702 ] } },
{ "type": "Feature", "properties": { "fid": 998, "mm_id": 1021353, "name": "ΕΚΠΑΙΔΕΥΤΗΡΙΑ ΜΥΚΟΝΟΥ ΣΥΓΧΡΟΝΗ ΠΑΙΔΕΙΑ - ΙΔΙΩΤΙΚΟ ΓΥΜΝΑΣΙΟ", "name_en": "EKPAIDEYTIRIA MYKONOU SYGCHRONI PAIDEIA - PRIVATE GYMNASIUM" }, "geometry": { "type": "Point", "coordinates": [ 25.363759, 37.464629 ] } },
{ "type": "Feature", "properties": { "fid": 999, "mm_id": 1026312, "name": "ΗΜΕΡΗΣΙΟ ΓΥΜΝΑΣΙΟ ΑΝΩ ΜΕΡΑΣ ΜΥΚΟΝΟΥ", "name_en": "DAY GYMNASIUM ANO MERAS MYKONOU" }, "geometry": { "type": "Point", "coordinates": [ 25.391053, 37.449574 ] } },
{ "type": "Feature", "properties": { "fid": 1000, "mm_id": 1014024, "name": "1ο ΗΜΕΡΗΣΙΟ ΓΥΜΝΑΣΙΟ ΒΟΛΙΣΣΟΥ ΧΙΟΥ - ΜΙΧ. ΠΑΠΑΜΑΥΡΟΣ", "name_en": "1st DAY GYMNASIUM VOLISSOU CHIOU - MICH. PAPAMAYROS" }, "geometry": { "type": "Point", "coordinates": [ 25.924851, 38.481493 ] } },
{ "type": "Feature", "properties": { "fid": 1001, "mm_id": 1001264, "name": "1ο ΠΕΙΡΑΜΑΤΙΚΟ ΓΥΜΝΑΣΙΟ ΧΙΟΥ - \"ΣΧΟΛΗ ΤΗΣ ΧΙΟΥ\"", "name_en": "1st EXPERIMENTAL GYMNASIUM CHIOU - \"SCHOLI TIS CHIOU\"" }, "geometry": { "type": "Point", "coordinates": [ 26.136167, 38.36802 ] } },
{ "type": "Feature", "properties": { "fid": 1002, "mm_id": 1001265, "name": "2ο ΗΜΕΡΗΣΙΟ ΓΥΜΝΑΣΙΟ ΧΙΟΥ - ΛΙΒΑΝΕΙΟ", "name_en": "2nd DAY GYMNASIUM CHIOU - LIVANEIO" }, "geometry": { "type": "Point", "coordinates": [ 26.133825, 38.365064 ] } },
{ "type": "Feature", "properties": { "fid": 1003, "mm_id": 1001266, "name": "3ο ΗΜΕΡΗΣΙΟ ΓΥΜΝΑΣΙΟ ΧΙΟΥ - Ο ΑΔΑΜΑΝΤΙΟΣ ΚΟΡΑΗΣ", "name_en": "3rd DAY GYMNASIUM CHIOU - O ADAMANTIOS KORAIS" }, "geometry": { "type": "Point", "coordinates": [ 26.136892, 38.368457 ] } },
{ "type": "Feature", "properties": { "fid": 1004, "mm_id": 1001267, "name": "4ο ΗΜΕΡΗΣΙΟ ΓΥΜΝΑΣΙΟ ΧΙΟΥ", "name_en": "4th DAY GYMNASIUM CHIOU" }, "geometry": { "type": "Point", "coordinates": [ 26.135634, 38.381189 ] } },
{ "type": "Feature", "properties": { "fid": 1005, "mm_id": 1025359, "name": "ΕΝΙΑΙΟ ΕΙΔΙΚΟ ΕΠΑΓΓΕΛΜΑΤΙΚΟ ΓΥΜΝΑΣΙΟ-ΛΥΚΕΙΟ ΧΙΟΥ", "name_en": "UNIFIED SPECIAL VOCATIONAL GYMNASIUM-LYCEUM CHIOU" }, "geometry": { "type": "Point", "coordinates": [ 26.134223, 38.339884 ] } },
{ "type": "Feature", "properties": { "fid": 1006, "mm_id": 1014023, "name": "ΕΣΠΕΡΙΝΟ ΓΥΜΝΑΣΙΟ ΧΙΟΥ ΜΕ Λ.Τ", "name_en": "EVENING GYMNASIUM CHIOU WITH L.T" }, "geometry": { "type": "Point", "coordinates": [ 26.132742, 38.3349 ] } },
{ "type": "Feature", "properties": { "fid": 1007, "mm_id": 1001268, "name": "ΗΜΕΡΗΣΙΟ ΓΥΜΝΑΣΙΟ ΒΡΟΝΤΑΔΟΥ ΧΙΟΥ", "name_en": "DAY GYMNASIUM VRONTADOU CHIOU" }, "geometry": { "type": "Point", "coordinates": [ 26.133084, 38.405411 ] } },
{ "type": "Feature", "properties": { "fid": 1008, "mm_id": 1014027, "name": "ΗΜΕΡΗΣΙΟ ΓΥΜΝΑΣΙΟ ΚΑΛΑΜΩΤΗΣ", "name_en": "DAY GYMNASIUM KALAMOTIS" }, "geometry": { "type": "Point", "coordinates": [ 26.046786, 38.232831 ] } },
{ "type": "Feature", "properties": { "fid": 1009, "mm_id": 1014028, "name": "ΗΜΕΡΗΣΙΟ ΓΥΜΝΑΣΙΟ ΚΑΛΛΙΜΑΣΙΑΣ - «ΓΕΩΡΓΙΟΣ ΣΤΑΓΚΟΥΛΗΣ»", "name_en": "DAY GYMNASIUM KALLIMASIAS - «GEORGIOS STAGKOULIS»" }, "geometry": { "type": "Point", "coordinates": [ 26.104379, 38.292434 ] } },
{ "type": "Feature", "properties": { "fid": 1010, "mm_id": 1001273, "name": "ΗΜΕΡΗΣΙΟ ΓΥΜΝΑΣΙΟ ΚΑΜΠΟΥ ΧΙΟΥ", "name_en": "DAY GYMNASIUM KAMPOU CHIOU" }, "geometry": { "type": "Point", "coordinates": [ 26.133395, 38.336194 ] } },
{ "type": "Feature", "properties": { "fid": 1011, "mm_id": 1001270, "name": "ΗΜΕΡΗΣΙΟ ΓΥΜΝΑΣΙΟ ΚΑΡΔΑΜΥΛΩΝ - ΛΙΒΑΝΕΙΟ", "name_en": "DAY GYMNASIUM KARDAMYLON - LIVANEIO" }, "geometry": { "type": "Point", "coordinates": [ 26.112159, 38.540075 ] } },
{ "type": "Feature", "properties": { "fid": 1012, "mm_id": 1001272, "name": "ΗΜΕΡΗΣΙΟ ΓΥΜΝΑΣΙΟ ΛΤ ΟΙΝΟΥΣΣΩΝ", "name_en": "DAY GYMNASIUM LT OINOUSSON" }, "geometry": { "type": "Point", "coordinates": [ 26.215221, 38.515461 ] } },
{ "type": "Feature", "properties": { "fid": 1013, "mm_id": 1014026, "name": "ΗΜΕΡΗΣΙΟ ΓΥΜΝΑΣΙΟ ΨΑΡΩΝ ΧΙΟΥ - ΓΥΜΝΑΣΙΟ ΨΑΡΩΝ ΙΩΑΝΝΗΣ ΒΑΡΒΑΚΗΣ", "name_en": "DAY GYMNASIUM PSARON CHIOU - GYMNASIUM PSARON IOANNIS VARVAKIS" }, "geometry": { "type": "Point", "coordinates": [ 25.56239755532642, 38.540595343614868 ] } },
{ "type": "Feature", "properties": { "fid": 1014, "mm_id": 1001269, "name": "ΜΟΥΣΙΚΟ ΣΧΟΛΕΙΟ ΧΙΟΥ", "name_en": "MUSIC SCHOLEIO CHIOU" }, "geometry": { "type": "Point", "coordinates": [ 26.137517, 38.310331 ] } },
{ "type": "Feature", "properties": { "fid": 1015, "mm_id": 1015034, "name": "1ο ΗΜΕΡΗΣΙΟ ΓΥΜΝΑΣΙΟ ΑΜΑΛΙΑΔΑΣ ΗΛΕΙΑΣ", "name_en": "1st DAY GYMNASIUM AMALIADAS ILEIAS" }, "geometry": { "type": "Point", "coordinates": [ 21.35437, 37.795887 ] } },
{ "type": "Feature", "properties": { "fid": 1016, "mm_id": 1015024, "name": "1ο ΗΜΕΡΗΣΙΟ ΓΥΜΝΑΣΙΟ ΠΥΡΓΟΥ ΗΛΕΙΑΣ", "name_en": "1st DAY GYMNASIUM PYRGOU ILEIAS" }, "geometry": { "type": "Point", "coordinates": [ 21.438361, 37.67561 ] } },
{ "type": "Feature", "properties": { "fid": 1017, "mm_id": 1015035, "name": "2ο ΗΜΕΡΗΣΙΟ ΓΥΜΝΑΣΙΟ ΑΜΑΛΙΑΔΑΣ ΗΛΕΙΑΣ", "name_en": "2nd DAY GYMNASIUM AMALIADAS ILEIAS" }, "geometry": { "type": "Point", "coordinates": [ 21.348066, 37.789737 ] } },
{ "type": "Feature", "properties": { "fid": 1018, "mm_id": 1015025, "name": "2ο ΗΜΕΡΗΣΙΟ ΓΥΜΝΑΣΙΟ ΠΥΡΓΟΥ ΗΛΕΙΑΣ", "name_en": "2nd DAY GYMNASIUM PYRGOU ILEIAS" }, "geometry": { "type": "Point", "coordinates": [ 21.435669, 37.67435 ] } },
{ "type": "Feature", "properties": { "fid": 1019, "mm_id": 1015036, "name": "3ο ΗΜΕΡΗΣΙΟ ΓΥΜΝΑΣΙΟ ΑΜΑΛΙΑΔΑΣ ΗΛΕΙΑΣ", "name_en": "3rd DAY GYMNASIUM AMALIADAS ILEIAS" }, "geometry": { "type": "Point", "coordinates": [ 21.352843, 37.806154 ] } },
{ "type": "Feature", "properties": { "fid": 1020, "mm_id": 1015026, "name": "3ο ΗΜΕΡΗΣΙΟ ΓΥΜΝΑΣΙΟ ΠΥΡΓΟΥ", "name_en": "3rd DAY GYMNASIUM PYRGOU" }, "geometry": { "type": "Point", "coordinates": [ 21.432668, 37.668811 ] } },
{ "type": "Feature", "properties": { "fid": 1021, "mm_id": 1017916, "name": "4ο ΗΜΕΡΗΣΙΟ ΓΥΜΝΑΣΙΟ ΠΥΡΓΟΥ ΗΛΕΙΑΣ", "name_en": "4th DAY GYMNASIUM PYRGOU ILEIAS" }, "geometry": { "type": "Point", "coordinates": [ 21.444353, 37.66434 ] } },
{ "type": "Feature", "properties": { "fid": 1022, "mm_id": 1015056, "name": "ΓΥΜΝΑΣΙΟ ΝΕΑΣ ΦΙΓΑΛΕΙΑΣ ΗΛΕΙΑΣ", "name_en": "GYMNASIUM NEAS FIGALEIAS ILEIAS" }, "geometry": { "type": "Point", "coordinates": [ 21.773008, 37.444466 ] } },
{ "type": "Feature", "properties": { "fid": 1023, "mm_id": 1015060, "name": "ΓΥΜΝΑΣΙΟ ΠΗΝΕΙΑΣ", "name_en": "GYMNASIUM PINEIAS" }, "geometry": { "type": "Point", "coordinates": [ 21.517561, 37.854573 ] } },
{ "type": "Feature", "properties": { "fid": 1024, "mm_id": 1015057, "name": "ΕΝΙΑΙΟ ΕΙΔΙΚΟ ΕΠΑΓΓΕΛΜΑΤΙΚΟ ΓΥΜΝΑΣΙΟ-ΛΥΚΕΙΟ ΠΥΡΓΟΥ", "name_en": "UNIFIED SPECIAL VOCATIONAL GYMNASIUM-LYCEUM PYRGOU" }, "geometry": { "type": "Point", "coordinates": [ 21.346995, 37.716434 ] } },
{ "type": "Feature", "properties": { "fid": 1025, "mm_id": 1015041, "name": "ΕΣΠΕΡΙΝΟ ΓΥΜΝΑΣΙΟ & Λ.Τ. ΑΜΑΛΙΑΔΑΣ ΗΛΕΙΑΣ", "name_en": "EVENING GYMNASIUM & L.C. AMALIADAS ILEIAS" }, "geometry": { "type": "Point", "coordinates": [ 21.354382, 37.795955 ] } },
{ "type": "Feature", "properties": { "fid": 1026, "mm_id": 1015028, "name": "ΕΣΠΕΡΙΝΟ ΓΥΜΝΑΣΙΟ ΠΥΡΓΟΥ - ΓΙΑΝΝΗΣ ΖΑΠΑΝΤΗΣ", "name_en": "EVENING GYMNASIUM PYRGOU - GIANNIS ZAPANTIS" }, "geometry": { "type": "Point", "coordinates": [ 21.433252, 37.669892 ] } },
{ "type": "Feature", "properties": { "fid": 1027, "mm_id": 1015052, "name": "ΗΜΕΡΗΣΙΟ ΓΥΜΝΑΣΙΟ ΑΝΔΡΑΒΙΔΑΣ ΗΛΕΙΑΣ", "name_en": "DAY GYMNASIUM ANDRAVIDAS ILEIAS" }, "geometry": { "type": "Point", "coordinates": [ 21.271574, 37.90269 ] } },
{ "type": "Feature", "properties": { "fid": 1028, "mm_id": 1015042, "name": "ΗΜΕΡΗΣΙΟ ΓΥΜΝΑΣΙΟ ΑΝΔΡΙΤΣΑΙΝΑΣ ΗΛΕΙΑΣ", "name_en": "DAY GYMNASIUM ANDRITSAINAS ILEIAS" }, "geometry": { "type": "Point", "coordinates": [ 21.908529, 37.48411 ] } },
{ "type": "Feature", "properties": { "fid": 1029, "mm_id": 1015045, "name": "ΗΜΕΡΗΣΙΟ ΓΥΜΝΑΣΙΟ ΑΡΧΑΙΑΣ ΟΛΥΜΠΙΑΣ", "name_en": "DAY GYMNASIUM ARCHAIAS OLYMPIAS" }, "geometry": { "type": "Point", "coordinates": [ 21.628312, 37.647625 ] } },
{ "type": "Feature", "properties": { "fid": 1030, "mm_id": 1015053, "name": "ΗΜΕΡΗΣΙΟ ΓΥΜΝΑΣΙΟ ΒΑΡΘΟΛΟΜΙΟΥ ΗΛΕΙΑΣ", "name_en": "DAY GYMNASIUM VARTHOLOMIOU ILEIAS" }, "geometry": { "type": "Point", "coordinates": [ 21.210546, 37.859458 ] } },
{ "type": "Feature", "properties": { "fid": 1031, "mm_id": 1015030, "name": "ΗΜΕΡΗΣΙΟ ΓΥΜΝΑΣΙΟ ΒΟΥΝΑΡΓΟΥ ΗΛΕΙΑΣ", "name_en": "DAY GYMNASIUM VOUNARGOU ILEIAS" }, "geometry": { "type": "Point", "coordinates": [ 21.413664, 37.738242 ] } },
{ "type": "Feature", "properties": { "fid": 1032, "mm_id": 1015038, "name": "ΗΜΕΡΗΣΙΟ ΓΥΜΝΑΣΙΟ ΓΑΣΤΟΥΝΗΣ ΗΛΕΙΑΣ", "name_en": "DAY GYMNASIUM GASTOUNIS ILEIAS" }, "geometry": { "type": "Point", "coordinates": [ 21.255152, 37.848058 ] } },
{ "type": "Feature", "properties": { "fid": 1033, "mm_id": 1015066, "name": "ΗΜΕΡΗΣΙΟ ΓΥΜΝΑΣΙΟ ΓΟΥΜΕΡΟΥ", "name_en": "DAY GYMNASIUM GOUMEROU" }, "geometry": { "type": "Point", "coordinates": [ 21.615095, 37.762262 ] } },
{ "type": "Feature", "properties": { "fid": 1034, "mm_id": 1015029, "name": "ΗΜΕΡΗΣΙΟ ΓΥΜΝΑΣΙΟ ΕΠΙΤΑΛΙΟΥ  Κωδ. 1501040", "name_en": "DAY GYMNASIUM EPITALIOU  Kod. 1501040" }, "geometry": { "type": "Point", "coordinates": [ 21.491712, 37.626009 ] } },
{ "type": "Feature", "properties": { "fid": 1035, "mm_id": 1015047, "name": "ΗΜΕΡΗΣΙΟ ΓΥΜΝΑΣΙΟ ΖΑΧΑΡΩ ΗΛΕΙΑΣ - ΓΥΜΝΑΣΙΟ ΖΑΧΑΡΩΣ", "name_en": "DAY GYMNASIUM ZACHARO ILEIAS - GYMNASIUM ZACHAROS" }, "geometry": { "type": "Point", "coordinates": [ 21.645271, 37.482817 ] } },
{ "type": "Feature", "properties": { "fid": 1036, "mm_id": 1015063, "name": "ΗΜΕΡΗΣΙΟ ΓΥΜΝΑΣΙΟ ΚΑΛΛΙΘΕΑΣ ΜΕ ΛΤ", "name_en": "DAY GYMNASIUM KALLITHEAS WITH LT" }, "geometry": { "type": "Point", "coordinates": [ 21.82519, 37.551144 ] } },
{ "type": "Feature", "properties": { "fid": 1037, "mm_id": 1015065, "name": "ΗΜΕΡΗΣΙΟ ΓΥΜΝΑΣΙΟ ΚΑΡΑΤΟΥΛΑ ΗΛΕΙΑΣ", "name_en": "DAY GYMNASIUM KARATOULA ILEIAS" }, "geometry": { "type": "Point", "coordinates": [ 21.537882, 37.739414 ] } },
{ "type": "Feature", "properties": { "fid": 1038, "mm_id": 1015049, "name": "ΗΜΕΡΗΣΙΟ ΓΥΜΝΑΣΙΟ ΚΡΕΣΤΕΝΩΝ - «ΔΙΟΝΥΣΙΟΣ ΣΙΜΟΠΟΥΛΟΣ»", "name_en": "DAY GYMNASIUM KRESTENON - «DIONYSIOS SIMOPOULOS»" }, "geometry": { "type": "Point", "coordinates": [ 21.61471, 37.591757 ] } },
{ "type": "Feature", "properties": { "fid": 1039, "mm_id": 1015051, "name": "ΗΜΕΡΗΣΙΟ ΓΥΜΝΑΣΙΟ ΛΕΧΑΙΝΩΝ ΗΛΕΙΑΣ", "name_en": "DAY GYMNASIUM LECHAINON ILEIAS" }, "geometry": { "type": "Point", "coordinates": [ 21.263565, 37.938992 ] } },
{ "type": "Feature", "properties": { "fid": 1040, "mm_id": 1015048, "name": "ΗΜΕΡΗΣΙΟ ΓΥΜΝΑΣΙΟ ΜΑΚΡΙΣΙΩΝ ΗΛΕΙΑΣ", "name_en": "DAY GYMNASIUM MAKRISION ILEIAS" }, "geometry": { "type": "Point", "coordinates": [ 21.599499, 37.608216 ] } },
{ "type": "Feature", "properties": { "fid": 1041, "mm_id": 1018195, "name": "ΗΜΕΡΗΣΙΟ ΓΥΜΝΑΣΙΟ ΝΕΟΧΩΡΙΟΥ ΗΛΕΙΑΣ \"ΝΤΙΝΟΣ ΨΥΧΟΓΙΟΣ\"", "name_en": "DAY GYMNASIUM NEOCHORIOU ILEIAS \"NTINOS PSYCHOGIOS\"" }, "geometry": { "type": "Point", "coordinates": [ 21.207038, 37.907465 ] } },
{ "type": "Feature", "properties": { "fid": 1042, "mm_id": 1015059, "name": "ΗΜΕΡΗΣΙΟ ΓΥΜΝΑΣΙΟ ΠΑΝΟΠΟΥΛΟΥ", "name_en": "DAY GYMNASIUM PANOPOULOU" }, "geometry": { "type": "Point", "coordinates": [ 21.688256, 37.819201 ] } },
{ "type": "Feature", "properties": { "fid": 1043, "mm_id": 1015044, "name": "ΗΜΕΡΗΣΙΟ ΓΥΜΝΑΣΙΟ ΠΕΛΟΠΙΟΥ ΗΛΕΙΑΣ", "name_en": "DAY GYMNASIUM PELOPIOU ILEIAS" }, "geometry": { "type": "Point", "coordinates": [ 21.591956, 37.67424 ] } },
{ "type": "Feature", "properties": { "fid": 1044, "mm_id": 1018794, "name": "ΗΜΕΡΗΣΙΟ ΓΥΜΝΑΣΙΟ ΣΑΒΑΛΙΩΝ ΗΛΕΙΑΣ", "name_en": "DAY GYMNASIUM SAVALION ILEIAS" }, "geometry": { "type": "Point", "coordinates": [ 21.293387, 37.822441 ] } },
{ "type": "Feature", "properties": { "fid": 1045, "mm_id": 1015069, "name": "ΗΜΕΡΗΣΙΟ ΓΥΜΝΑΣΙΟ ΤΡΑΓΑΝΟΥ ΗΛΕΙΑΣ - ΓΥΜΝΑΣΙΟ ΤΡΑΓΑΝΟΥ", "name_en": "DAY GYMNASIUM TRAGANOU ILEIAS - GYMNASIUM TRAGANOU" }, "geometry": { "type": "Point", "coordinates": [ 21.320419, 37.894827 ] } },
{ "type": "Feature", "properties": { "fid": 1046, "mm_id": 1015070, "name": "ΗΜΕΡΗΣΙΟ ΓΥΜΝΑΣΙΟ ΧΑΒΑΡΙΟΥ ΗΛΕΙΑΣ", "name_en": "DAY GYMNASIUM CHAVARIOU ILEIAS" }, "geometry": { "type": "Point", "coordinates": [ 21.384433, 37.849895 ] } },
{ "type": "Feature", "properties": { "fid": 1047, "mm_id": 1015058, "name": "ΗΜΕΡΗΣΙΟ ΓΥΜΝΑΣΙΟ- ΛΥΚΕΙΑΚΕΣ ΤΑΞΕΙΣ ΛΑΜΠΕΙΑΣ ΗΛΕΙΑΣ", "name_en": "DAY GYMNASIUM- L.C. LAMPEIAS ILEIAS" }, "geometry": { "type": "Point", "coordinates": [ 21.80728, 37.858122 ] } },
{ "type": "Feature", "properties": { "fid": 1048, "mm_id": 1015061, "name": "ΗΜΕΡΗΣΙΟ ΓΥΜΝΑΣΙΟ-Λ.Τ. ΒΑΣΙΛΑΚΙΟΥ", "name_en": "DAY GYMNASIUM-L.C. VASILAKIOU" }, "geometry": { "type": "Point", "coordinates": [ 21.759767, 37.64868 ] } },
{ "type": "Feature", "properties": { "fid": 1049, "mm_id": 1015054, "name": "ΜΟΥΣΙΚΟ ΓΥΜΝΑΣΙΟ ΒΑΡΘΟΛΟΜΙΟΥ ΜΕ ΛΥΚΕΙΑΚΕΣ ΤΑΞΕΙΣ", "name_en": "MUSIC GYMNASIUM VARTHOLOMIOU WITH L.C." }, "geometry": { "type": "Point", "coordinates": [ 21.203311, 37.85539 ] } },
{ "type": "Feature", "properties": { "fid": 1050, "mm_id": 1015160, "name": "10ο ΗΜΕΡΗΣΙΟ ΓΥΜΝΑΣΙΟ ΗΡΑΚΛΕΙΟΥ ΚΡΗΤΗΣ", "name_en": "10th DAY GYMNASIUM IRAKLEIOU KRITIS" }, "geometry": { "type": "Point", "coordinates": [ 25.105853, 35.329292 ] } },
{ "type": "Feature", "properties": { "fid": 1051, "mm_id": 1018200, "name": "11ο ΗΜΕΡΗΣΙΟ ΓΥΜΝΑΣΙΟ ΗΡΑΚΛΕΙΟΥ", "name_en": "11th DAY GYMNASIUM IRAKLEIOU" }, "geometry": { "type": "Point", "coordinates": [ 25.117912, 35.339645 ] } },
{ "type": "Feature", "properties": { "fid": 1052, "mm_id": 1015161, "name": "12ο ΗΜΕΡΗΣΙΟ ΓΥΜΝΑΣΙΟ ΗΡΑΚΛΕΙΟΥ «Οδυσσέας Ελύτης»", "name_en": "12th DAY GYMNASIUM IRAKLEIOU «Odysseas Elytis»" }, "geometry": { "type": "Point", "coordinates": [ 25.150266, 35.335856 ] } },
{ "type": "Feature", "properties": { "fid": 1053, "mm_id": 1018922, "name": "13ο ΗΜΕΡΗΣΙΟ ΓΥΜΝΑΣΙΟ ΗΡΑΚΛΕΙΟΥ", "name_en": "13th DAY GYMNASIUM IRAKLEIOU" }, "geometry": { "type": "Point", "coordinates": [ 25.152762, 35.312744 ] } },
{ "type": "Feature", "properties": { "fid": 1054, "mm_id": 1015149, "name": "1ο ΗΜΕΡΗΣΙΟ ΓΥΜΝΑΣΙΟ ΗΡΑΚΛΕΙΟΥ - ΚΑΠΕΤΑΝΑΚΕΙΟ", "name_en": "1st DAY GYMNASIUM IRAKLEIOU - KAPETANAKEIO" }, "geometry": { "type": "Point", "coordinates": [ 25.139023, 35.33704 ] } },
{ "type": "Feature", "properties": { "fid": 1055, "mm_id": 1015152, "name": "2ο ΗΜΕΡΗΣΙΟ ΓΥΜΝΑΣΙΟ ΗΡΑΚΛΕΙΟΥ", "name_en": "2nd DAY GYMNASIUM IRAKLEIOU" }, "geometry": { "type": "Point", "coordinates": [ 25.125696, 35.331439 ] } },
{ "type": "Feature", "properties": { "fid": 1056, "mm_id": 1015153, "name": "3ο ΗΜΕΡΗΣΙΟ ΓΥΜΝΑΣΙΟ ΗΡΑΚΛΕΙΟΥ", "name_en": "3rd DAY GYMNASIUM IRAKLEIOU" }, "geometry": { "type": "Point", "coordinates": [ 25.141655, 35.325474 ] } },
{ "type": "Feature", "properties": { "fid": 1057, "mm_id": 1015154, "name": "4ο ΗΜΕΡΗΣΙΟ ΓΥΜΝΑΣΙΟ ΗΡΑΚΛΕΙΟΥ", "name_en": "4th DAY GYMNASIUM IRAKLEIOU" }, "geometry": { "type": "Point", "coordinates": [ 25.122011, 35.331127 ] } },
{ "type": "Feature", "properties": { "fid": 1058, "mm_id": 1015155, "name": "5ο ΗΜΕΡΗΣΙΟ ΓΥΜΝΑΣΙΟ ΗΡΑΚΛΕΙΟΥ", "name_en": "5th DAY GYMNASIUM IRAKLEIOU" }, "geometry": { "type": "Point", "coordinates": [ 25.137228, 35.311855 ] } },
{ "type": "Feature", "properties": { "fid": 1059, "mm_id": 1015156, "name": "6ο ΗΜΕΡΗΣΙΟ ΓΥΜΝΑΣΙΟ ΗΡΑΚΛΕΙΟΥ", "name_en": "6th DAY GYMNASIUM IRAKLEIOU" }, "geometry": { "type": "Point", "coordinates": [ 25.139281, 35.340343 ] } },
{ "type": "Feature", "properties": { "fid": 1060, "mm_id": 1015157, "name": "7ο ΓΥΜΝΑΣΙΟ ΗΡΑΚΛΕΙΟΥ", "name_en": "7th GYMNASIUM IRAKLEIOU" }, "geometry": { "type": "Point", "coordinates": [ 25.14836, 35.307585 ] } },
{ "type": "Feature", "properties": { "fid": 1061, "mm_id": 1015158, "name": "8ο ΗΜΕΡΗΣΙΟ ΓΥΜΝΑΣΙΟ ΗΡΑΚΛΕΙΟΥ", "name_en": "8th DAY GYMNASIUM IRAKLEIOU" }, "geometry": { "type": "Point", "coordinates": [ 25.11001, 35.333722 ] } },
{ "type": "Feature", "properties": { "fid": 1062, "mm_id": 1015159, "name": "9ο ΗΜΕΡΗΣΙΟ ΓΥΜΝΑΣΙΟ ΗΡΑΚΛΕΙΟΥ", "name_en": "9th DAY GYMNASIUM IRAKLEIOU" }, "geometry": { "type": "Point", "coordinates": [ 25.117642, 35.330931 ] } },
{ "type": "Feature", "properties": { "fid": 1063, "mm_id": 1015184, "name": "ΓΥΜΝΑΣΙΟ ΓΟΥΒΩΝ ΗΡΑΚΛΕΙΟΥ ΚΡΗΤΗΣ", "name_en": "GYMNASIUM GOUVON IRAKLEIOU KRITIS" }, "geometry": { "type": "Point", "coordinates": [ 25.282844, 35.326324 ] } },
{ "type": "Feature", "properties": { "fid": 1064, "mm_id": 1015163, "name": "ΓΥΜΝΑΣΙΟ ΕΠΙΣΚΟΠΗΣ ΗΡΑΚΛΕΙΟΥ", "name_en": "GYMNASIUM EPISKOPIS IRAKLEIOU" }, "geometry": { "type": "Point", "coordinates": [ 25.233594, 35.260394 ] } },
{ "type": "Feature", "properties": { "fid": 1065, "mm_id": 1015032, "name": "ΓΥΜΝΑΣΙΟ ΕΥΡΩΠΑΪΚΗΣ ΠΑΙΔΕΙΑΣ ΗΡΑΚΛΕΙΟΥ ΚΡΗΤΗΣ", "name_en": "GYMNASIUM EYROPAΪKIS PAIDEIAS IRAKLEIOU KRITIS" }, "geometry": { "type": "Point", "coordinates": [ 25.12717, 35.340158 ] } },
{ "type": "Feature", "properties": { "fid": 1066, "mm_id": 1015188, "name": "ΓΥΜΝΑΣΙΟ ΜΑΛΙΩΝ ΗΡΑΚΛΕΙΟΥ", "name_en": "GYMNASIUM MALION IRAKLEIOU" }, "geometry": { "type": "Point", "coordinates": [ 25.45677, 35.284476 ] } },
{ "type": "Feature", "properties": { "fid": 1067, "mm_id": 1018199, "name": "ΕΙΔΙΚΟ ΓΥΜΝΑΣΙΟ ΗΡΑΚΛΕΙΟΥ", "name_en": "SPECIAL GYMNASIUM IRAKLEIOU" }, "geometry": { "type": "Point", "coordinates": [ 25.152255, 35.313603 ] } },
{ "type": "Feature", "properties": { "fid": 1068, "mm_id": 1015201, "name": "ΕΝΙΑΙΟ ΕΙΔΙΚΟ ΕΠΑΓΓΕΛΜΑΤΙΚΟ ΓΥΜΝΑΣΙΟ ΚΑΙ ΛΥΚΕΙΟ ΗΡΑΚΛΕΙΟΥ", "name_en": "UNIFIED SPECIAL VOCATIONAL GYMNASIUM KAI LYCEUM IRAKLEIOU" }, "geometry": { "type": "Point", "coordinates": [ 25.283325, 35.327347 ] } },
{ "type": "Feature", "properties": { "fid": 1069, "mm_id": 1015162, "name": "ΕΣΠΕΡΙΝΟ ΓΥΜΝΑΣΙΟ ΗΡΑΚΛΕΙΟΥ", "name_en": "EVENING GYMNASIUM IRAKLEIOU" }, "geometry": { "type": "Point", "coordinates": [ 25.138841, 35.33304 ] } },
{ "type": "Feature", "properties": { "fid": 1070, "mm_id": 1015182, "name": "ΕΣΠΕΡΙΝΟ ΓΥΜΝΑΣΙΟ ΤΥΜΠΑΚΙΟΥ ΜΕ Α , Β , Γ  ΛΥΚΕΙΑΚΕΣ ΤΑΞΕΙΣ", "name_en": "EVENING GYMNASIUM TYMPAKIOU WITH A , V , G  L.C." }, "geometry": { "type": "Point", "coordinates": [ 24.766467, 35.067224 ] } },
{ "type": "Feature", "properties": { "fid": 1071, "mm_id": 1015178, "name": "ΗΜΕΡΗΣΙΟ ΓΥΜΝΑΣΙΟ ΑΓΙΑΣ ΒΑΡΒΑΡΑΣ ΗΡΑΚΛΕΙΟΥ", "name_en": "DAY GYMNASIUM AGIAS VARVARAS IRAKLEIOU" }, "geometry": { "type": "Point", "coordinates": [ 25.001129, 35.139285 ] } },
{ "type": "Feature", "properties": { "fid": 1072, "mm_id": 1015164, "name": "ΗΜΕΡΗΣΙΟ ΓΥΜΝΑΣΙΟ ΑΓΙΟΥ ΜΥΡΩΝΑ ΗΡΑΚΛΕΙΟΥ", "name_en": "DAY GYMNASIUM AGIOU MYRONA IRAKLEIOU" }, "geometry": { "type": "Point", "coordinates": [ 25.030019, 35.236837 ] } },
{ "type": "Feature", "properties": { "fid": 1073, "mm_id": 1015191, "name": "ΗΜΕΡΗΣΙΟ ΓΥΜΝΑΣΙΟ ΑΓΙΩΝ ΔΕΚΑ ΗΡΑΚΛΕΙΟΥ", "name_en": "DAY GYMNASIUM AGION DEKA IRAKLEIOU" }, "geometry": { "type": "Point", "coordinates": [ 24.96, 35.06 ] } },
{ "type": "Feature", "properties": { "fid": 1074, "mm_id": 1015167, "name": "ΗΜΕΡΗΣΙΟ ΓΥΜΝΑΣΙΟ ΑΡΚΑΛΟΧΩΡΙΟΥ ΗΡΑΚΛΕΙΟΥ", "name_en": "DAY GYMNASIUM ARKALOCHORIOU IRAKLEIOU" }, "geometry": { "type": "Point", "coordinates": [ 25.268048, 35.148713 ] } },
{ "type": "Feature", "properties": { "fid": 1075, "mm_id": 1015169, "name": "ΗΜΕΡΗΣΙΟ ΓΥΜΝΑΣΙΟ ΑΡΧΑΝΩΝ ΗΡΑΚΛΕΙΟΥ", "name_en": "DAY GYMNASIUM ARCHANON IRAKLEIOU" }, "geometry": { "type": "Point", "coordinates": [ 25.157339, 35.230426 ] } },
{ "type": "Feature", "properties": { "fid": 1076, "mm_id": 1015185, "name": "ΗΜΕΡΗΣΙΟ ΓΥΜΝΑΣΙΟ ΑΣΗΜΙΟΥ ΗΡΑΚΛΕΙΟΥ", "name_en": "DAY GYMNASIUM ASIMIOU IRAKLEIOU" }, "geometry": { "type": "Point", "coordinates": [ 25.091336, 35.046637 ] } },
{ "type": "Feature", "properties": { "fid": 1077, "mm_id": 1015190, "name": "ΗΜΕΡΗΣΙΟ ΓΥΜΝΑΣΙΟ ΒΑΓΙΟΝΙΑΣ ΗΡΑΚΛΕΙΟΥ", "name_en": "DAY GYMNASIUM VAGIONIAS IRAKLEIOU" }, "geometry": { "type": "Point", "coordinates": [ 24.996222, 35.009544 ] } },
{ "type": "Feature", "properties": { "fid": 1078, "mm_id": 1015186, "name": "ΗΜΕΡΗΣΙΟ ΓΥΜΝΑΣΙΟ ΒΕΝΕΡΑΤΟΥ", "name_en": "DAY GYMNASIUM VENERATOU" }, "geometry": { "type": "Point", "coordinates": [ 25.038666, 35.198645 ] } },
{ "type": "Feature", "properties": { "fid": 1079, "mm_id": 1015171, "name": "ΗΜΕΡΗΣΙΟ ΓΥΜΝΑΣΙΟ ΒΙΑΝΝΟΥ \"ΙΩΑΝΝΗΣ ΚΟΝΔΥΛΑΚΗΣ\"", "name_en": "DAY GYMNASIUM VIANNOU \"IOANNIS KONDYLAKIS\"" }, "geometry": { "type": "Point", "coordinates": [ 25.412631, 35.051575 ] } },
{ "type": "Feature", "properties": { "fid": 1080, "mm_id": 1015200, "name": "ΗΜΕΡΗΣΙΟ ΓΥΜΝΑΣΙΟ ΓΑΖΙΟΥ", "name_en": "DAY GYMNASIUM GAZIOU" }, "geometry": { "type": "Point", "coordinates": [ 25.069612, 35.322052 ] } },
{ "type": "Feature", "properties": { "fid": 1081, "mm_id": 1015192, "name": "ΗΜΕΡΗΣΙΟ ΓΥΜΝΑΣΙΟ ΓΕΡΓΕΡΗΣ ΗΡΑΚΛΕΙΟΥ", "name_en": "DAY GYMNASIUM GERGERIS IRAKLEIOU" }, "geometry": { "type": "Point", "coordinates": [ 24.94054, 35.131545 ] } },
{ "type": "Feature", "properties": { "fid": 1082, "mm_id": 1015183, "name": "ΗΜΕΡΗΣΙΟ ΓΥΜΝΑΣΙΟ ΖΑΡΟΥ ΗΡΑΚΛΕΙΟΥ", "name_en": "DAY GYMNASIUM ZAROU IRAKLEIOU" }, "geometry": { "type": "Point", "coordinates": [ 24.900029, 35.127589 ] } },
{ "type": "Feature", "properties": { "fid": 1083, "mm_id": 1015193, "name": "ΗΜΕΡΗΣΙΟ ΓΥΜΝΑΣΙΟ ΘΡΑΨΑΝΟΥ ΗΡΑΚΛΕΙΟΥ", "name_en": "DAY GYMNASIUM THRAPSANOU IRAKLEIOU" }, "geometry": { "type": "Point", "coordinates": [ 25.281133, 35.187826 ] } },
{ "type": "Feature", "properties": { "fid": 1084, "mm_id": 1015172, "name": "ΗΜΕΡΗΣΙΟ ΓΥΜΝΑΣΙΟ ΚΑΣΤΕΛΛΙΟΥ ΠΕΔΙΑΔΟΣ ΗΡΑΚΛΕΙΟΥ", "name_en": "DAY GYMNASIUM KASTELLIOU PEDIADOS IRAKLEIOU" }, "geometry": { "type": "Point", "coordinates": [ 25.340406, 35.206553 ] } },
{ "type": "Feature", "properties": { "fid": 1085, "mm_id": 1018201, "name": "ΗΜΕΡΗΣΙΟ ΓΥΜΝΑΣΙΟ ΚΡΟΥΣΩΝΑ ΗΡΑΚΛΕΙΟΥ", "name_en": "DAY GYMNASIUM KROUSONA IRAKLEIOU" }, "geometry": { "type": "Point", "coordinates": [ 24.983053, 35.230414 ] } },
{ "type": "Feature", "properties": { "fid": 1086, "mm_id": 1015187, "name": "ΗΜΕΡΗΣΙΟ ΓΥΜΝΑΣΙΟ ΛΙΜΕΝΑ ΧΕΡΣΟΝΗΣΟΥ ΗΡΑΚΛΕΙΟΥ", "name_en": "DAY GYMNASIUM LIMENA CHERSONISOU IRAKLEIOU" }, "geometry": { "type": "Point", "coordinates": [ 25.38715, 35.313168 ] } },
{ "type": "Feature", "properties": { "fid": 1087, "mm_id": 1015179, "name": "ΗΜΕΡΗΣΙΟ ΓΥΜΝΑΣΙΟ ΜΕΛΕΣΩΝ ΗΡΑΚΛΕΙΟΥ - ΜΑΛΙΩΤΕΙΟ ΕΚΠΑΙΔΕΥΤΗΡΙΟ", "name_en": "DAY GYMNASIUM MELESON IRAKLEIOU - MALIOTEIO EKPAIDEYTIRIO" }, "geometry": { "type": "Point", "coordinates": [ 25.199642, 35.190647 ] } },
{ "type": "Feature", "properties": { "fid": 1088, "mm_id": 1015174, "name": "ΗΜΕΡΗΣΙΟ ΓΥΜΝΑΣΙΟ ΜΟΙΡΩΝ", "name_en": "DAY GYMNASIUM MOIRON" }, "geometry": { "type": "Point", "coordinates": [ 24.868742, 35.053472 ] } },
{ "type": "Feature", "properties": { "fid": 1089, "mm_id": 1015180, "name": "ΗΜΕΡΗΣΙΟ ΓΥΜΝΑΣΙΟ ΜΟΧΟΥ ΗΡΑΚΛΕΙΟΥ", "name_en": "DAY GYMNASIUM MOCHOU IRAKLEIOU" }, "geometry": { "type": "Point", "coordinates": [ 25.42854, 35.259059 ] } },
{ "type": "Feature", "properties": { "fid": 1090, "mm_id": 1015199, "name": "ΗΜΕΡΗΣΙΟ ΓΥΜΝΑΣΙΟ ΝΕΑΣ ΑΛΙΚΑΡΝΑΣΣΟΥ", "name_en": "DAY GYMNASIUM NEAS ALIKARNASSOU" }, "geometry": { "type": "Point", "coordinates": [ 25.162856, 35.334014 ] } },
{ "type": "Feature", "properties": { "fid": 1091, "mm_id": 1015175, "name": "ΗΜΕΡΗΣΙΟ ΓΥΜΝΑΣΙΟ ΠΟΜΠΙΑΣ", "name_en": "DAY GYMNASIUM POMPIAS" }, "geometry": { "type": "Point", "coordinates": [ 24.865016, 35.01061 ] } },
{ "type": "Feature", "properties": { "fid": 1092, "mm_id": 1015165, "name": "ΗΜΕΡΗΣΙΟ ΓΥΜΝΑΣΙΟ ΠΡΟΦΗΤΗ ΗΛΙΑ ΗΡΑΚΛΕΙΟΥ", "name_en": "DAY GYMNASIUM PROFITI ILIA IRAKLEIOU" }, "geometry": { "type": "Point", "coordinates": [ 25.100681, 35.209784 ] } },
{ "type": "Feature", "properties": { "fid": 1093, "mm_id": 1015196, "name": "ΗΜΕΡΗΣΙΟ ΓΥΜΝΑΣΙΟ ΠΥΡΓΟΥ ΜΟΝΟΦΑΤΣΙΟΥ", "name_en": "DAY GYMNASIUM PYRGOU MONOFATSIOU" }, "geometry": { "type": "Point", "coordinates": [ 25.15138, 35.007972 ] } },
{ "type": "Feature", "properties": { "fid": 1094, "mm_id": 1015194, "name": "ΗΜΕΡΗΣΙΟ ΓΥΜΝΑΣΙΟ ΤΕΦΕΛΙ ΜΟΝΟΦΑΤΣΙΟΥ ΗΡΑΚΛΕΙΟΥ - ΓΥΜΝΑΣΙΟ ΤΕΦΕΛΙΟΥ", "name_en": "DAY GYMNASIUM TEFELI MONOFATSIOU IRAKLEIOU - GYMNASIUM TEFELIOU" }, "geometry": { "type": "Point", "coordinates": [ 25.159234, 35.094726 ] } },
{ "type": "Feature", "properties": { "fid": 1095, "mm_id": 1015198, "name": "ΗΜΕΡΗΣΙΟ ΓΥΜΝΑΣΙΟ ΤΥΛΙΣΟΥ \"ΙΩΑΝΝΗΣ ΠΕΡΔΙΚΑΡΗΣ\"", "name_en": "DAY GYMNASIUM TYLISOU \"IOANNIS PERDIKARIS\"" }, "geometry": { "type": "Point", "coordinates": [ 25.017868, 35.304775 ] } },
{ "type": "Feature", "properties": { "fid": 1096, "mm_id": 1015181, "name": "ΗΜΕΡΗΣΙΟ ΓΥΜΝΑΣΙΟ ΤΥΜΠΑΚΙΟΥ - ΚΑ: 1713010", "name_en": "DAY GYMNASIUM TYMPAKIOU - KA: 1713010" }, "geometry": { "type": "Point", "coordinates": [ 24.766217, 35.067092 ] } },
{ "type": "Feature", "properties": { "fid": 1097, "mm_id": 1015176, "name": "ΗΜΕΡΗΣΙΟ ΓΥΜΝΑΣΙΟ ΧΑΡΑΚΑ ΗΡΑΚΛΕΙΟΥ", "name_en": "DAY GYMNASIUM CHARAKA IRAKLEIOU" }, "geometry": { "type": "Point", "coordinates": [ 25.119789, 35.015751 ] } },
{ "type": "Feature", "properties": { "fid": 1098, "mm_id": 1021279, "name": "ΙΔΙΩΤΙΚΟ ΓΥΜΝΑΣΙΟ - ΕΚΠΑΙΔΕΥΤΗΡΙΟ \"ΤΟ ΠΑΓΚΡΗΤΙΟΝ\"", "name_en": "PRIVATE GYMNASIUM - EKPAIDEYTIRIO \"TO PAGKRITION\"" }, "geometry": { "type": "Point", "coordinates": [ 25.158373, 35.314504 ] } },
{ "type": "Feature", "properties": { "fid": 1099, "mm_id": 1015208, "name": "ΚΑΛΛΙΤΕΧΝΙΚΟ ΣΧΟΛΕΙΟ ΗΡΑΚΛΕΙΟΥ (ΓΥΜΝΑΣΙΟ ΚΑΙ ΓΕΝΙΚΟ ΛΥΚΕΙΟ)", "name_en": "ART SCHOLEIO IRAKLEIOU (GYMNASIUM KAI GENERAL LYCEUM)" }, "geometry": { "type": "Point", "coordinates": [ 25.282655, 35.326981 ] } },
{ "type": "Feature", "properties": { "fid": 1100, "mm_id": 1015151, "name": "ΜΟΥΣΙΚΟ ΣΧΟΛΕΙΟ ΗΡΑΚΛΕΙΟΥ (ΓΥΜΝΑΣΙΟ ΚΑΙ ΓΕΝΙΚΟ ΛΥΚΕΙΟ)", "name_en": "MUSIC SCHOLEIO IRAKLEIOU (GYMNASIUM KAI GENERAL LYCEUM)" }, "geometry": { "type": "Point", "coordinates": [ 25.283541, 35.327705 ] } },
{ "type": "Feature", "properties": { "fid": 1101, "mm_id": 1015148, "name": "ΠΡΟΤΥΠΟ ΓΥΜΝΑΣΙΟ ΗΡΑΚΛΕΙΟΥ", "name_en": "MODEL GYMNASIUM IRAKLEIOU" }, "geometry": { "type": "Point", "coordinates": [ 25.102762, 35.311155 ] } },
{ "type": "Feature", "properties": { "fid": 1102, "mm_id": 1015593, "name": "1ο ΗΜΕΡΗΣΙΟ ΓΥΜΝΑΣΙΟ ΒΑΠΤΙΣΤΗΣ ΚΙΛΚΙΣ", "name_en": "1st DAY GYMNASIUM VAPTISTIS KILKIS" }, "geometry": { "type": "Point", "coordinates": [ 22.768597, 40.993557 ] } },
{ "type": "Feature", "properties": { "fid": 1103, "mm_id": 1015578, "name": "1ο ΗΜΕΡΗΣΙΟ ΓΥΜΝΑΣΙΟ ΚΙΛΚΙΣ", "name_en": "1st DAY GYMNASIUM KILKIS" }, "geometry": { "type": "Point", "coordinates": [ 22.865857, 40.986016 ] } },
{ "type": "Feature", "properties": { "fid": 1104, "mm_id": 1015595, "name": "1ο ΗΜΕΡΗΣΙΟ ΓΥΜΝΑΣΙΟ ΠΛΑΤΑΝΙΑΣ ΚΙΛΚΙΣ - ΓΥΜΝΑΣΙΟ ΠΛΑΤΑΝΙΑΣ", "name_en": "1st DAY GYMNASIUM PLATANIAS KILKIS - GYMNASIUM PLATANIAS" }, "geometry": { "type": "Point", "coordinates": [ 22.594856, 41.062412 ] } },
{ "type": "Feature", "properties": { "fid": 1105, "mm_id": 1015587, "name": "1ο ΗΜΕΡΗΣΙΟ ΓΥΜΝΑΣΙΟ ΠΟΛΥΚΑΣΤΡΟ ΚΙΛΚΙΣ", "name_en": "1st DAY GYMNASIUM POLYKASTRO KILKIS" }, "geometry": { "type": "Point", "coordinates": [ 22.570687, 40.996783 ] } },
{ "type": "Feature", "properties": { "fid": 1106, "mm_id": 1015579, "name": "2ο ΠΕΙΡΑΜΑΤΙΚΟ ΓΥΜΝΑΣΙΟ ΚΙΛΚΙΣ", "name_en": "2nd EXPERIMENTAL GYMNASIUM KILKIS" }, "geometry": { "type": "Point", "coordinates": [ 22.880824, 40.997515 ] } },
{ "type": "Feature", "properties": { "fid": 1107, "mm_id": 1015580, "name": "3ο Ημερήσιο  Γυμνάσιο  Κιλκίς", "name_en": "3rd Day  GYMNASIUM  Kilkis" }, "geometry": { "type": "Point", "coordinates": [ 22.867643, 41.000792 ] } },
{ "type": "Feature", "properties": { "fid": 1108, "mm_id": 1026658, "name": "ΕΝΙΑΙΟ ΕΙΔΙΚΟ ΕΠΑΓΓΕΛΜΑΤΙΚΟ ΓΥΜΝΑΣΙΟ-ΛΥΚΕΙΟ (ΕΝ.Ε.Ε.ΓΥ.-Λ.) ΚΙΛΚΙΣ", "name_en": "UNIFIED SPECIAL VOCATIONAL GYMNASIUM-LYCEUM (EN.E.E.GY.-L.) KILKIS" }, "geometry": { "type": "Point", "coordinates": [ 22.885853, 40.991391 ] } },
{ "type": "Feature", "properties": { "fid": 1109, "mm_id": 1015581, "name": "ΕΣΠΕΡΙΝΟ ΓΥΜΝΑΣΙΟ ΚΙΛΚΙΣ", "name_en": "EVENING GYMNASIUM KILKIS" }, "geometry": { "type": "Point", "coordinates": [ 22.884414, 40.990711 ] } },
{ "type": "Feature", "properties": { "fid": 1110, "mm_id": 1015583, "name": "ΗΜΕΡΗΣΙΟ ΓΥΜΝΑΣΙΟ ΑΞΙΟΥΠΟΛΗΣ ΚΙΛΚΙΣ", "name_en": "DAY GYMNASIUM AXIOUPOLIS KILKIS" }, "geometry": { "type": "Point", "coordinates": [ 22.535754, 40.986545 ] } },
{ "type": "Feature", "properties": { "fid": 1111, "mm_id": 1015584, "name": "ΗΜΕΡΗΣΙΟ ΓΥΜΝΑΣΙΟ ΓΟΥΜΕΝΙΣΣΑΣ ΚΙΛΚΙΣ", "name_en": "DAY GYMNASIUM GOUMENISSAS KILKIS" }, "geometry": { "type": "Point", "coordinates": [ 22.45013, 40.950578 ] } },
{ "type": "Feature", "properties": { "fid": 1112, "mm_id": 1015591, "name": "ΗΜΕΡΗΣΙΟ ΓΥΜΝΑΣΙΟ ΕΥΚΑΡΠΙΑΣ ΚΙΛΚΙΣ", "name_en": "DAY GYMNASIUM EYKARPIAS KILKIS" }, "geometry": { "type": "Point", "coordinates": [ 22.90815, 41.079442 ] } },
{ "type": "Feature", "properties": { "fid": 1113, "mm_id": 1015588, "name": "ΗΜΕΡΗΣΙΟ ΓΥΜΝΑΣΙΟ ΕΥΡΩΠΟΥ ΚΙΛΚΙΣ", "name_en": "DAY GYMNASIUM EYROPOU KILKIS" }, "geometry": { "type": "Point", "coordinates": [ 22.548159, 40.894929 ] } },
{ "type": "Feature", "properties": { "fid": 1114, "mm_id": 1015590, "name": "ΗΜΕΡΗΣΙΟ ΓΥΜΝΑΣΙΟ ΚΑΜΠΑΝΗΣ ΚΙΛΚΙΣ", "name_en": "DAY GYMNASIUM KAMPANIS KILKIS" }, "geometry": { "type": "Point", "coordinates": [ 22.916984, 40.896497 ] } },
{ "type": "Feature", "properties": { "fid": 1115, "mm_id": 1015594, "name": "ΗΜΕΡΗΣΙΟ ΓΥΜΝΑΣΙΟ ΝΕΟΥ ΑΓΙΟΝΕΡΙΟΥ", "name_en": "DAY GYMNASIUM NEOU AGIONERIOU" }, "geometry": { "type": "Point", "coordinates": [ 22.707943, 40.812953 ] } },
{ "type": "Feature", "properties": { "fid": 1116, "mm_id": 1015589, "name": "ΗΜΕΡΗΣΙΟ ΓΥΜΝΑΣΙΟ ΝΕΟΥ ΓΥΝΑΙΚΟΚΑΣΤΡΟΥ ΚΙΛΚΙΣ", "name_en": "DAY GYMNASIUM NEOU GYNAIKOKASTROU KILKIS" }, "geometry": { "type": "Point", "coordinates": [ 22.750231, 40.914804 ] } },
{ "type": "Feature", "properties": { "fid": 1117, "mm_id": 1015586, "name": "ΗΜΕΡΗΣΙΟ ΓΥΜΝΑΣΙΟ Σ.Σ ΜΟΥΡΙΩΝ ΚΙΛΚΙΣ - Σ.Σ. ΜΟΥΡΙΩΝ", "name_en": "DAY GYMNASIUM S.S MOURION KILKIS - S.S. MOURION" }, "geometry": { "type": "Point", "coordinates": [ 22.839919, 41.26146 ] } },
{ "type": "Feature", "properties": { "fid": 1118, "mm_id": 1015585, "name": "ΗΜΕΡΗΣΙΟ ΓΥΜΝΑΣΙΟ ΧΕΡΣΟΥ ΚΙΛΚΙΣ", "name_en": "DAY GYMNASIUM CHERSOU KILKIS" }, "geometry": { "type": "Point", "coordinates": [ 22.780241, 41.088624 ] } },
{ "type": "Feature", "properties": { "fid": 1119, "mm_id": 1012149, "name": "ΓΥΜΝΑΣΙΟ ΑΡΧΙΛΟΧΟΥ ΠΑΡΟΥ", "name_en": "GYMNASIUM ARCHILOCHOU PAROU" }, "geometry": { "type": "Point", "coordinates": [ 25.24789, 37.050795 ] } },
{ "type": "Feature", "properties": { "fid": 1120, "mm_id": 1001104, "name": "ΓΥΜΝΑΣΙΟ Λ.Τ. ΑΝΤΙΠΑΡΟΥ", "name_en": "GYMNASIUM L.C. ANTIPAROU" }, "geometry": { "type": "Point", "coordinates": [ 25.081415, 37.04034 ] } },
{ "type": "Feature", "properties": { "fid": 1121, "mm_id": 1018226, "name": "ΓΥΜΝΑΣΙΟ ΝΑΟΥΣΑΣ ΠΑΡΟΥ", "name_en": "GYMNASIUM NAOUSAS PAROU" }, "geometry": { "type": "Point", "coordinates": [ 25.23717, 37.119133 ] } },
{ "type": "Feature", "properties": { "fid": 1122, "mm_id": 1013034, "name": "ΓΥΜΝΑΣΙΟ ΠΑΡΟΥ", "name_en": "GYMNASIUM PAROU" }, "geometry": { "type": "Point", "coordinates": [ 25.152933, 37.083991 ] } },
{ "type": "Feature", "properties": { "fid": 1123, "mm_id": 1026343, "name": "Ενιαίο Ειδικό Επαγγελματικό Γυμνάσιο- Λύκειο (ΕΝ.Ε.Ε.ΓΥ.-Λ.) Πάρου", "name_en": "Unified Special Vocational GYMNASIUM- LYCEUM (EN.E.E.GY.-L.) Paroy" }, "geometry": { "type": "Point", "coordinates": [ 25.186712, 37.11375 ] } },
{ "type": "Feature", "properties": { "fid": 1124, "mm_id": 1000834, "name": "1ο ΗΜΕΡΗΣΙΟ ΓΥΜΝΑΣΙΟ ΕΡΕΤΡΙΑΣ ΕΥΒΟΙΑΣ", "name_en": "1st DAY GYMNASIUM ERETRIAS EYVOIAS" }, "geometry": { "type": "Point", "coordinates": [ 23.788417, 38.395321 ] } },
{ "type": "Feature", "properties": { "fid": 1125, "mm_id": 1013817, "name": "1ο ΗΜΕΡΗΣΙΟ ΓΥΜΝΑΣΙΟ ΙΣΤΙΑΙΑΣ ΕΥΒΟΙΑΣ", "name_en": "1st DAY GYMNASIUM ISTIAIAS EYVOIAS" }, "geometry": { "type": "Point", "coordinates": [ 23.152714, 38.952855 ] } },
{ "type": "Feature", "properties": { "fid": 1126, "mm_id": 1014217, "name": "1ο ΗΜΕΡΗΣΙΟ ΓΥΜΝΑΣΙΟ ΧΑΛΚΙΔΑΣ ΕΥΒΟΙΑΣ - «ΑΛΕΞΑΝΔΡΟΣ ΠΑΠΑΔΙΑΜΑΝΤΗΣ»", "name_en": "1st DAY GYMNASIUM CHALKIDAS EYVOIAS - «ALEXANDROS PAPADIAMANTIS»" }, "geometry": { "type": "Point", "coordinates": [ 23.599098, 38.468837 ] } },
{ "type": "Feature", "properties": { "fid": 1127, "mm_id": 1013819, "name": "1ο ΗΜΕΡΗΣΙΟ ΓΥΜΝΑΣΙΟ ΩΡΕΩΝ ΑΓΙΟΣ ΙΑΚΩΒΟΣ Ο ΕΝ ΕΥΒΟΙΑ", "name_en": "1st DAY GYMNASIUM OREON AGIOS IAKOVOS O EN EYVOIA" }, "geometry": { "type": "Point", "coordinates": [ 23.092766, 38.950725 ] } },
{ "type": "Feature", "properties": { "fid": 1128, "mm_id": 1000821, "name": "2ο ΗΜΕΡΗΣΙΟ ΓΥΜΝΑΣΙΟ ΧΑΛΚΙΔΑΣ ΕΥΒΟΙΑΣ", "name_en": "2nd DAY GYMNASIUM CHALKIDAS EYVOIAS" }, "geometry": { "type": "Point", "coordinates": [ 23.597304, 38.455721 ] } },
{ "type": "Feature", "properties": { "fid": 1129, "mm_id": 1018792, "name": "3ο ΗΜΕΡΗΣΙΟ ΓΥΜΝΑΣΙΟ ΧΑΛΚΙΔΑΣ ΕΥΒΟΙΑΣ", "name_en": "3rd DAY GYMNASIUM CHALKIDAS EYVOIAS" }, "geometry": { "type": "Point", "coordinates": [ 23.602227, 38.46621 ] } },
{ "type": "Feature", "properties": { "fid": 1130, "mm_id": 1000823, "name": "4ο ΗΜΕΡΗΣΙΟ ΓΥΜΝΑΣΙΟ ΧΑΛΚΙΔΑΣ", "name_en": "4th DAY GYMNASIUM CHALKIDAS" }, "geometry": { "type": "Point", "coordinates": [ 23.59878, 38.459364 ] } },
{ "type": "Feature", "properties": { "fid": 1131, "mm_id": 1013090, "name": "5ο ΠΡΟΤΥΠΟ ΓΥΜΝΑΣΙΟ ΧΑΛΚΙΔΑΣ ΕΥΒΟΙΑΣ", "name_en": "5th MODEL GYMNASIUM CHALKIDAS EYVOIAS" }, "geometry": { "type": "Point", "coordinates": [ 23.607599, 38.466194 ] } },
{ "type": "Feature", "properties": { "fid": 1132, "mm_id": 1000824, "name": "6ο ΗΜΕΡΗΣΙΟ ΓΥΜΝΑΣΙΟ ΧΑΛΚΙΔΑΣ ΕΥΒΟΙΑΣ", "name_en": "6th DAY GYMNASIUM CHALKIDAS EYVOIAS" }, "geometry": { "type": "Point", "coordinates": [ 23.602227, 38.46621 ] } },
{ "type": "Feature", "properties": { "fid": 1133, "mm_id": 1000825, "name": "7ο ΗΜΕΡΗΣΙΟ ΓΥΜΝΑΣΙΟ ΧΑΛΚΙΔΑΣ ΕΥΒΟΙΑΣ", "name_en": "7th DAY GYMNASIUM CHALKIDAS EYVOIAS" }, "geometry": { "type": "Point", "coordinates": [ 23.632181, 38.489744 ] } },
{ "type": "Feature", "properties": { "fid": 1134, "mm_id": 1012413, "name": "ΓΥΜΝΑΣΙΟ ΔΡΟΣΙΑΣ ΕΥΒΟΙΑΣ", "name_en": "GYMNASIUM DROSIAS EYVOIAS" }, "geometry": { "type": "Point", "coordinates": [ 23.552952, 38.483018 ] } },
{ "type": "Feature", "properties": { "fid": 1135, "mm_id": 1012187, "name": "ΓΥΜΝΑΣΙΟ ΚΑΝΗΘΟΥ ΧΑΛΚΙΔΑΣ", "name_en": "GYMNASIUM KANITHOU CHALKIDAS" }, "geometry": { "type": "Point", "coordinates": [ 23.579055, 38.469986 ] } },
{ "type": "Feature", "properties": { "fid": 1136, "mm_id": 1013238, "name": "ΓΥΜΝΑΣΙΟ ΝΕΑΣ ΑΡΤΑΚΗΣ", "name_en": "GYMNASIUM NEAS ARTAKIS" }, "geometry": { "type": "Point", "coordinates": [ 23.640172, 38.508426 ] } },
{ "type": "Feature", "properties": { "fid": 1137, "mm_id": 1000843, "name": "ΕΝΙΑΙΟ ΕΙΔΙΚΟ ΕΠΑΓΓΕΛΜΑΤΙΚΟ ΓΥΜΝΑΣΙΟ - ΛΥΚΕΙΟ ΕΥΒΟΙΑΣ", "name_en": "UNIFIED SPECIAL VOCATIONAL GYMNASIUM - LYCEUM EYVOIAS" }, "geometry": { "type": "Point", "coordinates": [ 23.561959, 38.399905 ] } },
{ "type": "Feature", "properties": { "fid": 1138, "mm_id": 1000822, "name": "ΕΣΠΕΡΙΝΟ ΓΥΜΝΑΣΙΟ ΧΑΛΚΙΔΑΣ", "name_en": "EVENING GYMNASIUM CHALKIDAS" }, "geometry": { "type": "Point", "coordinates": [ 23.602227, 38.46621 ] } },
{ "type": "Feature", "properties": { "fid": 1139, "mm_id": 1013833, "name": "ΗΜΕΡΗΣΙΟ ΓΥΜΝΑΣΙΟ - ΛΥΚΕΙΑΚΕΣ ΤΑΞΕΙΣ ΣΤΥΡΩΝ ΕΥΒΟΙΑΣ", "name_en": "DAY GYMNASIUM - L.C. STYRON EYVOIAS" }, "geometry": { "type": "Point", "coordinates": [ 24.238403, 38.159925 ] } },
{ "type": "Feature", "properties": { "fid": 1140, "mm_id": 1000830, "name": "ΗΜΕΡΗΣΙΟ ΓΥΜΝΑΣΙΟ ΑΛΙΒΕΡΙΟΥ", "name_en": "DAY GYMNASIUM ALIVERIOU" }, "geometry": { "type": "Point", "coordinates": [ 24.033231, 38.407517 ] } },
{ "type": "Feature", "properties": { "fid": 1141, "mm_id": 1000833, "name": "ΗΜΕΡΗΣΙΟ ΓΥΜΝΑΣΙΟ ΑΜΑΡΥΝΘΟΥ ΕΥΒΟΙΑΣ", "name_en": "DAY GYMNASIUM AMARYNTHOU EYVOIAS" }, "geometry": { "type": "Point", "coordinates": [ 23.877108, 38.394182 ] } },
{ "type": "Feature", "properties": { "fid": 1142, "mm_id": 1000831, "name": "ΗΜΕΡΗΣΙΟ ΓΥΜΝΑΣΙΟ ΑΥΛΩΝΑΡΙΟΥ", "name_en": "DAY GYMNASIUM AYLONARIOU" }, "geometry": { "type": "Point", "coordinates": [ 24.12134, 38.503279 ] } },
{ "type": "Feature", "properties": { "fid": 1143, "mm_id": 1018027, "name": "ΗΜΕΡΗΣΙΟ ΓΥΜΝΑΣΙΟ ΒΑΘΕΟΣ ΑΥΛΙΔΑΣ", "name_en": "DAY GYMNASIUM VATHEOS AYLIDAS" }, "geometry": { "type": "Point", "coordinates": [ 23.601935, 38.40334 ] } },
{ "type": "Feature", "properties": { "fid": 1144, "mm_id": 1013031, "name": "ΗΜΕΡΗΣΙΟ ΓΥΜΝΑΣΙΟ ΒΑΣΙΛΙΚΟΥ ΕΥΒΟΙΑΣ", "name_en": "DAY GYMNASIUM VASILIKOU EYVOIAS" }, "geometry": { "type": "Point", "coordinates": [ 23.676766, 38.425262 ] } },
{ "type": "Feature", "properties": { "fid": 1145, "mm_id": 1018793, "name": "ΗΜΕΡΗΣΙΟ ΓΥΜΝΑΣΙΟ ΓΥΜΝΟΥ ΕΥΒΟΙΑΣ", "name_en": "DAY GYMNASIUM GYMNOU EYVOIAS" }, "geometry": { "type": "Point", "coordinates": [ 23.885133, 38.445147 ] } },
{ "type": "Feature", "properties": { "fid": 1146, "mm_id": 1000837, "name": "ΗΜΕΡΗΣΙΟ ΓΥΜΝΑΣΙΟ ΚΑΘΕΝΩΝ ΕΥΒΟΙΑΣ", "name_en": "DAY GYMNASIUM KATHENON EYVOIAS" }, "geometry": { "type": "Point", "coordinates": [ 23.77326, 38.57294 ] } },
{ "type": "Feature", "properties": { "fid": 1147, "mm_id": 1013818, "name": "ΗΜΕΡΗΣΙΟ ΓΥΜΝΑΣΙΟ ΚΑΙ ΤΡΕΙΣ ΛΥΚΕΙΑΚΕΣ ΤΑΞΕΙΣ ΓΟΥΒΩΝ ΕΥΒΟΙΑΣ - «ΓΕΩΡΓΙΟΣ ΔΡΟΣΙΝΗΣ»", "name_en": "DAY GYMNASIUM KAI TREIS L.C. GOUVON EYVOIAS - «GEORGIOS DROSINIS»" }, "geometry": { "type": "Point", "coordinates": [ 23.247091, 39.00673 ] } },
{ "type": "Feature", "properties": { "fid": 1148, "mm_id": 1013821, "name": "ΗΜΕΡΗΣΙΟ ΓΥΜΝΑΣΙΟ ΚΑΡΥΣΤΟΥ ΕΥΒΟΙΑΣ", "name_en": "DAY GYMNASIUM KARYSTOU EYVOIAS" }, "geometry": { "type": "Point", "coordinates": [ 24.422803, 38.020139 ] } },
{ "type": "Feature", "properties": { "fid": 1149, "mm_id": 1013823, "name": "ΗΜΕΡΗΣΙΟ ΓΥΜΝΑΣΙΟ ΚΟΝΙΣΤΡΩΝ", "name_en": "DAY GYMNASIUM KONISTRON" }, "geometry": { "type": "Point", "coordinates": [ 24.025014, 38.547055 ] } },
{ "type": "Feature", "properties": { "fid": 1150, "mm_id": 1013835, "name": "ΗΜΕΡΗΣΙΟ ΓΥΜΝΑΣΙΟ ΚΡΙΕΖΩΝ", "name_en": "DAY GYMNASIUM KRIEZON" }, "geometry": { "type": "Point", "coordinates": [ 24.136429, 38.39384 ] } },
{ "type": "Feature", "properties": { "fid": 1151, "mm_id": 1013822, "name": "ΗΜΕΡΗΣΙΟ ΓΥΜΝΑΣΙΟ ΚΥΜΗΣ ΕΥΒΟΙΑΣ", "name_en": "DAY GYMNASIUM KYMIS EYVOIAS" }, "geometry": { "type": "Point", "coordinates": [ 24.10832, 38.635334 ] } },
{ "type": "Feature", "properties": { "fid": 1152, "mm_id": 1013825, "name": "ΗΜΕΡΗΣΙΟ ΓΥΜΝΑΣΙΟ ΛΙΜΝΗΣ ΕΥΒΟΙΑΣ", "name_en": "DAY GYMNASIUM LIMNIS EYVOIAS" }, "geometry": { "type": "Point", "coordinates": [ 23.326327, 38.763054 ] } },
{ "type": "Feature", "properties": { "fid": 1153, "mm_id": 1013826, "name": "ΗΜΕΡΗΣΙΟ ΓΥΜΝΑΣΙΟ ΛΟΥΤΡΩΝ ΑΙΔΗΨΟΥ ΕΥΒΟΙΑΣ", "name_en": "DAY GYMNASIUM LOUTRON AIDIPSOU EYVOIAS" }, "geometry": { "type": "Point", "coordinates": [ 23.045772, 38.859725 ] } },
{ "type": "Feature", "properties": { "fid": 1154, "mm_id": 1015689, "name": "ΓΥΜΝΑΣΙΟ ΒΕΛΟΥ ΚΟΡΙΝΘΙΑΣ", "name_en": "GYMNASIUM VELOU KORINTHIAS" }, "geometry": { "type": "Point", "coordinates": [ 22.767636, 37.976262 ] } },
{ "type": "Feature", "properties": { "fid": 1155, "mm_id": 1027283, "name": "ΕΝΙΑΙΟ ΕΙΔΙΚΟ ΕΠΑΓΓΕΛΜΑΤΙΚΟ ΓΥΜΝΑΣΙΟ (ΕΝ.Ε.Ε.ΓΥ.-Λ.) ΑΡΧΑΓΓΕΛΟΥ", "name_en": "UNIFIED SPECIAL VOCATIONAL GYMNASIUM (EN.E.E.GY.-L.) ARCHAGGELOU" }, "geometry": { "type": "Point", "coordinates": [ 28.116945, 36.215507 ] } },
{ "type": "Feature", "properties": { "fid": 1156, "mm_id": 1016081, "name": "ΗΜΕΡΗΣΙΟ ΓΥΜΝΑΣΙΟ ΦΟΥΣΤΑΝΗΣ", "name_en": "DAY GYMNASIUM FOUSTANIS" }, "geometry": { "type": "Point", "coordinates": [ 22.169997, 41.055588 ] } },
{ "type": "Feature", "properties": { "fid": 1157, "mm_id": 1016161, "name": "4ο ΓΥΜΝΑΣΙΟ ΠΡΕΒΕΖΑΣ", "name_en": "4th GYMNASIUM PREVEZAS" }, "geometry": { "type": "Point", "coordinates": [ 20.739555, 38.958388 ] } },
{ "type": "Feature", "properties": { "fid": 1158, "mm_id": 1015062, "name": "ΗΜΕΡΗΣΙΟ ΓΥΜΝΑΣΙΟ ΒΑΡΔΑ ΗΛΕΙΑΣ - ΓΥΜΝΑΣΙΟ ΒΑΡΔΑΣ", "name_en": "DAY GYMNASIUM VARDA ILEIAS - GYMNASIUM VARDAS" }, "geometry": { "type": "Point", "coordinates": [ 21.36812, 38.031676 ] } },
{ "type": "Feature", "properties": { "fid": 1159, "mm_id": 1015055, "name": "ΗΜΕΡΗΣΙΟ ΓΥΜΝΑΣΙΟ ΛΑΛΑΣ ΗΛΕΙΑΣ", "name_en": "DAY GYMNASIUM LALAS ILEIAS" }, "geometry": { "type": "Point", "coordinates": [ 21.715874, 37.709478 ] } },
{ "type": "Feature", "properties": { "fid": 1160, "mm_id": 1011976, "name": "ΗΜΕΡΗΣΙΟ ΓΥΜΝΑΣΙΟ ΜΑΚΡΥΚΑΠΑΣ ΕΥΒΟΙΑΣ", "name_en": "DAY GYMNASIUM MAKRYKAPAS EYVOIAS" }, "geometry": { "type": "Point", "coordinates": [ 23.744511, 38.607583 ] } },
{ "type": "Feature", "properties": { "fid": 1161, "mm_id": 1013829, "name": "ΗΜΕΡΗΣΙΟ ΓΥΜΝΑΣΙΟ ΜΑΝΤΟΥΔΙΟΥ", "name_en": "DAY GYMNASIUM MANTOUDIOU" }, "geometry": { "type": "Point", "coordinates": [ 23.476874, 38.798721 ] } },
{ "type": "Feature", "properties": { "fid": 1162, "mm_id": 1013834, "name": "ΗΜΕΡΗΣΙΟ ΓΥΜΝΑΣΙΟ ΜΑΡΜΑΡΙΟΥ ΕΥΒΟΙΑΣ", "name_en": "DAY GYMNASIUM MARMARIOU EYVOIAS" }, "geometry": { "type": "Point", "coordinates": [ 24.322909, 38.04769 ] } },
{ "type": "Feature", "properties": { "fid": 1163, "mm_id": 1000826, "name": "ΗΜΕΡΗΣΙΟ ΓΥΜΝΑΣΙΟ ΝΕΑΣ ΛΑΜΨΑΚΟΥ - ΑΝΑΞΑΓΟΡΕΙΟ", "name_en": "DAY GYMNASIUM NEAS LAMPSAKOU - ANAXAGOREIO" }, "geometry": { "type": "Point", "coordinates": [ 23.628491, 38.432023 ] } },
{ "type": "Feature", "properties": { "fid": 1164, "mm_id": 1013830, "name": "ΗΜΕΡΗΣΙΟ ΓΥΜΝΑΣΙΟ ΠΡΟΚΟΠΙΟΥ ΕΥΒΟΙΑΣ - «Όσιος Ιωάννης ο Ρώσος»", "name_en": "DAY GYMNASIUM PROKOPIOU EYVOIAS - «Όsios Ioannis o Rosos»" }, "geometry": { "type": "Point", "coordinates": [ 23.495886, 38.734694 ] } },
{ "type": "Feature", "properties": { "fid": 1165, "mm_id": 1013832, "name": "ΗΜΕΡΗΣΙΟ ΓΥΜΝΑΣΙΟ ΣΚΥΡΟΥ", "name_en": "DAY GYMNASIUM SKYROU" }, "geometry": { "type": "Point", "coordinates": [ 24.561966, 38.902126 ] } },
{ "type": "Feature", "properties": { "fid": 1166, "mm_id": 1000836, "name": "ΗΜΕΡΗΣΙΟ ΓΥΜΝΑΣΙΟ ΣΤΕΝΗΣ ΕΥΒΟΙΑΣ", "name_en": "DAY GYMNASIUM STENIS EYVOIAS" }, "geometry": { "type": "Point", "coordinates": [ 23.837578, 38.58411 ] } },
{ "type": "Feature", "properties": { "fid": 1167, "mm_id": 1000828, "name": "ΗΜΕΡΗΣΙΟ ΓΥΜΝΑΣΙΟ ΨΑΧΝΩΝ ΕΥΒΟΙΑΣ", "name_en": "DAY GYMNASIUM PSACHNON EYVOIAS" }, "geometry": { "type": "Point", "coordinates": [ 23.643164, 38.579814 ] } },
{ "type": "Feature", "properties": { "fid": 1168, "mm_id": 1024302, "name": "ΜΟΥΣΙΚΟ ΓΥΜΝΑΣΙΟ ΧΑΛΚΙΔΑΣ ΜΕ Λ.Τ. \"ΝΙΚΟΣ ΣΚΑΛΚΩΤΑΣ\"", "name_en": "MUSIC GYMNASIUM CHALKIDAS WITH L.C. \"NIKOS SKALKOTAS\"" }, "geometry": { "type": "Point", "coordinates": [ 23.596828, 38.384963 ] } },
{ "type": "Feature", "properties": { "fid": 1169, "mm_id": 1000775, "name": "1ο ΗΜΕΡΗΣΙΟ ΓΥΜΝΑΣΙΟ ΚΩ - ΙΠΠΟΚΡΑΤΕΙΟ", "name_en": "1st DAY GYMNASIUM KO - IPPOKRATEIO" }, "geometry": { "type": "Point", "coordinates": [ 27.296103, 36.887748 ] } },
{ "type": "Feature", "properties": { "fid": 1170, "mm_id": 1000776, "name": "2ο ΗΜΕΡΗΣΙΟ ΓΥΜΝΑΣΙΟ ΚΩ - ΙΠΠΟΚΡΑΤΕΙΟ", "name_en": "2nd DAY GYMNASIUM KO - IPPOKRATEIO" }, "geometry": { "type": "Point", "coordinates": [ 27.281645, 36.908674 ] } },
{ "type": "Feature", "properties": { "fid": 1171, "mm_id": 1026825, "name": "3ο ΗΜΕΡΗΣΙΟ ΓΥΜΝΑΣΙΟ ΚΩ", "name_en": "3rd DAY GYMNASIUM KO" }, "geometry": { "type": "Point", "coordinates": [ 27.296187, 36.886421 ] } },
{ "type": "Feature", "properties": { "fid": 1172, "mm_id": 1017849, "name": "ΕΣΠΕΡΙΝΟ ΓΥΜΝΑΣΙΟ Λ.Τ. ΚΩ", "name_en": "EVENING GYMNASIUM L.C. KO" }, "geometry": { "type": "Point", "coordinates": [ 27.279635, 36.893011 ] } },
{ "type": "Feature", "properties": { "fid": 1173, "mm_id": 1018789, "name": "ΗΜΕΡΗΣΙΟ ΓΥΜΝΑΣΙΟ ΑΝΤΙΜΑΧΕΙΑΣ", "name_en": "DAY GYMNASIUM ANTIMACHEIAS" }, "geometry": { "type": "Point", "coordinates": [ 27.088145, 36.804353 ] } },
{ "type": "Feature", "properties": { "fid": 1174, "mm_id": 1000778, "name": "ΗΜΕΡΗΣΙΟ ΓΥΜΝΑΣΙΟ ΖΗΠΑΡΙΟΥ", "name_en": "DAY GYMNASIUM ZIPARIOU" }, "geometry": { "type": "Point", "coordinates": [ 27.207699, 36.874101 ] } },
{ "type": "Feature", "properties": { "fid": 1175, "mm_id": 1000777, "name": "ΗΜΕΡΗΣΙΟ ΓΥΜΝΑΣΙΟ ΚΕΦΑΛΟΥ", "name_en": "DAY GYMNASIUM KEFALOU" }, "geometry": { "type": "Point", "coordinates": [ 26.959221, 36.742017 ] } },
{ "type": "Feature", "properties": { "fid": 1176, "mm_id": 1000791, "name": "ΗΜΕΡΗΣΙΟ ΓΥΜΝΑΣΙΟ με ΛΥΚΕΙΑΚΕΣ ΤΑΞΕΙΣ ΝΙΣΥΡΟΥ", "name_en": "DAY GYMNASIUM with L.C. NISYROU" }, "geometry": { "type": "Point", "coordinates": [ 27.13325, 36.609649 ] } },
{ "type": "Feature", "properties": { "fid": 1177, "mm_id": 1016191, "name": "1ο ΗΜΕΡΗΣΙΟ ΓΥΜΝΑΣΙΟ ΡΕΘΥΜΝΟΥ", "name_en": "1st DAY GYMNASIUM RETHYMNOU" }, "geometry": { "type": "Point", "coordinates": [ 24.468645, 35.363543 ] } },
{ "type": "Feature", "properties": { "fid": 1178, "mm_id": 1016192, "name": "2ο ΗΜΕΡΗΣΙΟ ΓΥΜΝΑΣΙΟ ΡΕΘΥΜΝΟΥ", "name_en": "2nd DAY GYMNASIUM RETHYMNOU" }, "geometry": { "type": "Point", "coordinates": [ 24.480845, 35.362458 ] } },
{ "type": "Feature", "properties": { "fid": 1179, "mm_id": 1016193, "name": "3ο ΗΜΕΡΗΣΙΟ ΓΥΜΝΑΣΙΟ ΡΕΘΥΜΝΟΥ", "name_en": "3rd DAY GYMNASIUM RETHYMNOU" }, "geometry": { "type": "Point", "coordinates": [ 24.475143, 35.366036 ] } },
{ "type": "Feature", "properties": { "fid": 1180, "mm_id": 1016194, "name": "4ο ΗΜΕΡΗΣΙΟ ΓΥΜΝΑΣΙΟ ΡΕΘΥΜΝΟΥ", "name_en": "4th DAY GYMNASIUM RETHYMNOU" }, "geometry": { "type": "Point", "coordinates": [ 24.511734, 35.365743 ] } },
{ "type": "Feature", "properties": { "fid": 1181, "mm_id": 1016214, "name": "5ο ΗΜΕΡΗΣΙΟ ΓΥΜΝΑΣΙΟ ΡΕΘΥΜΝΟΥ - ΑΡΣΑΝΙΟ ΓΥΜΝΑΣΙΟ", "name_en": "5th DAY GYMNASIUM RETHYMNOU - ARSANIO GYMNASIUM" }, "geometry": { "type": "Point", "coordinates": [ 24.587365, 35.382338 ] } },
{ "type": "Feature", "properties": { "fid": 1182, "mm_id": 1025279, "name": "Ενιαίο Ειδικό Επαγγελματικό Γυμνάσιο -Λύκειο ΡΕΘΥΜΝΗΣ", "name_en": "Unified Special Vocational GYMNASIUM -LYCEUM RETHYMNIS" }, "geometry": { "type": "Point", "coordinates": [ 24.445191, 35.364235 ] } },
{ "type": "Feature", "properties": { "fid": 1183, "mm_id": 1016198, "name": "ΗΜΕΡΗΣΙΟ ΓΥΜΝΑΣΙΟ ΑΝΩΓΕΙΩΝ ΡΕΘΥΜΝΟΥ - ΣΤΑΥΡΑΚΕΙΟ", "name_en": "DAY GYMNASIUM ANOGEION RETHYMNOU - STAYRAKEIO" }, "geometry": { "type": "Point", "coordinates": [ 24.880799, 35.292058 ] } },
{ "type": "Feature", "properties": { "fid": 1184, "mm_id": 1016212, "name": "ΗΜΕΡΗΣΙΟ ΓΥΜΝΑΣΙΟ ΑΤΣΙΠΟΠΟΥΛΟΥ - ΓΥΜΝΑΣΙΟ ΑΤΣΙΠΟΠΟΥΛΟΥ", "name_en": "DAY GYMNASIUM ATSIPOPOULOU - GYMNASIUM ATSIPOPOULOU" }, "geometry": { "type": "Point", "coordinates": [ 24.436412, 35.344596 ] } },
{ "type": "Feature", "properties": { "fid": 1185, "mm_id": 1016210, "name": "ΗΜΕΡΗΣΙΟ ΓΥΜΝΑΣΙΟ ΓΑΡΑΖΟΥ ΡΕΘΥΜΝΟΥ - ΓΥΜΝΑΣΙΟ ΓΑΡΑΖΟΥ", "name_en": "DAY GYMNASIUM GARAZOU RETHYMNOU - GYMNASIUM GARAZOU" }, "geometry": { "type": "Point", "coordinates": [ 24.783431, 35.343704 ] } },
{ "type": "Feature", "properties": { "fid": 1186, "mm_id": 1016199, "name": "ΗΜΕΡΗΣΙΟ ΓΥΜΝΑΣΙΟ ΕΠΙΣΚΟΠΗΣ ΡΕΘΥΜΝΟΥ - ΓΥΜΝΑΣΙΟ ΕΠΙΣΚΟΠΗΣ", "name_en": "DAY GYMNASIUM EPISKOPIS RETHYMNOU - GYMNASIUM EPISKOPIS" }, "geometry": { "type": "Point", "coordinates": [ 24.336739, 35.322868 ] } },
{ "type": "Feature", "properties": { "fid": 1187, "mm_id": 1016206, "name": "ΗΜΕΡΗΣΙΟ ΓΥΜΝΑΣΙΟ ΚΟΞΑΡΕΣ", "name_en": "DAY GYMNASIUM KOXARES" }, "geometry": { "type": "Point", "coordinates": [ 24.466295, 35.22476 ] } },
{ "type": "Feature", "properties": { "fid": 1188, "mm_id": 1016211, "name": "ΗΜΕΡΗΣΙΟ ΓΥΜΝΑΣΙΟ ΚΡΑΝΑΣ ΡΕΘΥΜΝΟΥ", "name_en": "DAY GYMNASIUM KRANAS RETHYMNOU" }, "geometry": { "type": "Point", "coordinates": [ 24.812949, 35.300691 ] } },
{ "type": "Feature", "properties": { "fid": 1189, "mm_id": 1016201, "name": "ΗΜΕΡΗΣΙΟ ΓΥΜΝΑΣΙΟ ΠΑΝΟΡΜΟΥ ΡΕΘΥΜΝΟΥ", "name_en": "DAY GYMNASIUM PANORMOU RETHYMNOU" }, "geometry": { "type": "Point", "coordinates": [ 24.688537, 35.416631 ] } },
{ "type": "Feature", "properties": { "fid": 1190, "mm_id": 1016202, "name": "ΗΜΕΡΗΣΙΟ ΓΥΜΝΑΣΙΟ ΠΕΡΑΜΑΤΟΣ ΡΕΘΥΜΝΟΥ", "name_en": "DAY GYMNASIUM PERAMATOS RETHYMNOU" }, "geometry": { "type": "Point", "coordinates": [ 24.702521, 35.368356 ] } },
{ "type": "Feature", "properties": { "fid": 1191, "mm_id": 1016205, "name": "ΗΜΕΡΗΣΙΟ ΓΥΜΝΑΣΙΟ ΣΠΗΛΙΟΥ", "name_en": "DAY GYMNASIUM SPILIOU" }, "geometry": { "type": "Point", "coordinates": [ 24.531398, 35.22022 ] } },
{ "type": "Feature", "properties": { "fid": 1192, "mm_id": 1016213, "name": "ΗΜΕΡΗΣΙΟ ΓΥΜΝΑΣΙΟ ΣΥΒΡΙΤΟΥ ΡΕΘΥΜΝΟΥ", "name_en": "DAY GYMNASIUM SYVRITOU RETHYMNOU" }, "geometry": { "type": "Point", "coordinates": [ 24.636028, 35.252231 ] } },
{ "type": "Feature", "properties": { "fid": 1193, "mm_id": 1016209, "name": "ΗΜΕΡΗΣΙΟ ΓΥΜΝΑΣΙΟ ΦΟΥΡΦΟΥΡΑ ΡΕΘΥΜΝΟΥ", "name_en": "DAY GYMNASIUM FOURFOURA RETHYMNOU" }, "geometry": { "type": "Point", "coordinates": [ 24.712755, 35.214558 ] } },
{ "type": "Feature", "properties": { "fid": 1194, "mm_id": 1016196, "name": "ΜΟΥΣΙΚΟ ΓΥΜΝΑΣΙΟ ΡΕΘΥΜΝΟΥ", "name_en": "MUSIC GYMNASIUM RETHYMNOU" }, "geometry": { "type": "Point", "coordinates": [ 24.482362, 35.364389 ] } },
{ "type": "Feature", "properties": { "fid": 1195, "mm_id": 1016195, "name": "ΠΕΙΡΑΜΑΤΙΚΟ ΓΥΜΝΑΣΙΟ ΡΕΘΥΜΝΟΥ ΠΑΝΕΠΙΣΤΗΜΙΟΥ ΚΡΗΤΗΣ", "name_en": "EXPERIMENTAL GYMNASIUM RETHYMNOU PANEPISTIMIOU KRITIS" }, "geometry": { "type": "Point", "coordinates": [ 24.501738, 35.365261 ] } },
{ "type": "Feature", "properties": { "fid": 1196, "mm_id": 1001052, "name": "1ο ΗΜΕΡΗΣΙΟ ΓΥΜΝΑΣΙΟ ΑΡΓΟΣΤΟΛΙΟΥ ΚΕΦΑΛΛΟΝΙΑΣ - ΚΟΡΓΙΑΛΕΝΕΙΟ", "name_en": "1st DAY GYMNASIUM ARGOSTOLIOU KEFALLONIAS - KORGIALENEIO" }, "geometry": { "type": "Point", "coordinates": [ 20.485575, 38.177549 ] } },
{ "type": "Feature", "properties": { "fid": 1197, "mm_id": 1014219, "name": "2ο ΗΜΕΡΗΣΙΟ ΓΥΜΝΑΣΙΟ ΑΡΓΟΣΤΟΛΙΟΥ \"ΙΩΣΗΦ ΜΟΜΦΕΡΡΑΤΟΣ\" (2501020)", "name_en": "2nd DAY GYMNASIUM ARGOSTOLIOU \"IOSIF MOMFERRATOS\" (2501020)" }, "geometry": { "type": "Point", "coordinates": [ 20.485774, 38.18307 ] } },
{ "type": "Feature", "properties": { "fid": 1198, "mm_id": 1013242, "name": "3ο ΗΜΕΡΗΣΙΟ ΓΥΜΝΑΣΙΟ ΑΡΓΟΣΤΟΛΙΟΥ ΚΕΦΑΛΟΝΙΑΣ \"ΡΟΚΚΟΣ ΧΟΪΔΑΣ\"", "name_en": "3rd DAY GYMNASIUM ARGOSTOLIOU KEFALONIAS \"ROKKOS CHOΪDAS\"" }, "geometry": { "type": "Point", "coordinates": [ 20.485609, 38.178614 ] } },
{ "type": "Feature", "properties": { "fid": 1199, "mm_id": 1001058, "name": "ΓΥΜΝΑΣΙΟ ΜΕ ΛΥΚΕΙΑΚΕΣ ΤΑΞΕΙΣ ΜΕΣΟΒΟΥΝΙΩΝ ΚΕΦΑΛΟΝΙΑΣ", "name_en": "GYMNASIUM WITH L.C. MESOVOUNION KEFALONIAS" }, "geometry": { "type": "Point", "coordinates": [ 20.569388, 38.407391 ] } },
{ "type": "Feature", "properties": { "fid": 1200, "mm_id": 1025352, "name": "ΕΝΙΑΙΟ ΕΙΔΙΚΟ ΕΠΑΓΓΕΛΜΑΤΙΚΟ ΓΥΜΝΑΣΙΟ-ΛΥΚΕΙΟ ΚΕΦΑΛΟΝΙΑΣ", "name_en": "UNIFIED SPECIAL VOCATIONAL GYMNASIUM-LYCEUM KEFALONIAS" }, "geometry": { "type": "Point", "coordinates": [ 20.485716, 38.177367 ] } },
{ "type": "Feature", "properties": { "fid": 1201, "mm_id": 1001053, "name": "ΕΣΠΕΡΙΝΟ ΓΥΜΝΑΣΙΟ - ΤΑΞΕΙΣ ΛΥΚΕΙΟΥ ΑΡΓΟΣΤΟΛΙΟΥ", "name_en": "EVENING GYMNASIUM - TAXEIS LYKEIOU ARGOSTOLIOU" }, "geometry": { "type": "Point", "coordinates": [ 20.485344, 38.178509 ] } },
{ "type": "Feature", "properties": { "fid": 1202, "mm_id": 1001054, "name": "ΗΜΕΡΗΣΙΟ ΒΑΛΛΙΑΝΕΙΟ ΓΥΜΝΑΣΙΟ ΚΕΡΑΜΕΙΩΝ ΚΕΦΑΛΟΝΙΑΣ", "name_en": "DAY VALLIANEIO GYMNASIUM KERAMEION KEFALONIAS" }, "geometry": { "type": "Point", "coordinates": [ 20.562305, 38.118698 ] } },
{ "type": "Feature", "properties": { "fid": 1203, "mm_id": 1014220, "name": "ΗΜΕΡΗΣΙΟ ΓΥΜΝΑΣΙΟ  ΛΗΞΟΥΡΙΟΥ-ΠΕΤΡΙΤΣΕΙΟ", "name_en": "DAY GYMNASIUM  LIXOURIOU-PETRITSEIO" }, "geometry": { "type": "Point", "coordinates": [ 20.437531, 38.20342 ] } },
{ "type": "Feature", "properties": { "fid": 1204, "mm_id": 1014290, "name": "ΗΜΕΡΗΣΙΟ ΓΥΜΝΑΣΙΟ ΑΓΙΑΣ ΘΕΚΛΗΣ ΚΕΦΑΛΛΟΝΙΑΣ - ΓΥΜΝΑΣΙΟ ΑΓΙΑΣ ΘΕΚΛΗΣ", "name_en": "DAY GYMNASIUM AGIAS THEKLIS KEFALLONIAS - GYMNASIUM AGIAS THEKLIS" }, "geometry": { "type": "Point", "coordinates": [ 20.38456, 38.245423 ] } },
{ "type": "Feature", "properties": { "fid": 1205, "mm_id": 1014221, "name": "ΗΜΕΡΗΣΙΟ ΓΥΜΝΑΣΙΟ ΠΑΣΤΡΑΣ ΚΕΦΑΛΛΟΝΙΑΣ - ΓΥΜΝΑΣΙΟ ΠΑΣΤΡΑΣ", "name_en": "DAY GYMNASIUM PASTRAS KEFALLONIAS - GYMNASIUM PASTRAS" }, "geometry": { "type": "Point", "coordinates": [ 20.759117, 38.084398 ] } },
{ "type": "Feature", "properties": { "fid": 1206, "mm_id": 1001055, "name": "ΗΜΕΡΗΣΙΟ ΓΥΜΝΑΣΙΟ ΣΑΜΗΣ ΚΕΦΑΛΟΝΙΑΣ - ΓΥΜΝΑΣΙΟ ΣΑΜΗΣ", "name_en": "DAY GYMNASIUM SAMIS KEFALONIAS - GYMNASIUM SAMIS" }, "geometry": { "type": "Point", "coordinates": [ 20.641967, 38.248213 ] } },
{ "type": "Feature", "properties": { "fid": 1207, "mm_id": 1026311, "name": "ΜΟΥΣΙΚΟ ΓΥΜΝΑΣΙΟ ΚΕΦΑΛΟΝΙΑΣ", "name_en": "MUSIC GYMNASIUM KEFALONIAS" }, "geometry": { "type": "Point", "coordinates": [ 20.436071, 38.208036 ] } },
{ "type": "Feature", "properties": { "fid": 1208, "mm_id": 1000740, "name": "\"ΓΥΜΝΑΣΙΟ ΑΝΑΓΕΝΝΗΣΗ\"", "name_en": "\"GYMNASIUM ANAGENNISI\"" }, "geometry": { "type": "Point", "coordinates": [ 21.760799, 38.236174 ] } },
{ "type": "Feature", "properties": { "fid": 1209, "mm_id": 1014710, "name": "10ο ΗΜΕΡΗΣΙΟ ΓΥΜΝΑΣΙΟ ΠΑΤΡΑΣ", "name_en": "10th DAY GYMNASIUM PATRAS" }, "geometry": { "type": "Point", "coordinates": [ 21.736701, 38.216651 ] } },
{ "type": "Feature", "properties": { "fid": 1210, "mm_id": 1017914, "name": "11ο ΗΜΕΡΗΣΙΟ ΓΥΜΝΑΣΙΟ ΠΑΤΡΑΣ - \"Δ. ΣΙΦΑΚΑΚΗΣ\"", "name_en": "11th DAY GYMNASIUM PATRAS - \"D. SIFAKAKIS\"" }, "geometry": { "type": "Point", "coordinates": [ 21.743789, 38.221649 ] } },
{ "type": "Feature", "properties": { "fid": 1211, "mm_id": 1014705, "name": "12ο ΗΜΕΡΗΣΙΟ ΓΥΜΝΑΣΙΟ ΠΑΤΡΩΝ", "name_en": "12th DAY GYMNASIUM PATRON" }, "geometry": { "type": "Point", "coordinates": [ 21.738808, 38.228924 ] } },
{ "type": "Feature", "properties": { "fid": 1212, "mm_id": 1014706, "name": "13ο ΗΜΕΡΗΣΙΟ ΓΥΜΝΑΣΙΟ ΠΑΤΡΑΣ", "name_en": "13th DAY GYMNASIUM PATRAS" }, "geometry": { "type": "Point", "coordinates": [ 21.758233, 38.273157 ] } },
{ "type": "Feature", "properties": { "fid": 1213, "mm_id": 1014718, "name": "14ο ΗΜΕΡΗΣΙΟ ΓΥΜΝΑΣΙΟ ΠΑΤΡΩΝ", "name_en": "14th DAY GYMNASIUM PATRON" }, "geometry": { "type": "Point", "coordinates": [ 21.716729, 38.21114 ] } },
{ "type": "Feature", "properties": { "fid": 1214, "mm_id": 1014719, "name": "15ο ΗΜΕΡΗΣΙΟ ΓΥΜΝΑΣΙΟ ΠΑΤΡΩΝ", "name_en": "15th DAY GYMNASIUM PATRON" }, "geometry": { "type": "Point", "coordinates": [ 21.752831, 38.262168 ] } },
{ "type": "Feature", "properties": { "fid": 1215, "mm_id": 1014720, "name": "16ο ΗΜΕΡΗΣΙΟ ΓΥΜΝΑΣΙΟ ΠΑΤΡΩΝ", "name_en": "16th DAY GYMNASIUM PATRON" }, "geometry": { "type": "Point", "coordinates": [ 21.765653, 38.275358 ] } },
{ "type": "Feature", "properties": { "fid": 1216, "mm_id": 1014721, "name": "17ο ΗΜΕΡΗΣΙΟ ΓΥΜΝΑΣΙΟ ΠΑΤΡΩΝ", "name_en": "17th DAY GYMNASIUM PATRON" }, "geometry": { "type": "Point", "coordinates": [ 21.755023, 38.234396 ] } },
{ "type": "Feature", "properties": { "fid": 1217, "mm_id": 1014722, "name": "18ο ΓΥΜΝΑΣΙΟ ΠΑΤΡΩΝ ΚΑΙ ΤΑΞΕΙΣ ΓΥΜΝΑΣΙΟΥ ΚΑΙ ΛΥΚΕΙΟΥ ΚΩΦΩΝ ΚΑΙ ΒΑΡΗΚΟΩΝ", "name_en": "18th GYMNASIUM PATRON KAI TAXEIS GYMNASIOU KAI LYKEIOU KOFON KAI VARIKOON" }, "geometry": { "type": "Point", "coordinates": [ 21.754578, 38.244083 ] } },
{ "type": "Feature", "properties": { "fid": 1218, "mm_id": 1014726, "name": "19ο ΗΜΕΡΗΣΙΟ ΓΥΜΝΑΣΙΟ ΠΑΤΡΩΝ", "name_en": "19th DAY GYMNASIUM PATRON" }, "geometry": { "type": "Point", "coordinates": [ 21.726035, 38.214293 ] } },
{ "type": "Feature", "properties": { "fid": 1219, "mm_id": 1014716, "name": "1ο ΕΣΠΕΡΙΝΟ ΓΥΜΝΑΣΙΟ ΠΑΤΡΩΝ", "name_en": "1st EVENING GYMNASIUM PATRON" }, "geometry": { "type": "Point", "coordinates": [ 21.739423, 38.248148 ] } },
{ "type": "Feature", "properties": { "fid": 1220, "mm_id": 1014733, "name": "1ο ΗΜΕΡΗΣΙΟ ΓΥΜΝΑΣΙΟ ΑΙΓΙΟΥ", "name_en": "1st DAY GYMNASIUM AIGIOU" }, "geometry": { "type": "Point", "coordinates": [ 22.079248, 38.2514 ] } },
{ "type": "Feature", "properties": { "fid": 1221, "mm_id": 1014758, "name": "1ο ΗΜΕΡΗΣΙΟ ΓΥΜΝΑΣΙΟ ΒΡΑΧΝΑΙΙΚΩΝ", "name_en": "1st DAY GYMNASIUM VRACHNAIIKON" }, "geometry": { "type": "Point", "coordinates": [ 21.671753, 38.164899 ] } },
{ "type": "Feature", "properties": { "fid": 1222, "mm_id": 1014749, "name": "1ο ΗΜΕΡΗΣΙΟ ΓΥΜΝΑΣΙΟ ΜΑΖΑΡΑΚΙΟΥ ΑΧΑΪΑΣ", "name_en": "1st DAY GYMNASIUM MAZARAKIOU ACHAΪAS" }, "geometry": { "type": "Point", "coordinates": [ 21.655568, 38.063978 ] } },
{ "type": "Feature", "properties": { "fid": 1223, "mm_id": 1014724, "name": "1ο ΗΜΕΡΗΣΙΟ ΓΥΜΝΑΣΙΟ ΠΑΡΑΛΙΑΣ ΠΑΤΡΩΝ", "name_en": "1st DAY GYMNASIUM PARALIAS PATRON" }, "geometry": { "type": "Point", "coordinates": [ 21.699764, 38.199453 ] } },
{ "type": "Feature", "properties": { "fid": 1224, "mm_id": 1014701, "name": "1ο ΗΜΕΡΗΣΙΟ ΓΥΜΝΑΣΙΟ ΠΑΤΡΩΝ", "name_en": "1st DAY GYMNASIUM PATRON" }, "geometry": { "type": "Point", "coordinates": [ 21.740685, 38.256728 ] } },
{ "type": "Feature", "properties": { "fid": 1225, "mm_id": 1014727, "name": "20ο ΗΜΕΡΗΣΙΟ ΓΥΜΝΑΣΙΟ ΠΑΤΡΩΝ", "name_en": "20th DAY GYMNASIUM PATRON" }, "geometry": { "type": "Point", "coordinates": [ 21.77304, 38.208713 ] } },
{ "type": "Feature", "properties": { "fid": 1226, "mm_id": 1014728, "name": "21ο ΗΜΕΡΗΣΙΟ ΓΥΜΝΑΣΙΟ ΠΑΤΡΩΝ", "name_en": "21st DAY GYMNASIUM PATRON" }, "geometry": { "type": "Point", "coordinates": [ 21.74944, 38.263543 ] } },
{ "type": "Feature", "properties": { "fid": 1227, "mm_id": 1014734, "name": "2ο ΓΥΜΝΑΣΙΟ ΑΙΓΙΟΥ", "name_en": "2nd GYMNASIUM AIGIOU" }, "geometry": { "type": "Point", "coordinates": [ 22.079808, 38.25151 ] } },
{ "type": "Feature", "properties": { "fid": 1228, "mm_id": 1014717, "name": "2ο ΕΣΠΕΡΙΝΟ ΓΥΜΝΑΣΙΟ ΠΑΤΡΩΝ", "name_en": "2nd EVENING GYMNASIUM PATRON" }, "geometry": { "type": "Point", "coordinates": [ 21.746286, 38.230545 ] } },
{ "type": "Feature", "properties": { "fid": 1229, "mm_id": 1014725, "name": "2ο ΗΜΕΡΗΣΙΟ ΓΥΜΝΑΣΙΟ ΠΑΡΑΛΙΑΣ ΠΑΤΡΩΝ", "name_en": "2nd DAY GYMNASIUM PARALIAS PATRON" }, "geometry": { "type": "Point", "coordinates": [ 21.710604, 38.192165 ] } },
{ "type": "Feature", "properties": { "fid": 1230, "mm_id": 1018025, "name": "2ο ΗΜΕΡΗΣΙΟ ΓΥΜΝΑΣΙΟ ΠΑΤΡΑΣ", "name_en": "2nd DAY GYMNASIUM PATRAS" }, "geometry": { "type": "Point", "coordinates": [ 21.730224, 38.243266 ] } },
{ "type": "Feature", "properties": { "fid": 1231, "mm_id": 1014736, "name": "3ο ΗΜΕΡΗΣΙΟ ΓΥΜΝΑΣΙΟ ΑΙΓΙΟΥ", "name_en": "3rd DAY GYMNASIUM AIGIOU" }, "geometry": { "type": "Point", "coordinates": [ 22.097775, 38.247292 ] } },
{ "type": "Feature", "properties": { "fid": 1232, "mm_id": 1014702, "name": "3ο ΗΜΕΡΗΣΙΟ ΓΥΜΝΑΣΙΟ ΠΑΤΡΩΝ", "name_en": "3rd DAY GYMNASIUM PATRON" }, "geometry": { "type": "Point", "coordinates": [ 21.73529, 38.239688 ] } },
{ "type": "Feature", "properties": { "fid": 1233, "mm_id": 1014737, "name": "4ο ΗΜΕΡΗΣΙΟ ΓΥΜΝΑΣΙΟ ΑΙΓΙΟΥ", "name_en": "4th DAY GYMNASIUM AIGIOU" }, "geometry": { "type": "Point", "coordinates": [ 22.081361, 38.239715 ] } },
{ "type": "Feature", "properties": { "fid": 1234, "mm_id": 1014703, "name": "4ο ΗΜΕΡΗΣΙΟ ΓΥΜΝΑΣΙΟ ΠΑΤΡΑΣ", "name_en": "4th DAY GYMNASIUM PATRAS" }, "geometry": { "type": "Point", "coordinates": [ 21.746537, 38.237251 ] } },
{ "type": "Feature", "properties": { "fid": 1235, "mm_id": 1014712, "name": "5ο ΗΜΕΡΗΣΙΟ ΓΥΜΝΑΣΙΟ ΠΑΤΡΑΣ", "name_en": "5th DAY GYMNASIUM PATRAS" }, "geometry": { "type": "Point", "coordinates": [ 21.746413, 38.237914 ] } },
{ "type": "Feature", "properties": { "fid": 1236, "mm_id": 1014713, "name": "6ο ΗΜΕΡΗΣΙΟ ΓΥΜΝΑΣΙΟ ΠΑΤΡΩΝ", "name_en": "6th DAY GYMNASIUM PATRON" }, "geometry": { "type": "Point", "coordinates": [ 21.741468, 38.257132 ] } },
{ "type": "Feature", "properties": { "fid": 1237, "mm_id": 1014714, "name": "7ο ΗΜΕΡΗΣΙΟ ΓΥΜΝΑΣΙΟ ΠΑΤΡΑΣ", "name_en": "7th DAY GYMNASIUM PATRAS" }, "geometry": { "type": "Point", "coordinates": [ 21.73529, 38.239688 ] } },
{ "type": "Feature", "properties": { "fid": 1238, "mm_id": 1014715, "name": "8ο ΗΜΕΡΗΣΙΟ ΓΥΜΝΑΣΙΟ ΠΑΤΡΩΝ", "name_en": "8th DAY GYMNASIUM PATRON" }, "geometry": { "type": "Point", "coordinates": [ 21.740131, 38.232477 ] } },
{ "type": "Feature", "properties": { "fid": 1239, "mm_id": 1014704, "name": "9ο ΗΜΕΡΗΣΙΟ ΓΥΜΝΑΣΙΟ ΠΑΤΡΩΝ", "name_en": "9th DAY GYMNASIUM PATRON" }, "geometry": { "type": "Point", "coordinates": [ 21.738919, 38.24798 ] } },
{ "type": "Feature", "properties": { "fid": 1240, "mm_id": 1020891, "name": "ΑΡΣΑΚΕΙΟ ΓΥΜΝΑΣΙΟ ΠΑΤΡΑΣ", "name_en": "ARSAKEIO GYMNASIUM PATRAS" }, "geometry": { "type": "Point", "coordinates": [ 21.817915, 38.301428 ] } },
{ "type": "Feature", "properties": { "fid": 1241, "mm_id": 1014732, "name": "ΓΥΜΝΑΣΙΟ ΑΓΙΟΥ ΒΑΣΙΛΕΙΟΥ ΑΧΑΪΑΣ", "name_en": "GYMNASIUM AGIOU VASILEIOU ACHAΪAS" }, "geometry": { "type": "Point", "coordinates": [ 21.816775, 38.304316 ] } },
{ "type": "Feature", "properties": { "fid": 1242, "mm_id": 1014751, "name": "ΓΥΜΝΑΣΙΟ ΑΚΡΑΤΑΣ", "name_en": "GYMNASIUM AKRATAS" }, "geometry": { "type": "Point", "coordinates": [ 22.320986, 38.154618 ] } },
{ "type": "Feature", "properties": { "fid": 1243, "mm_id": 1014779, "name": "ΕΝ.Ε.Ε.ΓΥ.- Λ. ΠΑΤΡΩΝ", "name_en": "EN.E.E.GY.- L. PATRON" }, "geometry": { "type": "Point", "coordinates": [ 21.750094, 38.254997 ] } },
{ "type": "Feature", "properties": { "fid": 1244, "mm_id": 1026896, "name": "Ενιαίο Ειδικό Επαγγελματικό Γυμνάσιο - Λύκειο (ΕΝ.Ε.Ε.ΓΥ.-Λ.) Αιγίου", "name_en": "Unified Special Vocational GYMNASIUM - LYCEUM (EN.E.E.GY.-L.) Aigioy" }, "geometry": { "type": "Point", "coordinates": [ 22.089467, 38.243976 ] } },
{ "type": "Feature", "properties": { "fid": 1245, "mm_id": 1014738, "name": "ΕΣΠΕΡΙΝΟ ΓΥΜΝΑΣΙΟ ΑΙΓΙΟΥ", "name_en": "EVENING GYMNASIUM AIGIOU" }, "geometry": { "type": "Point", "coordinates": [ 22.072205, 38.249532 ] } },
{ "type": "Feature", "properties": { "fid": 1246, "mm_id": 1014756, "name": "ΗΜΕΡΗΣΙΟ ΓΥΜΝΑΣΙΟ - Λ.Τ. ΦΑΡΩΝ ΑΧΑΪΑΣ", "name_en": "DAY GYMNASIUM - L.C. FARON ACHAΪAS" }, "geometry": { "type": "Point", "coordinates": [ 21.716165, 38.090115 ] } },
{ "type": "Feature", "properties": { "fid": 1247, "mm_id": 1014750, "name": "ΗΜΕΡΗΣΙΟ ΓΥΜΝΑΣΙΟ - ΛΥΚΕΙΑΚΕΣ ΤΑΞΕΙΣ ΧΑΛΑΝΔΡΙΤΣΑΣ ΑΧΑΪΑΣ", "name_en": "DAY GYMNASIUM - L.C. CHALANDRITSAS ACHAΪAS" }, "geometry": { "type": "Point", "coordinates": [ 21.779439, 38.108842 ] } },
{ "type": "Feature", "properties": { "fid": 1248, "mm_id": 1014759, "name": "ΗΜΕΡΗΣΙΟ ΓΥΜΝΑΣΙΟ ΑΙΓΕΙΡΑΣ - ΓΥΜΝΑΣΙΟ ΑΙΓΕΙΡΑΣ", "name_en": "DAY GYMNASIUM AIGEIRAS - GYMNASIUM AIGEIRAS" }, "geometry": { "type": "Point", "coordinates": [ 22.35848, 38.148119 ] } },
{ "type": "Feature", "properties": { "fid": 1249, "mm_id": 1014753, "name": "ΗΜΕΡΗΣΙΟ ΓΥΜΝΑΣΙΟ ΔΑΦΝΗ-ΚΑΛΑΒΡΥΤΩΝ - ΓΥΜΝΑΣΙΟ ΔΑΦΝΗΣ ΚΑΛΑΒΡΥΤΩΝ", "name_en": "DAY GYMNASIUM DAFNI-KALAVRYTON - GYMNASIUM DAFNIS KALAVRYTON" }, "geometry": { "type": "Point", "coordinates": [ 22.020444, 37.816005 ] } },
{ "type": "Feature", "properties": { "fid": 1250, "mm_id": 1014711, "name": "ΗΜΕΡΗΣΙΟ ΓΥΜΝΑΣΙΟ ΔΕΜΕΝΙΚΩΝ ΑΧΑΪΑΣ", "name_en": "DAY GYMNASIUM DEMENIKON ACHAΪAS" }, "geometry": { "type": "Point", "coordinates": [ 21.739945, 38.201552 ] } },
{ "type": "Feature", "properties": { "fid": 1251, "mm_id": 1014752, "name": "ΗΜΕΡΗΣΙΟ ΓΥΜΝΑΣΙΟ ΔΙΑΚΟΠΤΟΥ ΑΧΑΪΑΣ", "name_en": "DAY GYMNASIUM DIAKOPTOU ACHAΪAS" }, "geometry": { "type": "Point", "coordinates": [ 22.200309, 38.194323 ] } },
{ "type": "Feature", "properties": { "fid": 1252, "mm_id": 1014745, "name": "ΗΜΕΡΗΣΙΟ ΓΥΜΝΑΣΙΟ ΕΡΥΜΑΝΘΕΙΑΣ ΑΧΑΪΑΣ", "name_en": "DAY GYMNASIUM ERYMANTHEIAS ACHAΪAS" }, "geometry": { "type": "Point", "coordinates": [ 21.72856, 37.98046 ] } },
{ "type": "Feature", "properties": { "fid": 1253, "mm_id": 1014757, "name": "ΗΜΕΡΗΣΙΟ ΓΥΜΝΑΣΙΟ ΚΑΙ ΛΥΚΕΙΑΚΕΣ ΤΑΞΕΙΣ ΡΙΟΛΟΥ ΑΧΑΪΑΣ", "name_en": "DAY GYMNASIUM KAI L.C. RIOLOU ACHAΪAS" }, "geometry": { "type": "Point", "coordinates": [ 21.455633, 38.054242 ] } },
{ "type": "Feature", "properties": { "fid": 1254, "mm_id": 1014740, "name": "ΗΜΕΡΗΣΙΟ ΓΥΜΝΑΣΙΟ ΚΑΛΑΒΡΥΤΩΝ - ΕΥΣΕΒΙΟΣ ΚΗΠΟΥΡΓΟΣ", "name_en": "DAY GYMNASIUM KALAVRYTON - EYSEVIOS KIPOURGOS" }, "geometry": { "type": "Point", "coordinates": [ 22.112509, 38.033957 ] } },
{ "type": "Feature", "properties": { "fid": 1255, "mm_id": 1014735, "name": "ΗΜΕΡΗΣΙΟ ΓΥΜΝΑΣΙΟ ΚΑΜΑΡΩΝ ΑΧΑΪΑΣ", "name_en": "DAY GYMNASIUM KAMARON ACHAΪAS" }, "geometry": { "type": "Point", "coordinates": [ 22.00399, 38.301152 ] } },
{ "type": "Feature", "properties": { "fid": 1256, "mm_id": 1014742, "name": "ΗΜΕΡΗΣΙΟ ΓΥΜΝΑΣΙΟ ΚΑΤΩ ΑΧΑΪΑΣ", "name_en": "DAY GYMNASIUM KATO ACHAΪAS" }, "geometry": { "type": "Point", "coordinates": [ 21.559122, 38.14391 ] } },
{ "type": "Feature", "properties": { "fid": 1257, "mm_id": 1014709, "name": "ΗΜΕΡΗΣΙΟ ΓΥΜΝΑΣΙΟ ΚΑΤΩ ΚΑΣΤΡΙΤΣΙΟΥ", "name_en": "DAY GYMNASIUM KATO KASTRITSIOU" }, "geometry": { "type": "Point", "coordinates": [ 21.789452, 38.279707 ] } },
{ "type": "Feature", "properties": { "fid": 1258, "mm_id": 1014754, "name": "ΗΜΕΡΗΣΙΟ ΓΥΜΝΑΣΙΟ ΚΛΕΙΤΟΡΙΑΣ", "name_en": "DAY GYMNASIUM KLEITORIAS" }, "geometry": { "type": "Point", "coordinates": [ 22.123683, 37.898361 ] } },
{ "type": "Feature", "properties": { "fid": 1259, "mm_id": 1014743, "name": "ΗΜΕΡΗΣΙΟ ΓΥΜΝΑΣΙΟ ΛΑΚΚΟΠΕΤΡΑΣ ΑΧΑΪΑΣ", "name_en": "DAY GYMNASIUM LAKKOPETRAS ACHAΪAS" }, "geometry": { "type": "Point", "coordinates": [ 21.459675, 38.172377 ] } },
{ "type": "Feature", "properties": { "fid": 1260, "mm_id": 1014746, "name": "ΗΜΕΡΗΣΙΟ ΓΥΜΝΑΣΙΟ ΛΑΠΠΑ ΑΧΑΪΑΣ", "name_en": "DAY GYMNASIUM LAPPA ACHAΪAS" }, "geometry": { "type": "Point", "coordinates": [ 21.419948, 38.093205 ] } },
{ "type": "Feature", "properties": { "fid": 1261, "mm_id": 1014748, "name": "ΗΜΕΡΗΣΙΟ ΓΥΜΝΑΣΙΟ ΛΟΥΣΙΚΩΝ ΑΧΑΪΑΣ", "name_en": "DAY GYMNASIUM LOUSIKON ACHAΪAS" }, "geometry": { "type": "Point", "coordinates": [ 21.596832, 38.109447 ] } },
{ "type": "Feature", "properties": { "fid": 1262, "mm_id": 1014760, "name": "ΗΜΕΡΗΣΙΟ ΓΥΜΝΑΣΙΟ ΟΒΡΥΑΣ ΠΑΤΡΩΝ ΑΧΑΪΑΣ", "name_en": "DAY GYMNASIUM OVRYAS PATRON ACHAΪAS" }, "geometry": { "type": "Point", "coordinates": [ 21.722127, 38.188792 ] } },
{ "type": "Feature", "properties": { "fid": 1263, "mm_id": 1014761, "name": "ΗΜΕΡΗΣΙΟ ΓΥΜΝΑΣΙΟ ΡΙΟΥ ΠΑΤΡΑΣ ΑΧΑΪΑΣ", "name_en": "DAY GYMNASIUM RIOU PATRAS ACHAΪAS" }, "geometry": { "type": "Point", "coordinates": [ 21.786091, 38.300433 ] } },
{ "type": "Feature", "properties": { "fid": 1264, "mm_id": 1014747, "name": "ΗΜΕΡΗΣΙΟ ΓΥΜΝΑΣΙΟ ΣΑΓΑΙΪΚΩΝ ΑΧΑΪΑΣ", "name_en": "DAY GYMNASIUM SAGAIΪKON ACHAΪAS" }, "geometry": { "type": "Point", "coordinates": [ 21.472243, 38.106909 ] } },
{ "type": "Feature", "properties": { "fid": 1265, "mm_id": 1014731, "name": "ΗΜΕΡΗΣΙΟ ΓΥΜΝΑΣΙΟ ΣΑΡΑΒΑΛΙΟΥ ΑΧΑΪΑΣ", "name_en": "DAY GYMNASIUM SARAVALIOU ACHAΪAS" }, "geometry": { "type": "Point", "coordinates": [ 21.752262, 38.193125 ] } },
{ "type": "Feature", "properties": { "fid": 1266, "mm_id": 1014762, "name": "ΗΜΕΡΗΣΙΟ ΓΥΜΝΑΣΙΟ ΣΤΑΥΡΟΔΡΟΜΙΟΥ ΑΧΑΪΑΣ", "name_en": "DAY GYMNASIUM STAYRODROMIOU ACHAΪAS" }, "geometry": { "type": "Point", "coordinates": [ 21.680034, 37.939397 ] } },
{ "type": "Feature", "properties": { "fid": 1267, "mm_id": 1014755, "name": "ΗΜΕΡΗΣΙΟ ΓΥΜΝΑΣΙΟ ΨΩΦΙΔΑΣ ΑΧΑΪΑΣ", "name_en": "DAY GYMNASIUM PSOFIDAS ACHAΪAS" }, "geometry": { "type": "Point", "coordinates": [ 21.889847, 37.868573 ] } },
{ "type": "Feature", "properties": { "fid": 1268, "mm_id": 1027073, "name": "Ιδιωτικό Γυμνάσιο - ΘΕΜΕΛΙΟ SCHOOL", "name_en": "Private GYMNASIUM - THEMELIO SCHOOL" }, "geometry": { "type": "Point", "coordinates": [ 21.764399, 38.276813 ] } },
{ "type": "Feature", "properties": { "fid": 1269, "mm_id": 1014708, "name": "ΜΟΥΣΙΚΟ ΣΧΟΛΕΙΟ ΠΑΤΡΩΝ (ΜΟΥΣΙΚΟ ΓΥΜΝΑΣΙΟ - ΜΟΥΣΙΚΟ ΛΥΚΕΙΟ)", "name_en": "MUSIC SCHOLEIO PATRON (MUSIC GYMNASIUM - MUSIC LYCEUM)" }, "geometry": { "type": "Point", "coordinates": [ 21.763037, 38.223055 ] } },
{ "type": "Feature", "properties": { "fid": 1270, "mm_id": 1014700, "name": "ΠΕΙΡΑΜΑΤΙΚΟ ΓΥΜΝΑΣΙΟ ΠΑΝΕΠΙΣΤΗΜΙΟΥ ΠΑΤΡΩΝ", "name_en": "EXPERIMENTAL GYMNASIUM PANEPISTIMIOU PATRON" }, "geometry": { "type": "Point", "coordinates": [ 21.790771, 38.280558 ] } },
{ "type": "Feature", "properties": { "fid": 1271, "mm_id": 1018917, "name": "ΠΡΟΤΥΠΟ ΓΥΜΝΑΣΙΟ ΠΑΤΡΩΝ", "name_en": "MODEL GYMNASIUM PATRON" }, "geometry": { "type": "Point", "coordinates": [ 21.745852, 38.230358 ] } },
{ "type": "Feature", "properties": { "fid": 1272, "mm_id": 1013827, "name": "ΗΜΕΡΗΣΙΟ ΓΥΜΝΑΣΙΟ ΜΕ ΛΥΚΕΙΑΚΕΣ ΤΑΞΕΙΣ ΑΓΙΑΣ ΑΝΝΑΣ", "name_en": "DAY GYMNASIUM WITH L.C. AGIAS ANNAS" }, "geometry": { "type": "Point", "coordinates": [ 23.399853, 38.859608 ] } }
]
}
